[0.000000] (-) TimerEvent: {}
[0.000550] (challenge_tools_ros) JobQueued: {'identifier': 'challenge_tools_ros', 'dependencies': OrderedDict()}
[0.000596] (ov_core) JobQueued: {'identifier': 'ov_core', 'dependencies': OrderedDict()}
[0.000617] (ov_data) JobQueued: {'identifier': 'ov_data', 'dependencies': OrderedDict()}
[0.000634] (ov_eval) JobQueued: {'identifier': 'ov_eval', 'dependencies': OrderedDict([('ov_core', '/home/subbu/slam_ws/install/ov_core')])}
[0.000674] (ov_init) JobQueued: {'identifier': 'ov_init', 'dependencies': OrderedDict([('ov_core', '/home/subbu/slam_ws/install/ov_core')])}
[0.000965] (ov_msckf) JobQueued: {'identifier': 'ov_msckf', 'dependencies': OrderedDict([('ov_core', '/home/subbu/slam_ws/install/ov_core'), ('ov_init', '/home/subbu/slam_ws/install/ov_init')])}
[0.000996] (challenge_tools_ros) JobStarted: {'identifier': 'challenge_tools_ros'}
[0.011665] (challenge_tools_ros) JobProgress: {'identifier': 'challenge_tools_ros', 'progress': 'cmake'}
[0.014303] (challenge_tools_ros) Command: {'cmd': ['/usr/bin/cmake', '/home/subbu/slam_ws/src/hilti-trimble-slam-challenge-2026', '-DCMAKE_INSTALL_PREFIX=/home/subbu/slam_ws/install/challenge_tools_ros'], 'cwd': '/home/subbu/slam_ws/build/challenge_tools_ros', 'env': OrderedDict([('LESSOPEN', '| /usr/bin/lesspipe %s'), ('LANGUAGE', 'en_US:en'), ('USER', 'subbu'), ('XDG_SESSION_TYPE', 'wayland'), ('SHLVL', '1'), ('LD_LIBRARY_PATH', '/home/subbu/slam_ws/install/ov_init/lib:/home/subbu/slam_ws/install/ov_eval/lib:/home/subbu/slam_ws/install/ov_core/lib:/opt/ros/humble/opt/rviz_ogre_vendor/lib:/opt/ros/humble/lib/x86_64-linux-gnu:/opt/ros/humble/lib'), ('HOME', '/home/subbu'), ('OLDPWD', '/home/subbu/slam_ws/src'), ('DESKTOP_SESSION', 'ubuntu'), ('ROS_PYTHON_VERSION', '3'), ('GNOME_SHELL_SESSION_MODE', 'ubuntu'), ('GTK_MODULES', 'gail:atk-bridge'), ('SYSTEMD_EXEC_PID', '1661'), ('DBUS_SESSION_BUS_ADDRESS', 'unix:path=/run/user/1000/bus'), ('COLORTERM', 'truecolor'), ('IM_CONFIG_PHASE', '1'), ('WAYLAND_DISPLAY', 'wayland-0'), ('COLCON_PREFIX_PATH', '/home/subbu/slam_ws/install'), ('ROS_DISTRO', 'humble'), ('LOGNAME', 'subbu'), ('_', '/usr/bin/colcon'), ('ROS_VERSION', '2'), ('XDG_SESSION_CLASS', 'user'), ('USERNAME', 'subbu'), ('TERM', 'xterm-256color'), ('GNOME_DESKTOP_SESSION_ID', 'this-is-deprecated'), ('ROS_LOCALHOST_ONLY', '0'), ('PATH', '/opt/ros/humble/bin:/usr/local/sbin:/usr/local/bin:/usr/sbin:/usr/bin:/sbin:/bin:/usr/games:/usr/local/games:/snap/bin:/snap/bin'), ('SESSION_MANAGER', 'local/orob-sub-hp:@/tmp/.ICE-unix/1622,unix/orob-sub-hp:/tmp/.ICE-unix/1622'), ('XDG_MENU_PREFIX', 'gnome-'), ('GNOME_TERMINAL_SCREEN', '/org/gnome/Terminal/screen/0797116a_72d7_4743_b7a4_3742ed52e0dd'), ('GNOME_SETUP_DISPLAY', ':1'), ('XDG_RUNTIME_DIR', '/run/user/1000'), ('DISPLAY', ':0'), ('LANG', 'en_US.UTF-8'), ('XDG_CURRENT_DESKTOP', 'ubuntu:GNOME'), ('XMODIFIERS', '@im=ibus'), ('XDG_SESSION_DESKTOP', 'ubuntu'), ('XAUTHORITY', '/run/user/1000/.mutter-Xwaylandauth.ZC8EJ3'), ('LS_COLORS', 'rs=0:di=01;34:ln=01;36:mh=00:pi=40;33:so=01;35:do=01;35:bd=40;33;01:cd=40;33;01:or=40;31;01:mi=00:su=37;41:sg=30;43:ca=30;41:tw=30;42:ow=34;42:st=37;44:ex=01;32:*.tar=01;31:*.tgz=01;31:*.arc=01;31:*.arj=01;31:*.taz=01;31:*.lha=01;31:*.lz4=01;31:*.lzh=01;31:*.lzma=01;31:*.tlz=01;31:*.txz=01;31:*.tzo=01;31:*.t7z=01;31:*.zip=01;31:*.z=01;31:*.dz=01;31:*.gz=01;31:*.lrz=01;31:*.lz=01;31:*.lzo=01;31:*.xz=01;31:*.zst=01;31:*.tzst=01;31:*.bz2=01;31:*.bz=01;31:*.tbz=01;31:*.tbz2=01;31:*.tz=01;31:*.deb=01;31:*.rpm=01;31:*.jar=01;31:*.war=01;31:*.ear=01;31:*.sar=01;31:*.rar=01;31:*.alz=01;31:*.ace=01;31:*.zoo=01;31:*.cpio=01;31:*.7z=01;31:*.rz=01;31:*.cab=01;31:*.wim=01;31:*.swm=01;31:*.dwm=01;31:*.esd=01;31:*.jpg=01;35:*.jpeg=01;35:*.mjpg=01;35:*.mjpeg=01;35:*.gif=01;35:*.bmp=01;35:*.pbm=01;35:*.pgm=01;35:*.ppm=01;35:*.tga=01;35:*.xbm=01;35:*.xpm=01;35:*.tif=01;35:*.tiff=01;35:*.png=01;35:*.svg=01;35:*.svgz=01;35:*.mng=01;35:*.pcx=01;35:*.mov=01;35:*.mpg=01;35:*.mpeg=01;35:*.m2v=01;35:*.mkv=01;35:*.webm=01;35:*.webp=01;35:*.ogm=01;35:*.mp4=01;35:*.m4v=01;35:*.mp4v=01;35:*.vob=01;35:*.qt=01;35:*.nuv=01;35:*.wmv=01;35:*.asf=01;35:*.rm=01;35:*.rmvb=01;35:*.flc=01;35:*.avi=01;35:*.fli=01;35:*.flv=01;35:*.gl=01;35:*.dl=01;35:*.xcf=01;35:*.xwd=01;35:*.yuv=01;35:*.cgm=01;35:*.emf=01;35:*.ogv=01;35:*.ogx=01;35:*.aac=00;36:*.au=00;36:*.flac=00;36:*.m4a=00;36:*.mid=00;36:*.midi=00;36:*.mka=00;36:*.mp3=00;36:*.mpc=00;36:*.ogg=00;36:*.ra=00;36:*.wav=00;36:*.oga=00;36:*.opus=00;36:*.spx=00;36:*.xspf=00;36:'), ('GNOME_TERMINAL_SERVICE', ':1.108'), ('SSH_AGENT_LAUNCHER', 'gnome-keyring'), ('SSH_AUTH_SOCK', '/run/user/1000/keyring/ssh'), ('AMENT_PREFIX_PATH', '/home/subbu/slam_ws/install/ov_init:/home/subbu/slam_ws/install/ov_eval:/home/subbu/slam_ws/install/ov_data:/home/subbu/slam_ws/install/ov_core:/home/subbu/slam_ws/install/challenge_tools_ros:/opt/ros/humble'), ('SHELL', '/bin/bash'), ('QT_ACCESSIBILITY', '1'), ('GDMSESSION', 'ubuntu'), ('LESSCLOSE', '/usr/bin/lesspipe %s %s'), ('QT_IM_MODULE', 'ibus'), ('PWD', '/home/subbu/slam_ws/build/challenge_tools_ros'), ('LC_ALL', 'en_US.UTF-8'), ('XDG_CONFIG_DIRS', '/etc/xdg/xdg-ubuntu:/etc/xdg'), ('XDG_DATA_DIRS', '/usr/share/ubuntu:/usr/local/share/:/usr/share/:/var/lib/snapd/desktop'), ('PYTHONPATH', '/home/subbu/slam_ws/install/challenge_tools_ros/local/lib/python3.10/dist-packages:/opt/ros/humble/lib/python3.10/site-packages:/opt/ros/humble/local/lib/python3.10/dist-packages'), ('COLCON', '1'), ('VTE_VERSION', '6800'), ('CMAKE_PREFIX_PATH', '/home/subbu/slam_ws/install/ov_init:/home/subbu/slam_ws/install/ov_eval:/home/subbu/slam_ws/install/ov_data:/home/subbu/slam_ws/install/ov_core:/home/subbu/slam_ws/install/challenge_tools_ros:/opt/ros/humble')]), 'shell': False}
[0.100187] (-) TimerEvent: {}
[0.121748] (challenge_tools_ros) StdoutLine: {'line': b'-- Found ament_cmake: 1.3.12 (/opt/ros/humble/share/ament_cmake/cmake)\n'}
[0.200277] (-) TimerEvent: {}
[0.265580] (challenge_tools_ros) StdoutLine: {'line': b'-- Override CMake install command with custom implementation using symlinks instead of copying resources\n'}
[0.289351] (challenge_tools_ros) StdoutLine: {'line': b'-- Found cv_bridge: 3.2.1 (/opt/ros/humble/share/cv_bridge/cmake)\n'}
[0.300416] (-) TimerEvent: {}
[0.354201] (challenge_tools_ros) StdoutLine: {'line': b'-- Found rosidl_generator_c: 3.1.7 (/opt/ros/humble/share/rosidl_generator_c/cmake)\n'}
[0.359219] (challenge_tools_ros) StdoutLine: {'line': b'-- Found rosidl_adapter: 3.1.7 (/opt/ros/humble/share/rosidl_adapter/cmake)\n'}
[0.370493] (challenge_tools_ros) StdoutLine: {'line': b'-- Found rosidl_generator_cpp: 3.1.7 (/opt/ros/humble/share/rosidl_generator_cpp/cmake)\n'}
[0.387687] (challenge_tools_ros) StdoutLine: {'line': b'-- Using all available rosidl_typesupport_c: rosidl_typesupport_fastrtps_c;rosidl_typesupport_introspection_c\n'}
[0.400565] (-) TimerEvent: {}
[0.409083] (challenge_tools_ros) StdoutLine: {'line': b'-- Using all available rosidl_typesupport_cpp: rosidl_typesupport_fastrtps_cpp;rosidl_typesupport_introspection_cpp\n'}
[0.500713] (-) TimerEvent: {}
[0.527130] (challenge_tools_ros) StdoutLine: {'line': b'-- Eigen found (include: /usr/include/eigen3, version: 3.4.0)\n'}
[0.565281] (challenge_tools_ros) StdoutLine: {'line': b'-- OpenNI found (version: 1.5.4.0, include: /usr/include/ni, lib: /usr/lib/libOpenNI.so;libusb::libusb)\n'}
[0.573748] (challenge_tools_ros) StdoutLine: {'line': b'-- OpenNI2 found (version: 2.2.0.33, include: /usr/include/openni2, lib: /usr/lib/x86_64-linux-gnu/libOpenNI2.so;libusb::libusb)\n'}
[0.600825] (-) TimerEvent: {}
[0.701139] (-) TimerEvent: {}
[0.801468] (-) TimerEvent: {}
[0.901850] (-) TimerEvent: {}
[1.002230] (-) TimerEvent: {}
[1.102586] (-) TimerEvent: {}
[1.202947] (-) TimerEvent: {}
[1.222379] (challenge_tools_ros) StdoutLine: {'line': b'-- Eigen found (include: /usr/include/eigen3, version: 3.4.0)\n'}
[1.245007] (challenge_tools_ros) StdoutLine: {'line': b'-- FLANN found (include: /usr/include, lib: /usr/lib/x86_64-linux-gnu/libflann_cpp.so)\n'}
[1.248004] (challenge_tools_ros) StdoutLine: {'line': b'-- Found Qhull version 8.0.2\n'}
[1.303085] (-) TimerEvent: {}
[1.403439] (-) TimerEvent: {}
[1.418384] (challenge_tools_ros) StdoutLine: {'line': b'-- OpenNI found (version: 1.5.4.0, include: /usr/include/ni, lib: /usr/lib/libOpenNI.so;libusb::libusb)\n'}
[1.426370] (challenge_tools_ros) StdoutLine: {'line': b'-- OpenNI2 found (version: 2.2.0.33, include: /usr/include/openni2, lib: /usr/lib/x86_64-linux-gnu/libOpenNI2.so;libusb::libusb)\n'}
[1.503587] (-) TimerEvent: {}
[1.603923] (-) TimerEvent: {}
[1.610787] (challenge_tools_ros) StdoutLine: {'line': b'-- Found pcl_conversions: 2.4.5 (/opt/ros/humble/share/pcl_conversions/cmake)\n'}
[1.671042] (challenge_tools_ros) StdoutLine: {'line': b'-- Found rmw_implementation_cmake: 6.1.2 (/opt/ros/humble/share/rmw_implementation_cmake/cmake)\n'}
[1.674089] (challenge_tools_ros) StdoutLine: {'line': b'-- Found rmw_fastrtps_cpp: 6.2.9 (/opt/ros/humble/share/rmw_fastrtps_cpp/cmake)\n'}
[1.704064] (-) TimerEvent: {}
[1.789135] (challenge_tools_ros) StdoutLine: {'line': b"-- Using RMW implementation 'rmw_fastrtps_cpp' as default\n"}
[1.804213] (-) TimerEvent: {}
[1.873313] (challenge_tools_ros) StdoutLine: {'line': b'-- Found tf2_ros: 0.25.17 (/opt/ros/humble/share/tf2_ros/cmake)\n'}
[1.904338] (-) TimerEvent: {}
[1.990954] (challenge_tools_ros) StdoutLine: {'line': b'-- Found tf2_eigen: 0.25.17 (/opt/ros/humble/share/tf2_eigen/cmake)\n'}
[1.994565] (challenge_tools_ros) StdoutLine: {'line': b'-- Found nav_msgs: 4.9.0 (/opt/ros/humble/share/nav_msgs/cmake)\n'}
[2.004480] (-) TimerEvent: {}
[2.017061] (challenge_tools_ros) StdoutLine: {'line': b'-- Found std_srvs: 4.9.0 (/opt/ros/humble/share/std_srvs/cmake)\n'}
[2.104627] (-) TimerEvent: {}
[2.174232] (challenge_tools_ros) StdoutLine: {'line': b'-- Configuring done\n'}
[2.187031] (challenge_tools_ros) StdoutLine: {'line': b'-- Generating done\n'}
[2.192129] (challenge_tools_ros) StdoutLine: {'line': b'-- Build files have been written to: /home/subbu/slam_ws/build/challenge_tools_ros\n'}
[2.204738] (-) TimerEvent: {}
[2.209712] (challenge_tools_ros) CommandEnded: {'returncode': 0}
[2.210383] (challenge_tools_ros) JobProgress: {'identifier': 'challenge_tools_ros', 'progress': 'build'}
[2.211704] (challenge_tools_ros) Command: {'cmd': ['/usr/bin/cmake', '--build', '/home/subbu/slam_ws/build/challenge_tools_ros', '--', '-j8', '-l8'], 'cwd': '/home/subbu/slam_ws/build/challenge_tools_ros', 'env': OrderedDict([('LESSOPEN', '| /usr/bin/lesspipe %s'), ('LANGUAGE', 'en_US:en'), ('USER', 'subbu'), ('XDG_SESSION_TYPE', 'wayland'), ('SHLVL', '1'), ('LD_LIBRARY_PATH', '/home/subbu/slam_ws/install/ov_init/lib:/home/subbu/slam_ws/install/ov_eval/lib:/home/subbu/slam_ws/install/ov_core/lib:/opt/ros/humble/opt/rviz_ogre_vendor/lib:/opt/ros/humble/lib/x86_64-linux-gnu:/opt/ros/humble/lib'), ('HOME', '/home/subbu'), ('OLDPWD', '/home/subbu/slam_ws/src'), ('DESKTOP_SESSION', 'ubuntu'), ('ROS_PYTHON_VERSION', '3'), ('GNOME_SHELL_SESSION_MODE', 'ubuntu'), ('GTK_MODULES', 'gail:atk-bridge'), ('SYSTEMD_EXEC_PID', '1661'), ('DBUS_SESSION_BUS_ADDRESS', 'unix:path=/run/user/1000/bus'), ('COLORTERM', 'truecolor'), ('IM_CONFIG_PHASE', '1'), ('WAYLAND_DISPLAY', 'wayland-0'), ('COLCON_PREFIX_PATH', '/home/subbu/slam_ws/install'), ('ROS_DISTRO', 'humble'), ('LOGNAME', 'subbu'), ('_', '/usr/bin/colcon'), ('ROS_VERSION', '2'), ('XDG_SESSION_CLASS', 'user'), ('USERNAME', 'subbu'), ('TERM', 'xterm-256color'), ('GNOME_DESKTOP_SESSION_ID', 'this-is-deprecated'), ('ROS_LOCALHOST_ONLY', '0'), ('PATH', '/opt/ros/humble/bin:/usr/local/sbin:/usr/local/bin:/usr/sbin:/usr/bin:/sbin:/bin:/usr/games:/usr/local/games:/snap/bin:/snap/bin'), ('SESSION_MANAGER', 'local/orob-sub-hp:@/tmp/.ICE-unix/1622,unix/orob-sub-hp:/tmp/.ICE-unix/1622'), ('XDG_MENU_PREFIX', 'gnome-'), ('GNOME_TERMINAL_SCREEN', '/org/gnome/Terminal/screen/0797116a_72d7_4743_b7a4_3742ed52e0dd'), ('GNOME_SETUP_DISPLAY', ':1'), ('XDG_RUNTIME_DIR', '/run/user/1000'), ('DISPLAY', ':0'), ('LANG', 'en_US.UTF-8'), ('XDG_CURRENT_DESKTOP', 'ubuntu:GNOME'), ('XMODIFIERS', '@im=ibus'), ('XDG_SESSION_DESKTOP', 'ubuntu'), ('XAUTHORITY', '/run/user/1000/.mutter-Xwaylandauth.ZC8EJ3'), ('LS_COLORS', 'rs=0:di=01;34:ln=01;36:mh=00:pi=40;33:so=01;35:do=01;35:bd=40;33;01:cd=40;33;01:or=40;31;01:mi=00:su=37;41:sg=30;43:ca=30;41:tw=30;42:ow=34;42:st=37;44:ex=01;32:*.tar=01;31:*.tgz=01;31:*.arc=01;31:*.arj=01;31:*.taz=01;31:*.lha=01;31:*.lz4=01;31:*.lzh=01;31:*.lzma=01;31:*.tlz=01;31:*.txz=01;31:*.tzo=01;31:*.t7z=01;31:*.zip=01;31:*.z=01;31:*.dz=01;31:*.gz=01;31:*.lrz=01;31:*.lz=01;31:*.lzo=01;31:*.xz=01;31:*.zst=01;31:*.tzst=01;31:*.bz2=01;31:*.bz=01;31:*.tbz=01;31:*.tbz2=01;31:*.tz=01;31:*.deb=01;31:*.rpm=01;31:*.jar=01;31:*.war=01;31:*.ear=01;31:*.sar=01;31:*.rar=01;31:*.alz=01;31:*.ace=01;31:*.zoo=01;31:*.cpio=01;31:*.7z=01;31:*.rz=01;31:*.cab=01;31:*.wim=01;31:*.swm=01;31:*.dwm=01;31:*.esd=01;31:*.jpg=01;35:*.jpeg=01;35:*.mjpg=01;35:*.mjpeg=01;35:*.gif=01;35:*.bmp=01;35:*.pbm=01;35:*.pgm=01;35:*.ppm=01;35:*.tga=01;35:*.xbm=01;35:*.xpm=01;35:*.tif=01;35:*.tiff=01;35:*.png=01;35:*.svg=01;35:*.svgz=01;35:*.mng=01;35:*.pcx=01;35:*.mov=01;35:*.mpg=01;35:*.mpeg=01;35:*.m2v=01;35:*.mkv=01;35:*.webm=01;35:*.webp=01;35:*.ogm=01;35:*.mp4=01;35:*.m4v=01;35:*.mp4v=01;35:*.vob=01;35:*.qt=01;35:*.nuv=01;35:*.wmv=01;35:*.asf=01;35:*.rm=01;35:*.rmvb=01;35:*.flc=01;35:*.avi=01;35:*.fli=01;35:*.flv=01;35:*.gl=01;35:*.dl=01;35:*.xcf=01;35:*.xwd=01;35:*.yuv=01;35:*.cgm=01;35:*.emf=01;35:*.ogv=01;35:*.ogx=01;35:*.aac=00;36:*.au=00;36:*.flac=00;36:*.m4a=00;36:*.mid=00;36:*.midi=00;36:*.mka=00;36:*.mp3=00;36:*.mpc=00;36:*.ogg=00;36:*.ra=00;36:*.wav=00;36:*.oga=00;36:*.opus=00;36:*.spx=00;36:*.xspf=00;36:'), ('GNOME_TERMINAL_SERVICE', ':1.108'), ('SSH_AGENT_LAUNCHER', 'gnome-keyring'), ('SSH_AUTH_SOCK', '/run/user/1000/keyring/ssh'), ('AMENT_PREFIX_PATH', '/home/subbu/slam_ws/install/ov_init:/home/subbu/slam_ws/install/ov_eval:/home/subbu/slam_ws/install/ov_data:/home/subbu/slam_ws/install/ov_core:/home/subbu/slam_ws/install/challenge_tools_ros:/opt/ros/humble'), ('SHELL', '/bin/bash'), ('QT_ACCESSIBILITY', '1'), ('GDMSESSION', 'ubuntu'), ('LESSCLOSE', '/usr/bin/lesspipe %s %s'), ('QT_IM_MODULE', 'ibus'), ('PWD', '/home/subbu/slam_ws/build/challenge_tools_ros'), ('LC_ALL', 'en_US.UTF-8'), ('XDG_CONFIG_DIRS', '/etc/xdg/xdg-ubuntu:/etc/xdg'), ('XDG_DATA_DIRS', '/usr/share/ubuntu:/usr/local/share/:/usr/share/:/var/lib/snapd/desktop'), ('PYTHONPATH', '/home/subbu/slam_ws/install/challenge_tools_ros/local/lib/python3.10/dist-packages:/opt/ros/humble/lib/python3.10/site-packages:/opt/ros/humble/local/lib/python3.10/dist-packages'), ('COLCON', '1'), ('VTE_VERSION', '6800'), ('CMAKE_PREFIX_PATH', '/home/subbu/slam_ws/install/ov_init:/home/subbu/slam_ws/install/ov_eval:/home/subbu/slam_ws/install/ov_data:/home/subbu/slam_ws/install/ov_core:/home/subbu/slam_ws/install/challenge_tools_ros:/opt/ros/humble')]), 'shell': False}
[2.280723] (challenge_tools_ros) StdoutLine: {'line': b'Built target ament_cmake_python_symlink_challenge_tools_ros\n'}
[2.304851] (-) TimerEvent: {}
[2.405196] (-) TimerEvent: {}
[2.505489] (-) TimerEvent: {}
[2.538148] (challenge_tools_ros) StdoutLine: {'line': b'running egg_info\n'}
[2.539016] (challenge_tools_ros) StdoutLine: {'line': b'writing challenge_tools_ros.egg-info/PKG-INFO\n'}
[2.539262] (challenge_tools_ros) StdoutLine: {'line': b'writing dependency_links to challenge_tools_ros.egg-info/dependency_links.txt\n'}
[2.539601] (challenge_tools_ros) StdoutLine: {'line': b'writing top-level names to challenge_tools_ros.egg-info/top_level.txt\n'}
[2.542690] (challenge_tools_ros) StdoutLine: {'line': b"reading manifest file 'challenge_tools_ros.egg-info/SOURCES.txt'\n"}
[2.543491] (challenge_tools_ros) StdoutLine: {'line': b"writing manifest file 'challenge_tools_ros.egg-info/SOURCES.txt'\n"}
[2.573806] (challenge_tools_ros) StdoutLine: {'line': b'Built target ament_cmake_python_build_challenge_tools_ros_egg\n'}
[2.586946] (challenge_tools_ros) CommandEnded: {'returncode': 0}
[2.588014] (challenge_tools_ros) JobProgress: {'identifier': 'challenge_tools_ros', 'progress': 'install'}
[2.597960] (challenge_tools_ros) Command: {'cmd': ['/usr/bin/cmake', '--install', '/home/subbu/slam_ws/build/challenge_tools_ros'], 'cwd': '/home/subbu/slam_ws/build/challenge_tools_ros', 'env': OrderedDict([('LESSOPEN', '| /usr/bin/lesspipe %s'), ('LANGUAGE', 'en_US:en'), ('USER', 'subbu'), ('XDG_SESSION_TYPE', 'wayland'), ('SHLVL', '1'), ('LD_LIBRARY_PATH', '/home/subbu/slam_ws/install/ov_init/lib:/home/subbu/slam_ws/install/ov_eval/lib:/home/subbu/slam_ws/install/ov_core/lib:/opt/ros/humble/opt/rviz_ogre_vendor/lib:/opt/ros/humble/lib/x86_64-linux-gnu:/opt/ros/humble/lib'), ('HOME', '/home/subbu'), ('OLDPWD', '/home/subbu/slam_ws/src'), ('DESKTOP_SESSION', 'ubuntu'), ('ROS_PYTHON_VERSION', '3'), ('GNOME_SHELL_SESSION_MODE', 'ubuntu'), ('GTK_MODULES', 'gail:atk-bridge'), ('SYSTEMD_EXEC_PID', '1661'), ('DBUS_SESSION_BUS_ADDRESS', 'unix:path=/run/user/1000/bus'), ('COLORTERM', 'truecolor'), ('IM_CONFIG_PHASE', '1'), ('WAYLAND_DISPLAY', 'wayland-0'), ('COLCON_PREFIX_PATH', '/home/subbu/slam_ws/install'), ('ROS_DISTRO', 'humble'), ('LOGNAME', 'subbu'), ('_', '/usr/bin/colcon'), ('ROS_VERSION', '2'), ('XDG_SESSION_CLASS', 'user'), ('USERNAME', 'subbu'), ('TERM', 'xterm-256color'), ('GNOME_DESKTOP_SESSION_ID', 'this-is-deprecated'), ('ROS_LOCALHOST_ONLY', '0'), ('PATH', '/opt/ros/humble/bin:/usr/local/sbin:/usr/local/bin:/usr/sbin:/usr/bin:/sbin:/bin:/usr/games:/usr/local/games:/snap/bin:/snap/bin'), ('SESSION_MANAGER', 'local/orob-sub-hp:@/tmp/.ICE-unix/1622,unix/orob-sub-hp:/tmp/.ICE-unix/1622'), ('XDG_MENU_PREFIX', 'gnome-'), ('GNOME_TERMINAL_SCREEN', '/org/gnome/Terminal/screen/0797116a_72d7_4743_b7a4_3742ed52e0dd'), ('GNOME_SETUP_DISPLAY', ':1'), ('XDG_RUNTIME_DIR', '/run/user/1000'), ('DISPLAY', ':0'), ('LANG', 'en_US.UTF-8'), ('XDG_CURRENT_DESKTOP', 'ubuntu:GNOME'), ('XMODIFIERS', '@im=ibus'), ('XDG_SESSION_DESKTOP', 'ubuntu'), ('XAUTHORITY', '/run/user/1000/.mutter-Xwaylandauth.ZC8EJ3'), ('LS_COLORS', 'rs=0:di=01;34:ln=01;36:mh=00:pi=40;33:so=01;35:do=01;35:bd=40;33;01:cd=40;33;01:or=40;31;01:mi=00:su=37;41:sg=30;43:ca=30;41:tw=30;42:ow=34;42:st=37;44:ex=01;32:*.tar=01;31:*.tgz=01;31:*.arc=01;31:*.arj=01;31:*.taz=01;31:*.lha=01;31:*.lz4=01;31:*.lzh=01;31:*.lzma=01;31:*.tlz=01;31:*.txz=01;31:*.tzo=01;31:*.t7z=01;31:*.zip=01;31:*.z=01;31:*.dz=01;31:*.gz=01;31:*.lrz=01;31:*.lz=01;31:*.lzo=01;31:*.xz=01;31:*.zst=01;31:*.tzst=01;31:*.bz2=01;31:*.bz=01;31:*.tbz=01;31:*.tbz2=01;31:*.tz=01;31:*.deb=01;31:*.rpm=01;31:*.jar=01;31:*.war=01;31:*.ear=01;31:*.sar=01;31:*.rar=01;31:*.alz=01;31:*.ace=01;31:*.zoo=01;31:*.cpio=01;31:*.7z=01;31:*.rz=01;31:*.cab=01;31:*.wim=01;31:*.swm=01;31:*.dwm=01;31:*.esd=01;31:*.jpg=01;35:*.jpeg=01;35:*.mjpg=01;35:*.mjpeg=01;35:*.gif=01;35:*.bmp=01;35:*.pbm=01;35:*.pgm=01;35:*.ppm=01;35:*.tga=01;35:*.xbm=01;35:*.xpm=01;35:*.tif=01;35:*.tiff=01;35:*.png=01;35:*.svg=01;35:*.svgz=01;35:*.mng=01;35:*.pcx=01;35:*.mov=01;35:*.mpg=01;35:*.mpeg=01;35:*.m2v=01;35:*.mkv=01;35:*.webm=01;35:*.webp=01;35:*.ogm=01;35:*.mp4=01;35:*.m4v=01;35:*.mp4v=01;35:*.vob=01;35:*.qt=01;35:*.nuv=01;35:*.wmv=01;35:*.asf=01;35:*.rm=01;35:*.rmvb=01;35:*.flc=01;35:*.avi=01;35:*.fli=01;35:*.flv=01;35:*.gl=01;35:*.dl=01;35:*.xcf=01;35:*.xwd=01;35:*.yuv=01;35:*.cgm=01;35:*.emf=01;35:*.ogv=01;35:*.ogx=01;35:*.aac=00;36:*.au=00;36:*.flac=00;36:*.m4a=00;36:*.mid=00;36:*.midi=00;36:*.mka=00;36:*.mp3=00;36:*.mpc=00;36:*.ogg=00;36:*.ra=00;36:*.wav=00;36:*.oga=00;36:*.opus=00;36:*.spx=00;36:*.xspf=00;36:'), ('GNOME_TERMINAL_SERVICE', ':1.108'), ('SSH_AGENT_LAUNCHER', 'gnome-keyring'), ('SSH_AUTH_SOCK', '/run/user/1000/keyring/ssh'), ('AMENT_PREFIX_PATH', '/home/subbu/slam_ws/install/ov_init:/home/subbu/slam_ws/install/ov_eval:/home/subbu/slam_ws/install/ov_data:/home/subbu/slam_ws/install/ov_core:/home/subbu/slam_ws/install/challenge_tools_ros:/opt/ros/humble'), ('SHELL', '/bin/bash'), ('QT_ACCESSIBILITY', '1'), ('GDMSESSION', 'ubuntu'), ('LESSCLOSE', '/usr/bin/lesspipe %s %s'), ('QT_IM_MODULE', 'ibus'), ('PWD', '/home/subbu/slam_ws/build/challenge_tools_ros'), ('LC_ALL', 'en_US.UTF-8'), ('XDG_CONFIG_DIRS', '/etc/xdg/xdg-ubuntu:/etc/xdg'), ('XDG_DATA_DIRS', '/usr/share/ubuntu:/usr/local/share/:/usr/share/:/var/lib/snapd/desktop'), ('PYTHONPATH', '/home/subbu/slam_ws/install/challenge_tools_ros/local/lib/python3.10/dist-packages:/opt/ros/humble/lib/python3.10/site-packages:/opt/ros/humble/local/lib/python3.10/dist-packages'), ('COLCON', '1'), ('VTE_VERSION', '6800'), ('CMAKE_PREFIX_PATH', '/home/subbu/slam_ws/install/ov_init:/home/subbu/slam_ws/install/ov_eval:/home/subbu/slam_ws/install/ov_data:/home/subbu/slam_ws/install/ov_core:/home/subbu/slam_ws/install/challenge_tools_ros:/opt/ros/humble')]), 'shell': False}
[2.605594] (-) TimerEvent: {}
[2.606507] (challenge_tools_ros) StdoutLine: {'line': b'-- Install configuration: "Release"\n'}
[2.607200] (challenge_tools_ros) StdoutLine: {'line': b'-- Execute custom install script\n'}
[2.607657] (challenge_tools_ros) StdoutLine: {'line': b'-- Up-to-date symlink: /home/subbu/slam_ws/install/challenge_tools_ros/share/challenge_tools_ros/environment/pythonpath.sh\n'}
[2.607928] (challenge_tools_ros) StdoutLine: {'line': b'-- Up-to-date symlink: /home/subbu/slam_ws/install/challenge_tools_ros/share/challenge_tools_ros/environment/pythonpath.dsv\n'}
[2.608299] (challenge_tools_ros) StdoutLine: {'line': b'-- Up-to-date symlink: /home/subbu/slam_ws/install/challenge_tools_ros/local/lib/python3.10/dist-packages/challenge_tools_ros-0.16.0-py3.10.egg-info/PKG-INFO\n'}
[2.608612] (challenge_tools_ros) StdoutLine: {'line': b'-- Up-to-date symlink: /home/subbu/slam_ws/install/challenge_tools_ros/local/lib/python3.10/dist-packages/challenge_tools_ros-0.16.0-py3.10.egg-info/SOURCES.txt\n'}
[2.609025] (challenge_tools_ros) StdoutLine: {'line': b'-- Up-to-date symlink: /home/subbu/slam_ws/install/challenge_tools_ros/local/lib/python3.10/dist-packages/challenge_tools_ros-0.16.0-py3.10.egg-info/dependency_links.txt\n'}
[2.609392] (challenge_tools_ros) StdoutLine: {'line': b'-- Up-to-date symlink: /home/subbu/slam_ws/install/challenge_tools_ros/local/lib/python3.10/dist-packages/challenge_tools_ros-0.16.0-py3.10.egg-info/top_level.txt\n'}
[2.610056] (challenge_tools_ros) StdoutLine: {'line': b'-- Up-to-date symlink: /home/subbu/slam_ws/install/challenge_tools_ros/local/lib/python3.10/dist-packages/challenge_tools_ros/README.md\n'}
[2.610253] (challenge_tools_ros) StdoutLine: {'line': b'-- Up-to-date symlink: /home/subbu/slam_ws/install/challenge_tools_ros/local/lib/python3.10/dist-packages/challenge_tools_ros/__init__.py\n'}
[2.610920] (challenge_tools_ros) StdoutLine: {'line': b'-- Up-to-date symlink: /home/subbu/slam_ws/install/challenge_tools_ros/lib/challenge_tools_ros/map_server.py\n'}
[2.611212] (challenge_tools_ros) StdoutLine: {'line': b'-- Up-to-date symlink: /home/subbu/slam_ws/install/challenge_tools_ros/lib/challenge_tools_ros/apply_image_mask.py\n'}
[2.611494] (challenge_tools_ros) StdoutLine: {'line': b'-- Up-to-date symlink: /home/subbu/slam_ws/install/challenge_tools_ros/lib/challenge_tools_ros/image_conversion_node.py\n'}
[2.611764] (challenge_tools_ros) StdoutLine: {'line': b'-- Up-to-date symlink: /home/subbu/slam_ws/install/challenge_tools_ros/lib/challenge_tools_ros/rotate_image_180.py\n'}
[2.611984] (challenge_tools_ros) StdoutLine: {'line': b'-- Up-to-date symlink: /home/subbu/slam_ws/install/challenge_tools_ros/lib/challenge_tools_ros/groundtruth_converter.py\n'}
[2.612182] (challenge_tools_ros) StdoutLine: {'line': b'-- Up-to-date symlink: /home/subbu/slam_ws/install/challenge_tools_ros/lib/challenge_tools_ros/groundtruth_server.py\n'}
[2.612391] (challenge_tools_ros) StdoutLine: {'line': b'-- Up-to-date symlink: /home/subbu/slam_ws/install/challenge_tools_ros/lib/challenge_tools_ros/challenge_tools_lib.py\n'}
[2.612636] (challenge_tools_ros) StdoutLine: {'line': b'-- Up-to-date symlink: /home/subbu/slam_ws/install/challenge_tools_ros/lib/challenge_tools_ros/ros2bag_to_euroc.py\n'}
[2.612935] (challenge_tools_ros) StdoutLine: {'line': b'-- Up-to-date symlink: /home/subbu/slam_ws/install/challenge_tools_ros/share/ament_index/resource_index/package_run_dependencies/challenge_tools_ros\n'}
[2.613391] (challenge_tools_ros) StdoutLine: {'line': b'-- Up-to-date symlink: /home/subbu/slam_ws/install/challenge_tools_ros/share/ament_index/resource_index/parent_prefix_path/challenge_tools_ros\n'}
[2.613765] (challenge_tools_ros) StdoutLine: {'line': b'-- Up-to-date symlink: /home/subbu/slam_ws/install/challenge_tools_ros/share/challenge_tools_ros/environment/ament_prefix_path.sh\n'}
[2.614026] (challenge_tools_ros) StdoutLine: {'line': b'-- Up-to-date symlink: /home/subbu/slam_ws/install/challenge_tools_ros/share/challenge_tools_ros/environment/ament_prefix_path.dsv\n'}
[2.614381] (challenge_tools_ros) StdoutLine: {'line': b'-- Up-to-date symlink: /home/subbu/slam_ws/install/challenge_tools_ros/share/challenge_tools_ros/environment/path.sh\n'}
[2.614639] (challenge_tools_ros) StdoutLine: {'line': b'-- Up-to-date symlink: /home/subbu/slam_ws/install/challenge_tools_ros/share/challenge_tools_ros/environment/path.dsv\n'}
[2.614984] (challenge_tools_ros) StdoutLine: {'line': b'-- Up-to-date symlink: /home/subbu/slam_ws/install/challenge_tools_ros/share/challenge_tools_ros/local_setup.bash\n'}
[2.615238] (challenge_tools_ros) StdoutLine: {'line': b'-- Up-to-date symlink: /home/subbu/slam_ws/install/challenge_tools_ros/share/challenge_tools_ros/local_setup.sh\n'}
[2.615519] (challenge_tools_ros) StdoutLine: {'line': b'-- Up-to-date symlink: /home/subbu/slam_ws/install/challenge_tools_ros/share/challenge_tools_ros/local_setup.zsh\n'}
[2.615748] (challenge_tools_ros) StdoutLine: {'line': b'-- Up-to-date symlink: /home/subbu/slam_ws/install/challenge_tools_ros/share/challenge_tools_ros/local_setup.dsv\n'}
[2.615873] (challenge_tools_ros) StdoutLine: {'line': b'-- Symlinking: /home/subbu/slam_ws/install/challenge_tools_ros/share/challenge_tools_ros/package.dsv\n'}
[2.626344] (challenge_tools_ros) StdoutLine: {'line': b'-- Up-to-date symlink: /home/subbu/slam_ws/install/challenge_tools_ros/share/ament_index/resource_index/packages/challenge_tools_ros\n'}
[2.626619] (challenge_tools_ros) StdoutLine: {'line': b'-- Up-to-date symlink: /home/subbu/slam_ws/install/challenge_tools_ros/share/challenge_tools_ros/cmake/ament_cmake_export_dependencies-extras.cmake\n'}
[2.626937] (challenge_tools_ros) StdoutLine: {'line': b'-- Up-to-date symlink: /home/subbu/slam_ws/install/challenge_tools_ros/share/challenge_tools_ros/cmake/challenge_tools_rosConfig.cmake\n'}
[2.627138] (challenge_tools_ros) StdoutLine: {'line': b'-- Up-to-date symlink: /home/subbu/slam_ws/install/challenge_tools_ros/share/challenge_tools_ros/cmake/challenge_tools_rosConfig-version.cmake\n'}
[2.627379] (challenge_tools_ros) StdoutLine: {'line': b'-- Up-to-date symlink: /home/subbu/slam_ws/install/challenge_tools_ros/share/challenge_tools_ros/package.xml\n'}
[2.663235] (challenge_tools_ros) StdoutLine: {'line': b"Listing '/home/subbu/slam_ws/install/challenge_tools_ros/local/lib/python3.10/dist-packages/challenge_tools_ros'...\n"}
[2.668456] (challenge_tools_ros) StdoutLine: {'line': b'-- Up-to-date: /home/subbu/slam_ws/install/challenge_tools_ros/share/challenge_tools_ros/config\n'}
[2.668783] (challenge_tools_ros) StdoutLine: {'line': b'-- Up-to-date: /home/subbu/slam_ws/install/challenge_tools_ros/share/challenge_tools_ros/config/hilti_openvins\n'}
[2.669044] (challenge_tools_ros) StdoutLine: {'line': b'-- Up-to-date: /home/subbu/slam_ws/install/challenge_tools_ros/share/challenge_tools_ros/config/hilti_openvins/mask_cam0.png\n'}
[2.669145] (challenge_tools_ros) StdoutLine: {'line': b'-- Up-to-date: /home/subbu/slam_ws/install/challenge_tools_ros/share/challenge_tools_ros/config/hilti_openvins/kalibr_imucam_chain.yaml\n'}
[2.669308] (challenge_tools_ros) StdoutLine: {'line': b'-- Up-to-date: /home/subbu/slam_ws/install/challenge_tools_ros/share/challenge_tools_ros/config/hilti_openvins/mask_cam1.png\n'}
[2.669422] (challenge_tools_ros) StdoutLine: {'line': b'-- Up-to-date: /home/subbu/slam_ws/install/challenge_tools_ros/share/challenge_tools_ros/config/hilti_openvins/kalibr_imu_chain.yaml\n'}
[2.669489] (challenge_tools_ros) StdoutLine: {'line': b'-- Up-to-date: /home/subbu/slam_ws/install/challenge_tools_ros/share/challenge_tools_ros/config/hilti_openvins/estimator_config.yaml\n'}
[2.669549] (challenge_tools_ros) StdoutLine: {'line': b'-- Up-to-date: /home/subbu/slam_ws/install/challenge_tools_ros/share/challenge_tools_ros/config/procman.pmd\n'}
[2.669616] (challenge_tools_ros) StdoutLine: {'line': b'-- Up-to-date: /home/subbu/slam_ws/install/challenge_tools_ros/share/challenge_tools_ros/config/rviz\n'}
[2.669723] (challenge_tools_ros) StdoutLine: {'line': b'-- Up-to-date: /home/subbu/slam_ws/install/challenge_tools_ros/share/challenge_tools_ros/config/rviz/rviz_ov.rviz\n'}
[2.669829] (challenge_tools_ros) StdoutLine: {'line': b'-- Up-to-date: /home/subbu/slam_ws/install/challenge_tools_ros/share/challenge_tools_ros/config/rviz/rviz_map_server.rviz\n'}
[2.669934] (challenge_tools_ros) StdoutLine: {'line': b'-- Up-to-date: /home/subbu/slam_ws/install/challenge_tools_ros/share/challenge_tools_ros/config/rviz/rviz_ov_and_map_server.rviz\n'}
[2.670035] (challenge_tools_ros) StdoutLine: {'line': b'-- Up-to-date: /home/subbu/slam_ws/install/challenge_tools_ros/share/challenge_tools_ros/config/hilti_stella_vslam\n'}
[2.670232] (challenge_tools_ros) StdoutLine: {'line': b'-- Up-to-date: /home/subbu/slam_ws/install/challenge_tools_ros/share/challenge_tools_ros/config/hilti_stella_vslam/equirectangular.yaml\n'}
[2.670313] (challenge_tools_ros) StdoutLine: {'line': b'-- Up-to-date: /home/subbu/slam_ws/install/challenge_tools_ros/share/challenge_tools_ros/config/hilti_stella_vslam/orb_vocab.fbow\n'}
[2.670411] (challenge_tools_ros) StdoutLine: {'line': b'-- Up-to-date: /home/subbu/slam_ws/install/challenge_tools_ros/share/challenge_tools_ros/config/hilti_stella_vslam/fisheye.yaml\n'}
[2.670470] (challenge_tools_ros) StdoutLine: {'line': b'-- Up-to-date: /home/subbu/slam_ws/install/challenge_tools_ros/share/challenge_tools_ros/launch\n'}
[2.670889] (challenge_tools_ros) StdoutLine: {'line': b'-- Up-to-date: /home/subbu/slam_ws/install/challenge_tools_ros/share/challenge_tools_ros/launch/run_openvins.launch.py\n'}
[2.671031] (challenge_tools_ros) StdoutLine: {'line': b'-- Up-to-date: /home/subbu/slam_ws/install/challenge_tools_ros/share/challenge_tools_ros/launch/apply_image_mask_dual.launch\n'}
[2.671158] (challenge_tools_ros) StdoutLine: {'line': b'-- Up-to-date: /home/subbu/slam_ws/install/challenge_tools_ros/share/challenge_tools_ros/launch/rviz_map_server.launch\n'}
[2.671228] (challenge_tools_ros) StdoutLine: {'line': b'-- Up-to-date: /home/subbu/slam_ws/install/challenge_tools_ros/share/challenge_tools_ros/launch/run_stella_vslam.launch.py\n'}
[2.671291] (challenge_tools_ros) StdoutLine: {'line': b'-- Up-to-date: /home/subbu/slam_ws/install/challenge_tools_ros/share/challenge_tools_ros/launch/rviz_ov_and_map_server.launch\n'}
[2.671390] (challenge_tools_ros) StdoutLine: {'line': b'-- Up-to-date: /home/subbu/slam_ws/install/challenge_tools_ros/share/challenge_tools_ros/launch/groundtruth_server.launch\n'}
[2.671492] (challenge_tools_ros) StdoutLine: {'line': b'-- Up-to-date: /home/subbu/slam_ws/install/challenge_tools_ros/share/challenge_tools_ros/launch/map_server.launch\n'}
[2.671551] (challenge_tools_ros) StdoutLine: {'line': b'-- Up-to-date: /home/subbu/slam_ws/install/challenge_tools_ros/share/challenge_tools_ros/launch/rviz_ov.launch\n'}
[2.671606] (challenge_tools_ros) StdoutLine: {'line': b'-- Up-to-date: /home/subbu/slam_ws/install/challenge_tools_ros/share/challenge_tools_ros/floorplans\n'}
[2.671719] (challenge_tools_ros) StdoutLine: {'line': b'-- Up-to-date: /home/subbu/slam_ws/install/challenge_tools_ros/share/challenge_tools_ros/floorplans/floor_2.png\n'}
[2.671818] (challenge_tools_ros) StdoutLine: {'line': b'-- Up-to-date: /home/subbu/slam_ws/install/challenge_tools_ros/share/challenge_tools_ros/floorplans/floor_1.png\n'}
[2.671931] (challenge_tools_ros) StdoutLine: {'line': b'-- Up-to-date: /home/subbu/slam_ws/install/challenge_tools_ros/share/challenge_tools_ros/floorplans/floor_UG.png\n'}
[2.671995] (challenge_tools_ros) StdoutLine: {'line': b'-- Up-to-date: /home/subbu/slam_ws/install/challenge_tools_ros/share/challenge_tools_ros/groundtruth\n'}
[2.672233] (challenge_tools_ros) StdoutLine: {'line': b'-- Up-to-date: /home/subbu/slam_ws/install/challenge_tools_ros/share/challenge_tools_ros/groundtruth/floor_2_2025-05-05_run_1\n'}
[2.672642] (challenge_tools_ros) StdoutLine: {'line': b'-- Up-to-date: /home/subbu/slam_ws/install/challenge_tools_ros/share/challenge_tools_ros/groundtruth/floor_2_2025-05-05_run_1/aligned_frame_trajectory_3d_2d_gt.bin\n'}
[2.672749] (challenge_tools_ros) StdoutLine: {'line': b'-- Up-to-date: /home/subbu/slam_ws/install/challenge_tools_ros/share/challenge_tools_ros/groundtruth/floor_2_2025-05-05_run_1/gt_poses.csv\n'}
[2.672857] (challenge_tools_ros) StdoutLine: {'line': b'-- Up-to-date: /home/subbu/slam_ws/install/challenge_tools_ros/share/challenge_tools_ros/groundtruth/floor_1_2025-05-05_run_1\n'}
[2.673033] (challenge_tools_ros) StdoutLine: {'line': b'-- Up-to-date: /home/subbu/slam_ws/install/challenge_tools_ros/share/challenge_tools_ros/groundtruth/floor_1_2025-05-05_run_1/aligned_frame_trajectory_3d_2d_gt.bin\n'}
[2.673136] (challenge_tools_ros) StdoutLine: {'line': b'-- Up-to-date: /home/subbu/slam_ws/install/challenge_tools_ros/share/challenge_tools_ros/groundtruth/floor_1_2025-05-05_run_1/gt_poses.csv\n'}
[2.673240] (challenge_tools_ros) StdoutLine: {'line': b'-- Up-to-date: /home/subbu/slam_ws/install/challenge_tools_ros/share/challenge_tools_ros/groundtruth/floor_2_2025-10-28_run_1\n'}
[2.673442] (challenge_tools_ros) StdoutLine: {'line': b'-- Up-to-date: /home/subbu/slam_ws/install/challenge_tools_ros/share/challenge_tools_ros/groundtruth/floor_2_2025-10-28_run_1/aligned_frame_trajectory_3d_2d_gt.bin\n'}
[2.673616] (challenge_tools_ros) StdoutLine: {'line': b'-- Up-to-date: /home/subbu/slam_ws/install/challenge_tools_ros/share/challenge_tools_ros/groundtruth/floor_2_2025-10-28_run_1/gt_poses.csv\n'}
[2.673774] (challenge_tools_ros) StdoutLine: {'line': b'-- Up-to-date: /home/subbu/slam_ws/install/challenge_tools_ros/share/challenge_tools_ros/groundtruth/floor_UG_2025-10-16_run_1\n'}
[2.673952] (challenge_tools_ros) StdoutLine: {'line': b'-- Up-to-date: /home/subbu/slam_ws/install/challenge_tools_ros/share/challenge_tools_ros/groundtruth/floor_UG_2025-10-16_run_1/aligned_frame_trajectory_3d_2d_gt.bin\n'}
[2.674033] (challenge_tools_ros) StdoutLine: {'line': b'-- Up-to-date: /home/subbu/slam_ws/install/challenge_tools_ros/share/challenge_tools_ros/groundtruth/floor_UG_2025-10-16_run_1/gt_poses.csv\n'}
[2.674126] (challenge_tools_ros) StdoutLine: {'line': b'-- Up-to-date: /home/subbu/slam_ws/install/challenge_tools_ros/share/challenge_tools_ros/groundtruth/floor_2_2025-10-28_run_2\n'}
[2.674455] (challenge_tools_ros) StdoutLine: {'line': b'-- Up-to-date: /home/subbu/slam_ws/install/challenge_tools_ros/share/challenge_tools_ros/groundtruth/floor_2_2025-10-28_run_2/aligned_frame_trajectory_3d_2d_gt.bin\n'}
[2.674540] (challenge_tools_ros) StdoutLine: {'line': b'-- Up-to-date: /home/subbu/slam_ws/install/challenge_tools_ros/share/challenge_tools_ros/groundtruth/floor_2_2025-10-28_run_2/gt_poses.csv\n'}
[2.677040] (challenge_tools_ros) CommandEnded: {'returncode': 0}
[2.701669] (challenge_tools_ros) JobEnded: {'identifier': 'challenge_tools_ros', 'rc': 0}
[2.702097] (ov_core) JobStarted: {'identifier': 'ov_core'}
[2.705720] (-) TimerEvent: {}
[2.707706] (ov_core) JobProgress: {'identifier': 'ov_core', 'progress': 'cmake'}
[2.710219] (ov_core) Command: {'cmd': ['/usr/bin/cmake', '/home/subbu/slam_ws/src/open_vins/ov_core', '-DCMAKE_INSTALL_PREFIX=/home/subbu/slam_ws/install/ov_core'], 'cwd': '/home/subbu/slam_ws/build/ov_core', 'env': OrderedDict([('LESSOPEN', '| /usr/bin/lesspipe %s'), ('LANGUAGE', 'en_US:en'), ('USER', 'subbu'), ('XDG_SESSION_TYPE', 'wayland'), ('SHLVL', '1'), ('LD_LIBRARY_PATH', '/home/subbu/slam_ws/install/ov_init/lib:/home/subbu/slam_ws/install/ov_eval/lib:/home/subbu/slam_ws/install/ov_core/lib:/opt/ros/humble/opt/rviz_ogre_vendor/lib:/opt/ros/humble/lib/x86_64-linux-gnu:/opt/ros/humble/lib'), ('HOME', '/home/subbu'), ('OLDPWD', '/home/subbu/slam_ws/src'), ('DESKTOP_SESSION', 'ubuntu'), ('ROS_PYTHON_VERSION', '3'), ('GNOME_SHELL_SESSION_MODE', 'ubuntu'), ('GTK_MODULES', 'gail:atk-bridge'), ('SYSTEMD_EXEC_PID', '1661'), ('DBUS_SESSION_BUS_ADDRESS', 'unix:path=/run/user/1000/bus'), ('COLORTERM', 'truecolor'), ('IM_CONFIG_PHASE', '1'), ('WAYLAND_DISPLAY', 'wayland-0'), ('COLCON_PREFIX_PATH', '/home/subbu/slam_ws/install'), ('ROS_DISTRO', 'humble'), ('LOGNAME', 'subbu'), ('_', '/usr/bin/colcon'), ('ROS_VERSION', '2'), ('XDG_SESSION_CLASS', 'user'), ('USERNAME', 'subbu'), ('TERM', 'xterm-256color'), ('GNOME_DESKTOP_SESSION_ID', 'this-is-deprecated'), ('ROS_LOCALHOST_ONLY', '0'), ('PATH', '/opt/ros/humble/bin:/usr/local/sbin:/usr/local/bin:/usr/sbin:/usr/bin:/sbin:/bin:/usr/games:/usr/local/games:/snap/bin:/snap/bin'), ('SESSION_MANAGER', 'local/orob-sub-hp:@/tmp/.ICE-unix/1622,unix/orob-sub-hp:/tmp/.ICE-unix/1622'), ('XDG_MENU_PREFIX', 'gnome-'), ('GNOME_TERMINAL_SCREEN', '/org/gnome/Terminal/screen/0797116a_72d7_4743_b7a4_3742ed52e0dd'), ('GNOME_SETUP_DISPLAY', ':1'), ('XDG_RUNTIME_DIR', '/run/user/1000'), ('DISPLAY', ':0'), ('LANG', 'en_US.UTF-8'), ('XDG_CURRENT_DESKTOP', 'ubuntu:GNOME'), ('XMODIFIERS', '@im=ibus'), ('XDG_SESSION_DESKTOP', 'ubuntu'), ('XAUTHORITY', '/run/user/1000/.mutter-Xwaylandauth.ZC8EJ3'), ('LS_COLORS', 'rs=0:di=01;34:ln=01;36:mh=00:pi=40;33:so=01;35:do=01;35:bd=40;33;01:cd=40;33;01:or=40;31;01:mi=00:su=37;41:sg=30;43:ca=30;41:tw=30;42:ow=34;42:st=37;44:ex=01;32:*.tar=01;31:*.tgz=01;31:*.arc=01;31:*.arj=01;31:*.taz=01;31:*.lha=01;31:*.lz4=01;31:*.lzh=01;31:*.lzma=01;31:*.tlz=01;31:*.txz=01;31:*.tzo=01;31:*.t7z=01;31:*.zip=01;31:*.z=01;31:*.dz=01;31:*.gz=01;31:*.lrz=01;31:*.lz=01;31:*.lzo=01;31:*.xz=01;31:*.zst=01;31:*.tzst=01;31:*.bz2=01;31:*.bz=01;31:*.tbz=01;31:*.tbz2=01;31:*.tz=01;31:*.deb=01;31:*.rpm=01;31:*.jar=01;31:*.war=01;31:*.ear=01;31:*.sar=01;31:*.rar=01;31:*.alz=01;31:*.ace=01;31:*.zoo=01;31:*.cpio=01;31:*.7z=01;31:*.rz=01;31:*.cab=01;31:*.wim=01;31:*.swm=01;31:*.dwm=01;31:*.esd=01;31:*.jpg=01;35:*.jpeg=01;35:*.mjpg=01;35:*.mjpeg=01;35:*.gif=01;35:*.bmp=01;35:*.pbm=01;35:*.pgm=01;35:*.ppm=01;35:*.tga=01;35:*.xbm=01;35:*.xpm=01;35:*.tif=01;35:*.tiff=01;35:*.png=01;35:*.svg=01;35:*.svgz=01;35:*.mng=01;35:*.pcx=01;35:*.mov=01;35:*.mpg=01;35:*.mpeg=01;35:*.m2v=01;35:*.mkv=01;35:*.webm=01;35:*.webp=01;35:*.ogm=01;35:*.mp4=01;35:*.m4v=01;35:*.mp4v=01;35:*.vob=01;35:*.qt=01;35:*.nuv=01;35:*.wmv=01;35:*.asf=01;35:*.rm=01;35:*.rmvb=01;35:*.flc=01;35:*.avi=01;35:*.fli=01;35:*.flv=01;35:*.gl=01;35:*.dl=01;35:*.xcf=01;35:*.xwd=01;35:*.yuv=01;35:*.cgm=01;35:*.emf=01;35:*.ogv=01;35:*.ogx=01;35:*.aac=00;36:*.au=00;36:*.flac=00;36:*.m4a=00;36:*.mid=00;36:*.midi=00;36:*.mka=00;36:*.mp3=00;36:*.mpc=00;36:*.ogg=00;36:*.ra=00;36:*.wav=00;36:*.oga=00;36:*.opus=00;36:*.spx=00;36:*.xspf=00;36:'), ('GNOME_TERMINAL_SERVICE', ':1.108'), ('SSH_AGENT_LAUNCHER', 'gnome-keyring'), ('SSH_AUTH_SOCK', '/run/user/1000/keyring/ssh'), ('AMENT_PREFIX_PATH', '/home/subbu/slam_ws/install/ov_init:/home/subbu/slam_ws/install/ov_eval:/home/subbu/slam_ws/install/ov_data:/home/subbu/slam_ws/install/ov_core:/home/subbu/slam_ws/install/challenge_tools_ros:/opt/ros/humble'), ('SHELL', '/bin/bash'), ('QT_ACCESSIBILITY', '1'), ('GDMSESSION', 'ubuntu'), ('LESSCLOSE', '/usr/bin/lesspipe %s %s'), ('QT_IM_MODULE', 'ibus'), ('PWD', '/home/subbu/slam_ws/build/ov_core'), ('LC_ALL', 'en_US.UTF-8'), ('XDG_CONFIG_DIRS', '/etc/xdg/xdg-ubuntu:/etc/xdg'), ('XDG_DATA_DIRS', '/usr/share/ubuntu:/usr/local/share/:/usr/share/:/var/lib/snapd/desktop'), ('PYTHONPATH', '/home/subbu/slam_ws/install/challenge_tools_ros/local/lib/python3.10/dist-packages:/opt/ros/humble/lib/python3.10/site-packages:/opt/ros/humble/local/lib/python3.10/dist-packages'), ('COLCON', '1'), ('VTE_VERSION', '6800'), ('CMAKE_PREFIX_PATH', '/home/subbu/slam_ws/install/ov_init:/home/subbu/slam_ws/install/ov_eval:/home/subbu/slam_ws/install/ov_data:/home/subbu/slam_ws/install/ov_core:/home/subbu/slam_ws/install/challenge_tools_ros:/opt/ros/humble')]), 'shell': False}
[2.758433] (ov_core) StdoutLine: {'line': b'-- OPENCV: 4.5.4 | BOOST: 1.74.0\n'}
[2.760802] (ov_core) StdoutLine: {'line': b'-- PYTHON VERSION: 3.10.12\n'}
[2.760933] (ov_core) StdoutLine: {'line': b'-- PYTHON INCLUDE: /usr/include/python3.10\n'}
[2.761002] (ov_core) StdoutLine: {'line': b'-- PYTHON LIBRARIES: /usr/lib/x86_64-linux-gnu/libpython3.10.so\n'}
[2.805823] (-) TimerEvent: {}
[2.899079] (ov_core) StdoutLine: {'line': b'-- Override CMake install command with custom implementation using symlinks instead of copying resources\n'}
[2.905906] (-) TimerEvent: {}
[2.907438] (ov_core) StdoutLine: {'line': b'-- ROS *2* version found, building ROS2.cmake\n'}
[2.908435] (ov_core) StdoutLine: {'line': b'-- Found rclcpp: 16.0.16 (/opt/ros/humble/share/rclcpp/cmake)\n'}
[2.937794] (ov_core) StdoutLine: {'line': b'-- Found rosidl_generator_c: 3.1.7 (/opt/ros/humble/share/rosidl_generator_c/cmake)\n'}
[2.940445] (ov_core) StdoutLine: {'line': b'-- Found rosidl_adapter: 3.1.7 (/opt/ros/humble/share/rosidl_adapter/cmake)\n'}
[2.946514] (ov_core) StdoutLine: {'line': b'-- Found rosidl_generator_cpp: 3.1.7 (/opt/ros/humble/share/rosidl_generator_cpp/cmake)\n'}
[2.956224] (ov_core) StdoutLine: {'line': b'-- Using all available rosidl_typesupport_c: rosidl_typesupport_fastrtps_c;rosidl_typesupport_introspection_c\n'}
[2.969190] (ov_core) StdoutLine: {'line': b'-- Using all available rosidl_typesupport_cpp: rosidl_typesupport_fastrtps_cpp;rosidl_typesupport_introspection_cpp\n'}
[3.002766] (ov_core) StdoutLine: {'line': b'-- Found rmw_implementation_cmake: 6.1.2 (/opt/ros/humble/share/rmw_implementation_cmake/cmake)\n'}
[3.004309] (ov_core) StdoutLine: {'line': b'-- Found rmw_fastrtps_cpp: 6.2.9 (/opt/ros/humble/share/rmw_fastrtps_cpp/cmake)\n'}
[3.006036] (-) TimerEvent: {}
[3.104077] (ov_core) StdoutLine: {'line': b"-- Using RMW implementation 'rmw_fastrtps_cpp' as default\n"}
[3.106173] (-) TimerEvent: {}
[3.157144] (ov_core) StdoutLine: {'line': b'-- Found cv_bridge: 3.2.1 (/opt/ros/humble/share/cv_bridge/cmake)\n'}
[3.206318] (-) TimerEvent: {}
[3.286604] (ov_core) StdoutLine: {'line': b'-- Configuring done\n'}
[3.306430] (-) TimerEvent: {}
[3.330896] (ov_core) StdoutLine: {'line': b'-- Generating done\n'}
[3.342040] (ov_core) StdoutLine: {'line': b'-- Build files have been written to: /home/subbu/slam_ws/build/ov_core\n'}
[3.350915] (ov_core) CommandEnded: {'returncode': 0}
[3.351554] (ov_core) JobProgress: {'identifier': 'ov_core', 'progress': 'build'}
[3.352656] (ov_core) Command: {'cmd': ['/usr/bin/cmake', '--build', '/home/subbu/slam_ws/build/ov_core', '--', '-j8', '-l8'], 'cwd': '/home/subbu/slam_ws/build/ov_core', 'env': OrderedDict([('LESSOPEN', '| /usr/bin/lesspipe %s'), ('LANGUAGE', 'en_US:en'), ('USER', 'subbu'), ('XDG_SESSION_TYPE', 'wayland'), ('SHLVL', '1'), ('LD_LIBRARY_PATH', '/home/subbu/slam_ws/install/ov_init/lib:/home/subbu/slam_ws/install/ov_eval/lib:/home/subbu/slam_ws/install/ov_core/lib:/opt/ros/humble/opt/rviz_ogre_vendor/lib:/opt/ros/humble/lib/x86_64-linux-gnu:/opt/ros/humble/lib'), ('HOME', '/home/subbu'), ('OLDPWD', '/home/subbu/slam_ws/src'), ('DESKTOP_SESSION', 'ubuntu'), ('ROS_PYTHON_VERSION', '3'), ('GNOME_SHELL_SESSION_MODE', 'ubuntu'), ('GTK_MODULES', 'gail:atk-bridge'), ('SYSTEMD_EXEC_PID', '1661'), ('DBUS_SESSION_BUS_ADDRESS', 'unix:path=/run/user/1000/bus'), ('COLORTERM', 'truecolor'), ('IM_CONFIG_PHASE', '1'), ('WAYLAND_DISPLAY', 'wayland-0'), ('COLCON_PREFIX_PATH', '/home/subbu/slam_ws/install'), ('ROS_DISTRO', 'humble'), ('LOGNAME', 'subbu'), ('_', '/usr/bin/colcon'), ('ROS_VERSION', '2'), ('XDG_SESSION_CLASS', 'user'), ('USERNAME', 'subbu'), ('TERM', 'xterm-256color'), ('GNOME_DESKTOP_SESSION_ID', 'this-is-deprecated'), ('ROS_LOCALHOST_ONLY', '0'), ('PATH', '/opt/ros/humble/bin:/usr/local/sbin:/usr/local/bin:/usr/sbin:/usr/bin:/sbin:/bin:/usr/games:/usr/local/games:/snap/bin:/snap/bin'), ('SESSION_MANAGER', 'local/orob-sub-hp:@/tmp/.ICE-unix/1622,unix/orob-sub-hp:/tmp/.ICE-unix/1622'), ('XDG_MENU_PREFIX', 'gnome-'), ('GNOME_TERMINAL_SCREEN', '/org/gnome/Terminal/screen/0797116a_72d7_4743_b7a4_3742ed52e0dd'), ('GNOME_SETUP_DISPLAY', ':1'), ('XDG_RUNTIME_DIR', '/run/user/1000'), ('DISPLAY', ':0'), ('LANG', 'en_US.UTF-8'), ('XDG_CURRENT_DESKTOP', 'ubuntu:GNOME'), ('XMODIFIERS', '@im=ibus'), ('XDG_SESSION_DESKTOP', 'ubuntu'), ('XAUTHORITY', '/run/user/1000/.mutter-Xwaylandauth.ZC8EJ3'), ('LS_COLORS', 'rs=0:di=01;34:ln=01;36:mh=00:pi=40;33:so=01;35:do=01;35:bd=40;33;01:cd=40;33;01:or=40;31;01:mi=00:su=37;41:sg=30;43:ca=30;41:tw=30;42:ow=34;42:st=37;44:ex=01;32:*.tar=01;31:*.tgz=01;31:*.arc=01;31:*.arj=01;31:*.taz=01;31:*.lha=01;31:*.lz4=01;31:*.lzh=01;31:*.lzma=01;31:*.tlz=01;31:*.txz=01;31:*.tzo=01;31:*.t7z=01;31:*.zip=01;31:*.z=01;31:*.dz=01;31:*.gz=01;31:*.lrz=01;31:*.lz=01;31:*.lzo=01;31:*.xz=01;31:*.zst=01;31:*.tzst=01;31:*.bz2=01;31:*.bz=01;31:*.tbz=01;31:*.tbz2=01;31:*.tz=01;31:*.deb=01;31:*.rpm=01;31:*.jar=01;31:*.war=01;31:*.ear=01;31:*.sar=01;31:*.rar=01;31:*.alz=01;31:*.ace=01;31:*.zoo=01;31:*.cpio=01;31:*.7z=01;31:*.rz=01;31:*.cab=01;31:*.wim=01;31:*.swm=01;31:*.dwm=01;31:*.esd=01;31:*.jpg=01;35:*.jpeg=01;35:*.mjpg=01;35:*.mjpeg=01;35:*.gif=01;35:*.bmp=01;35:*.pbm=01;35:*.pgm=01;35:*.ppm=01;35:*.tga=01;35:*.xbm=01;35:*.xpm=01;35:*.tif=01;35:*.tiff=01;35:*.png=01;35:*.svg=01;35:*.svgz=01;35:*.mng=01;35:*.pcx=01;35:*.mov=01;35:*.mpg=01;35:*.mpeg=01;35:*.m2v=01;35:*.mkv=01;35:*.webm=01;35:*.webp=01;35:*.ogm=01;35:*.mp4=01;35:*.m4v=01;35:*.mp4v=01;35:*.vob=01;35:*.qt=01;35:*.nuv=01;35:*.wmv=01;35:*.asf=01;35:*.rm=01;35:*.rmvb=01;35:*.flc=01;35:*.avi=01;35:*.fli=01;35:*.flv=01;35:*.gl=01;35:*.dl=01;35:*.xcf=01;35:*.xwd=01;35:*.yuv=01;35:*.cgm=01;35:*.emf=01;35:*.ogv=01;35:*.ogx=01;35:*.aac=00;36:*.au=00;36:*.flac=00;36:*.m4a=00;36:*.mid=00;36:*.midi=00;36:*.mka=00;36:*.mp3=00;36:*.mpc=00;36:*.ogg=00;36:*.ra=00;36:*.wav=00;36:*.oga=00;36:*.opus=00;36:*.spx=00;36:*.xspf=00;36:'), ('GNOME_TERMINAL_SERVICE', ':1.108'), ('SSH_AGENT_LAUNCHER', 'gnome-keyring'), ('SSH_AUTH_SOCK', '/run/user/1000/keyring/ssh'), ('AMENT_PREFIX_PATH', '/home/subbu/slam_ws/install/ov_init:/home/subbu/slam_ws/install/ov_eval:/home/subbu/slam_ws/install/ov_data:/home/subbu/slam_ws/install/ov_core:/home/subbu/slam_ws/install/challenge_tools_ros:/opt/ros/humble'), ('SHELL', '/bin/bash'), ('QT_ACCESSIBILITY', '1'), ('GDMSESSION', 'ubuntu'), ('LESSCLOSE', '/usr/bin/lesspipe %s %s'), ('QT_IM_MODULE', 'ibus'), ('PWD', '/home/subbu/slam_ws/build/ov_core'), ('LC_ALL', 'en_US.UTF-8'), ('XDG_CONFIG_DIRS', '/etc/xdg/xdg-ubuntu:/etc/xdg'), ('XDG_DATA_DIRS', '/usr/share/ubuntu:/usr/local/share/:/usr/share/:/var/lib/snapd/desktop'), ('PYTHONPATH', '/home/subbu/slam_ws/install/challenge_tools_ros/local/lib/python3.10/dist-packages:/opt/ros/humble/lib/python3.10/site-packages:/opt/ros/humble/local/lib/python3.10/dist-packages'), ('COLCON', '1'), ('VTE_VERSION', '6800'), ('CMAKE_PREFIX_PATH', '/home/subbu/slam_ws/install/ov_init:/home/subbu/slam_ws/install/ov_eval:/home/subbu/slam_ws/install/ov_data:/home/subbu/slam_ws/install/ov_core:/home/subbu/slam_ws/install/challenge_tools_ros:/opt/ros/humble')]), 'shell': False}
[3.406567] (-) TimerEvent: {}
[3.416231] (ov_core) StdoutLine: {'line': b'\x1b[35m\x1b[1mConsolidate compiler generated dependencies of target ov_core_lib\x1b[0m\n'}
[3.506678] (-) TimerEvent: {}
[3.529409] (ov_core) StdoutLine: {'line': b'[ 78%] Built target ov_core_lib\n'}
[3.543711] (ov_core) StdoutLine: {'line': b'\x1b[35m\x1b[1mConsolidate compiler generated dependencies of target test_profile\x1b[0m\n'}
[3.544315] (ov_core) StdoutLine: {'line': b'\x1b[35m\x1b[1mConsolidate compiler generated dependencies of target test_webcam\x1b[0m\n'}
[3.567586] (ov_core) StdoutLine: {'line': b'[ 89%] Built target test_profile\n'}
[3.573694] (ov_core) StdoutLine: {'line': b'[100%] Built target test_webcam\n'}
[3.586527] (ov_core) CommandEnded: {'returncode': 0}
[3.587509] (ov_core) JobProgress: {'identifier': 'ov_core', 'progress': 'install'}
[3.588689] (ov_core) Command: {'cmd': ['/usr/bin/cmake', '--install', '/home/subbu/slam_ws/build/ov_core'], 'cwd': '/home/subbu/slam_ws/build/ov_core', 'env': OrderedDict([('LESSOPEN', '| /usr/bin/lesspipe %s'), ('LANGUAGE', 'en_US:en'), ('USER', 'subbu'), ('XDG_SESSION_TYPE', 'wayland'), ('SHLVL', '1'), ('LD_LIBRARY_PATH', '/home/subbu/slam_ws/install/ov_init/lib:/home/subbu/slam_ws/install/ov_eval/lib:/home/subbu/slam_ws/install/ov_core/lib:/opt/ros/humble/opt/rviz_ogre_vendor/lib:/opt/ros/humble/lib/x86_64-linux-gnu:/opt/ros/humble/lib'), ('HOME', '/home/subbu'), ('OLDPWD', '/home/subbu/slam_ws/src'), ('DESKTOP_SESSION', 'ubuntu'), ('ROS_PYTHON_VERSION', '3'), ('GNOME_SHELL_SESSION_MODE', 'ubuntu'), ('GTK_MODULES', 'gail:atk-bridge'), ('SYSTEMD_EXEC_PID', '1661'), ('DBUS_SESSION_BUS_ADDRESS', 'unix:path=/run/user/1000/bus'), ('COLORTERM', 'truecolor'), ('IM_CONFIG_PHASE', '1'), ('WAYLAND_DISPLAY', 'wayland-0'), ('COLCON_PREFIX_PATH', '/home/subbu/slam_ws/install'), ('ROS_DISTRO', 'humble'), ('LOGNAME', 'subbu'), ('_', '/usr/bin/colcon'), ('ROS_VERSION', '2'), ('XDG_SESSION_CLASS', 'user'), ('USERNAME', 'subbu'), ('TERM', 'xterm-256color'), ('GNOME_DESKTOP_SESSION_ID', 'this-is-deprecated'), ('ROS_LOCALHOST_ONLY', '0'), ('PATH', '/opt/ros/humble/bin:/usr/local/sbin:/usr/local/bin:/usr/sbin:/usr/bin:/sbin:/bin:/usr/games:/usr/local/games:/snap/bin:/snap/bin'), ('SESSION_MANAGER', 'local/orob-sub-hp:@/tmp/.ICE-unix/1622,unix/orob-sub-hp:/tmp/.ICE-unix/1622'), ('XDG_MENU_PREFIX', 'gnome-'), ('GNOME_TERMINAL_SCREEN', '/org/gnome/Terminal/screen/0797116a_72d7_4743_b7a4_3742ed52e0dd'), ('GNOME_SETUP_DISPLAY', ':1'), ('XDG_RUNTIME_DIR', '/run/user/1000'), ('DISPLAY', ':0'), ('LANG', 'en_US.UTF-8'), ('XDG_CURRENT_DESKTOP', 'ubuntu:GNOME'), ('XMODIFIERS', '@im=ibus'), ('XDG_SESSION_DESKTOP', 'ubuntu'), ('XAUTHORITY', '/run/user/1000/.mutter-Xwaylandauth.ZC8EJ3'), ('LS_COLORS', 'rs=0:di=01;34:ln=01;36:mh=00:pi=40;33:so=01;35:do=01;35:bd=40;33;01:cd=40;33;01:or=40;31;01:mi=00:su=37;41:sg=30;43:ca=30;41:tw=30;42:ow=34;42:st=37;44:ex=01;32:*.tar=01;31:*.tgz=01;31:*.arc=01;31:*.arj=01;31:*.taz=01;31:*.lha=01;31:*.lz4=01;31:*.lzh=01;31:*.lzma=01;31:*.tlz=01;31:*.txz=01;31:*.tzo=01;31:*.t7z=01;31:*.zip=01;31:*.z=01;31:*.dz=01;31:*.gz=01;31:*.lrz=01;31:*.lz=01;31:*.lzo=01;31:*.xz=01;31:*.zst=01;31:*.tzst=01;31:*.bz2=01;31:*.bz=01;31:*.tbz=01;31:*.tbz2=01;31:*.tz=01;31:*.deb=01;31:*.rpm=01;31:*.jar=01;31:*.war=01;31:*.ear=01;31:*.sar=01;31:*.rar=01;31:*.alz=01;31:*.ace=01;31:*.zoo=01;31:*.cpio=01;31:*.7z=01;31:*.rz=01;31:*.cab=01;31:*.wim=01;31:*.swm=01;31:*.dwm=01;31:*.esd=01;31:*.jpg=01;35:*.jpeg=01;35:*.mjpg=01;35:*.mjpeg=01;35:*.gif=01;35:*.bmp=01;35:*.pbm=01;35:*.pgm=01;35:*.ppm=01;35:*.tga=01;35:*.xbm=01;35:*.xpm=01;35:*.tif=01;35:*.tiff=01;35:*.png=01;35:*.svg=01;35:*.svgz=01;35:*.mng=01;35:*.pcx=01;35:*.mov=01;35:*.mpg=01;35:*.mpeg=01;35:*.m2v=01;35:*.mkv=01;35:*.webm=01;35:*.webp=01;35:*.ogm=01;35:*.mp4=01;35:*.m4v=01;35:*.mp4v=01;35:*.vob=01;35:*.qt=01;35:*.nuv=01;35:*.wmv=01;35:*.asf=01;35:*.rm=01;35:*.rmvb=01;35:*.flc=01;35:*.avi=01;35:*.fli=01;35:*.flv=01;35:*.gl=01;35:*.dl=01;35:*.xcf=01;35:*.xwd=01;35:*.yuv=01;35:*.cgm=01;35:*.emf=01;35:*.ogv=01;35:*.ogx=01;35:*.aac=00;36:*.au=00;36:*.flac=00;36:*.m4a=00;36:*.mid=00;36:*.midi=00;36:*.mka=00;36:*.mp3=00;36:*.mpc=00;36:*.ogg=00;36:*.ra=00;36:*.wav=00;36:*.oga=00;36:*.opus=00;36:*.spx=00;36:*.xspf=00;36:'), ('GNOME_TERMINAL_SERVICE', ':1.108'), ('SSH_AGENT_LAUNCHER', 'gnome-keyring'), ('SSH_AUTH_SOCK', '/run/user/1000/keyring/ssh'), ('AMENT_PREFIX_PATH', '/home/subbu/slam_ws/install/ov_init:/home/subbu/slam_ws/install/ov_eval:/home/subbu/slam_ws/install/ov_data:/home/subbu/slam_ws/install/ov_core:/home/subbu/slam_ws/install/challenge_tools_ros:/opt/ros/humble'), ('SHELL', '/bin/bash'), ('QT_ACCESSIBILITY', '1'), ('GDMSESSION', 'ubuntu'), ('LESSCLOSE', '/usr/bin/lesspipe %s %s'), ('QT_IM_MODULE', 'ibus'), ('PWD', '/home/subbu/slam_ws/build/ov_core'), ('LC_ALL', 'en_US.UTF-8'), ('XDG_CONFIG_DIRS', '/etc/xdg/xdg-ubuntu:/etc/xdg'), ('XDG_DATA_DIRS', '/usr/share/ubuntu:/usr/local/share/:/usr/share/:/var/lib/snapd/desktop'), ('PYTHONPATH', '/home/subbu/slam_ws/install/challenge_tools_ros/local/lib/python3.10/dist-packages:/opt/ros/humble/lib/python3.10/site-packages:/opt/ros/humble/local/lib/python3.10/dist-packages'), ('COLCON', '1'), ('VTE_VERSION', '6800'), ('CMAKE_PREFIX_PATH', '/home/subbu/slam_ws/install/ov_init:/home/subbu/slam_ws/install/ov_eval:/home/subbu/slam_ws/install/ov_data:/home/subbu/slam_ws/install/ov_core:/home/subbu/slam_ws/install/challenge_tools_ros:/opt/ros/humble')]), 'shell': False}
[3.596781] (ov_core) StdoutLine: {'line': b'-- Install configuration: ""\n'}
[3.597330] (ov_core) StdoutLine: {'line': b'-- Execute custom install script\n'}
[3.597902] (ov_core) StdoutLine: {'line': b'-- Up-to-date symlink: /home/subbu/slam_ws/install/ov_core/share/ov_core/environment/library_path.sh\n'}
[3.598092] (ov_core) StdoutLine: {'line': b'-- Up-to-date symlink: /home/subbu/slam_ws/install/ov_core/share/ov_core/environment/library_path.dsv\n'}
[3.598663] (ov_core) StdoutLine: {'line': b'-- Up-to-date symlink: /home/subbu/slam_ws/install/ov_core/lib/ov_core/test_webcam\n'}
[3.598954] (ov_core) StdoutLine: {'line': b'-- Up-to-date symlink: /home/subbu/slam_ws/install/ov_core/lib/ov_core/test_profile\n'}
[3.599174] (ov_core) StdoutLine: {'line': b'-- Up-to-date symlink: /home/subbu/slam_ws/install/ov_core/share/ament_index/resource_index/package_run_dependencies/ov_core\n'}
[3.599742] (ov_core) StdoutLine: {'line': b'-- Up-to-date symlink: /home/subbu/slam_ws/install/ov_core/share/ament_index/resource_index/parent_prefix_path/ov_core\n'}
[3.600168] (ov_core) StdoutLine: {'line': b'-- Up-to-date symlink: /home/subbu/slam_ws/install/ov_core/share/ov_core/environment/ament_prefix_path.sh\n'}
[3.600365] (ov_core) StdoutLine: {'line': b'-- Up-to-date symlink: /home/subbu/slam_ws/install/ov_core/share/ov_core/environment/ament_prefix_path.dsv\n'}
[3.600767] (ov_core) StdoutLine: {'line': b'-- Up-to-date symlink: /home/subbu/slam_ws/install/ov_core/share/ov_core/environment/path.sh\n'}
[3.600980] (ov_core) StdoutLine: {'line': b'-- Up-to-date symlink: /home/subbu/slam_ws/install/ov_core/share/ov_core/environment/path.dsv\n'}
[3.601310] (ov_core) StdoutLine: {'line': b'-- Up-to-date symlink: /home/subbu/slam_ws/install/ov_core/share/ov_core/local_setup.bash\n'}
[3.601767] (ov_core) StdoutLine: {'line': b'-- Up-to-date symlink: /home/subbu/slam_ws/install/ov_core/share/ov_core/local_setup.sh\n'}
[3.602088] (ov_core) StdoutLine: {'line': b'-- Up-to-date symlink: /home/subbu/slam_ws/install/ov_core/share/ov_core/local_setup.zsh\n'}
[3.602262] (ov_core) StdoutLine: {'line': b'-- Up-to-date symlink: /home/subbu/slam_ws/install/ov_core/share/ov_core/local_setup.dsv\n'}
[3.602416] (ov_core) StdoutLine: {'line': b'-- Symlinking: /home/subbu/slam_ws/install/ov_core/share/ov_core/package.dsv\n'}
[3.606852] (-) TimerEvent: {}
[3.612988] (ov_core) StdoutLine: {'line': b'-- Up-to-date symlink: /home/subbu/slam_ws/install/ov_core/share/ament_index/resource_index/packages/ov_core\n'}
[3.613400] (ov_core) StdoutLine: {'line': b'-- Up-to-date symlink: /home/subbu/slam_ws/install/ov_core/share/ov_core/cmake/ament_cmake_export_include_directories-extras.cmake\n'}
[3.613801] (ov_core) StdoutLine: {'line': b'-- Up-to-date symlink: /home/subbu/slam_ws/install/ov_core/share/ov_core/cmake/ament_cmake_export_libraries-extras.cmake\n'}
[3.614275] (ov_core) StdoutLine: {'line': b'-- Up-to-date symlink: /home/subbu/slam_ws/install/ov_core/share/ov_core/cmake/ov_coreConfig.cmake\n'}
[3.614557] (ov_core) StdoutLine: {'line': b'-- Up-to-date symlink: /home/subbu/slam_ws/install/ov_core/share/ov_core/cmake/ov_coreConfig-version.cmake\n'}
[3.614810] (ov_core) StdoutLine: {'line': b'-- Up-to-date symlink: /home/subbu/slam_ws/install/ov_core/share/ov_core/package.xml\n'}
[3.615897] (ov_core) StdoutLine: {'line': b'-- Up-to-date: /home/subbu/slam_ws/install/ov_core/lib/libov_core_lib.so\n'}
[3.616139] (ov_core) StdoutLine: {'line': b'-- Up-to-date: /home/subbu/slam_ws/install/ov_core/include\n'}
[3.616240] (ov_core) StdoutLine: {'line': b'-- Up-to-date: /home/subbu/slam_ws/install/ov_core/include/utils\n'}
[3.616397] (ov_core) StdoutLine: {'line': b'-- Up-to-date: /home/subbu/slam_ws/install/ov_core/include/utils/print.h\n'}
[3.616464] (ov_core) StdoutLine: {'line': b'-- Up-to-date: /home/subbu/slam_ws/install/ov_core/include/utils/colors.h\n'}
[3.616619] (ov_core) StdoutLine: {'line': b'-- Up-to-date: /home/subbu/slam_ws/install/ov_core/include/utils/opencv_lambda_body.h\n'}
[3.616700] (ov_core) StdoutLine: {'line': b'-- Up-to-date: /home/subbu/slam_ws/install/ov_core/include/utils/quat_ops.h\n'}
[3.616759] (ov_core) StdoutLine: {'line': b'-- Up-to-date: /home/subbu/slam_ws/install/ov_core/include/utils/opencv_yaml_parse.h\n'}
[3.616816] (ov_core) StdoutLine: {'line': b'-- Up-to-date: /home/subbu/slam_ws/install/ov_core/include/utils/dataset_reader.h\n'}
[3.616871] (ov_core) StdoutLine: {'line': b'-- Up-to-date: /home/subbu/slam_ws/install/ov_core/include/utils/sensor_data.h\n'}
[3.616931] (ov_core) StdoutLine: {'line': b'-- Up-to-date: /home/subbu/slam_ws/install/ov_core/include/sim\n'}
[3.617028] (ov_core) StdoutLine: {'line': b'-- Up-to-date: /home/subbu/slam_ws/install/ov_core/include/sim/BsplineSE3.h\n'}
[3.617087] (ov_core) StdoutLine: {'line': b'-- Up-to-date: /home/subbu/slam_ws/install/ov_core/include/plot\n'}
[3.617187] (ov_core) StdoutLine: {'line': b'-- Up-to-date: /home/subbu/slam_ws/install/ov_core/include/plot/matplotlibcpp.h\n'}
[3.617250] (ov_core) StdoutLine: {'line': b'-- Up-to-date: /home/subbu/slam_ws/install/ov_core/include/track\n'}
[3.617378] (ov_core) StdoutLine: {'line': b'-- Up-to-date: /home/subbu/slam_ws/install/ov_core/include/track/Grider_GRID.h\n'}
[3.617493] (ov_core) StdoutLine: {'line': b'-- Up-to-date: /home/subbu/slam_ws/install/ov_core/include/track/TrackSIM.h\n'}
[3.617627] (ov_core) StdoutLine: {'line': b'-- Up-to-date: /home/subbu/slam_ws/install/ov_core/include/track/TrackBase.h\n'}
[3.617746] (ov_core) StdoutLine: {'line': b'-- Up-to-date: /home/subbu/slam_ws/install/ov_core/include/track/TrackDescriptor.h\n'}
[3.617809] (ov_core) StdoutLine: {'line': b'-- Up-to-date: /home/subbu/slam_ws/install/ov_core/include/track/TrackAruco.h\n'}
[3.617871] (ov_core) StdoutLine: {'line': b'-- Up-to-date: /home/subbu/slam_ws/install/ov_core/include/track/Grider_FAST.h\n'}
[3.617934] (ov_core) StdoutLine: {'line': b'-- Up-to-date: /home/subbu/slam_ws/install/ov_core/include/track/TrackKLT.h\n'}
[3.617995] (ov_core) StdoutLine: {'line': b'-- Up-to-date: /home/subbu/slam_ws/install/ov_core/include/types\n'}
[3.618158] (ov_core) StdoutLine: {'line': b'-- Up-to-date: /home/subbu/slam_ws/install/ov_core/include/types/Vec.h\n'}
[3.618218] (ov_core) StdoutLine: {'line': b'-- Up-to-date: /home/subbu/slam_ws/install/ov_core/include/types/JPLQuat.h\n'}
[3.618277] (ov_core) StdoutLine: {'line': b'-- Up-to-date: /home/subbu/slam_ws/install/ov_core/include/types/Type.h\n'}
[3.618337] (ov_core) StdoutLine: {'line': b'-- Up-to-date: /home/subbu/slam_ws/install/ov_core/include/types/PoseJPL.h\n'}
[3.618396] (ov_core) StdoutLine: {'line': b'-- Up-to-date: /home/subbu/slam_ws/install/ov_core/include/types/LandmarkRepresentation.h\n'}
[3.618455] (ov_core) StdoutLine: {'line': b'-- Up-to-date: /home/subbu/slam_ws/install/ov_core/include/types/Landmark.h\n'}
[3.618515] (ov_core) StdoutLine: {'line': b'-- Up-to-date: /home/subbu/slam_ws/install/ov_core/include/types/IMU.h\n'}
[3.618574] (ov_core) StdoutLine: {'line': b'-- Up-to-date: /home/subbu/slam_ws/install/ov_core/include/cpi\n'}
[3.618675] (ov_core) StdoutLine: {'line': b'-- Up-to-date: /home/subbu/slam_ws/install/ov_core/include/cpi/CpiV1.h\n'}
[3.618822] (ov_core) StdoutLine: {'line': b'-- Up-to-date: /home/subbu/slam_ws/install/ov_core/include/cpi/CpiV2.h\n'}
[3.618880] (ov_core) StdoutLine: {'line': b'-- Up-to-date: /home/subbu/slam_ws/install/ov_core/include/cpi/CpiBase.h\n'}
[3.618934] (ov_core) StdoutLine: {'line': b'-- Up-to-date: /home/subbu/slam_ws/install/ov_core/include/feat\n'}
[3.618987] (ov_core) StdoutLine: {'line': b'-- Up-to-date: /home/subbu/slam_ws/install/ov_core/include/feat/FeatureInitializerOptions.h\n'}
[3.619081] (ov_core) StdoutLine: {'line': b'-- Up-to-date: /home/subbu/slam_ws/install/ov_core/include/feat/FeatureDatabase.h\n'}
[3.619138] (ov_core) StdoutLine: {'line': b'-- Up-to-date: /home/subbu/slam_ws/install/ov_core/include/feat/Feature.h\n'}
[3.619191] (ov_core) StdoutLine: {'line': b'-- Up-to-date: /home/subbu/slam_ws/install/ov_core/include/feat/FeatureInitializer.h\n'}
[3.619244] (ov_core) StdoutLine: {'line': b'-- Up-to-date: /home/subbu/slam_ws/install/ov_core/include/feat/FeatureHelper.h\n'}
[3.619301] (ov_core) StdoutLine: {'line': b'-- Up-to-date: /home/subbu/slam_ws/install/ov_core/include/cam\n'}
[3.619355] (ov_core) StdoutLine: {'line': b'-- Up-to-date: /home/subbu/slam_ws/install/ov_core/include/cam/CamRadtan.h\n'}
[3.619407] (ov_core) StdoutLine: {'line': b'-- Up-to-date: /home/subbu/slam_ws/install/ov_core/include/cam/CamEqui.h\n'}
[3.619460] (ov_core) StdoutLine: {'line': b'-- Up-to-date: /home/subbu/slam_ws/install/ov_core/include/cam/CamBase.h\n'}
[3.622169] (ov_core) CommandEnded: {'returncode': 0}
[3.645529] (ov_core) JobEnded: {'identifier': 'ov_core', 'rc': 0}
[3.646028] (ov_data) JobStarted: {'identifier': 'ov_data'}
[3.651051] (ov_data) JobProgress: {'identifier': 'ov_data', 'progress': 'cmake'}
[3.653808] (ov_data) Command: {'cmd': ['/usr/bin/cmake', '/home/subbu/slam_ws/src/open_vins/ov_data', '-DCMAKE_INSTALL_PREFIX=/home/subbu/slam_ws/install/ov_data'], 'cwd': '/home/subbu/slam_ws/build/ov_data', 'env': OrderedDict([('LESSOPEN', '| /usr/bin/lesspipe %s'), ('LANGUAGE', 'en_US:en'), ('USER', 'subbu'), ('XDG_SESSION_TYPE', 'wayland'), ('SHLVL', '1'), ('LD_LIBRARY_PATH', '/home/subbu/slam_ws/install/ov_init/lib:/home/subbu/slam_ws/install/ov_eval/lib:/home/subbu/slam_ws/install/ov_core/lib:/opt/ros/humble/opt/rviz_ogre_vendor/lib:/opt/ros/humble/lib/x86_64-linux-gnu:/opt/ros/humble/lib'), ('HOME', '/home/subbu'), ('OLDPWD', '/home/subbu/slam_ws/src'), ('DESKTOP_SESSION', 'ubuntu'), ('ROS_PYTHON_VERSION', '3'), ('GNOME_SHELL_SESSION_MODE', 'ubuntu'), ('GTK_MODULES', 'gail:atk-bridge'), ('SYSTEMD_EXEC_PID', '1661'), ('DBUS_SESSION_BUS_ADDRESS', 'unix:path=/run/user/1000/bus'), ('COLORTERM', 'truecolor'), ('IM_CONFIG_PHASE', '1'), ('WAYLAND_DISPLAY', 'wayland-0'), ('COLCON_PREFIX_PATH', '/home/subbu/slam_ws/install'), ('ROS_DISTRO', 'humble'), ('LOGNAME', 'subbu'), ('_', '/usr/bin/colcon'), ('ROS_VERSION', '2'), ('XDG_SESSION_CLASS', 'user'), ('USERNAME', 'subbu'), ('TERM', 'xterm-256color'), ('GNOME_DESKTOP_SESSION_ID', 'this-is-deprecated'), ('ROS_LOCALHOST_ONLY', '0'), ('PATH', '/opt/ros/humble/bin:/usr/local/sbin:/usr/local/bin:/usr/sbin:/usr/bin:/sbin:/bin:/usr/games:/usr/local/games:/snap/bin:/snap/bin'), ('SESSION_MANAGER', 'local/orob-sub-hp:@/tmp/.ICE-unix/1622,unix/orob-sub-hp:/tmp/.ICE-unix/1622'), ('XDG_MENU_PREFIX', 'gnome-'), ('GNOME_TERMINAL_SCREEN', '/org/gnome/Terminal/screen/0797116a_72d7_4743_b7a4_3742ed52e0dd'), ('GNOME_SETUP_DISPLAY', ':1'), ('XDG_RUNTIME_DIR', '/run/user/1000'), ('DISPLAY', ':0'), ('LANG', 'en_US.UTF-8'), ('XDG_CURRENT_DESKTOP', 'ubuntu:GNOME'), ('XMODIFIERS', '@im=ibus'), ('XDG_SESSION_DESKTOP', 'ubuntu'), ('XAUTHORITY', '/run/user/1000/.mutter-Xwaylandauth.ZC8EJ3'), ('LS_COLORS', 'rs=0:di=01;34:ln=01;36:mh=00:pi=40;33:so=01;35:do=01;35:bd=40;33;01:cd=40;33;01:or=40;31;01:mi=00:su=37;41:sg=30;43:ca=30;41:tw=30;42:ow=34;42:st=37;44:ex=01;32:*.tar=01;31:*.tgz=01;31:*.arc=01;31:*.arj=01;31:*.taz=01;31:*.lha=01;31:*.lz4=01;31:*.lzh=01;31:*.lzma=01;31:*.tlz=01;31:*.txz=01;31:*.tzo=01;31:*.t7z=01;31:*.zip=01;31:*.z=01;31:*.dz=01;31:*.gz=01;31:*.lrz=01;31:*.lz=01;31:*.lzo=01;31:*.xz=01;31:*.zst=01;31:*.tzst=01;31:*.bz2=01;31:*.bz=01;31:*.tbz=01;31:*.tbz2=01;31:*.tz=01;31:*.deb=01;31:*.rpm=01;31:*.jar=01;31:*.war=01;31:*.ear=01;31:*.sar=01;31:*.rar=01;31:*.alz=01;31:*.ace=01;31:*.zoo=01;31:*.cpio=01;31:*.7z=01;31:*.rz=01;31:*.cab=01;31:*.wim=01;31:*.swm=01;31:*.dwm=01;31:*.esd=01;31:*.jpg=01;35:*.jpeg=01;35:*.mjpg=01;35:*.mjpeg=01;35:*.gif=01;35:*.bmp=01;35:*.pbm=01;35:*.pgm=01;35:*.ppm=01;35:*.tga=01;35:*.xbm=01;35:*.xpm=01;35:*.tif=01;35:*.tiff=01;35:*.png=01;35:*.svg=01;35:*.svgz=01;35:*.mng=01;35:*.pcx=01;35:*.mov=01;35:*.mpg=01;35:*.mpeg=01;35:*.m2v=01;35:*.mkv=01;35:*.webm=01;35:*.webp=01;35:*.ogm=01;35:*.mp4=01;35:*.m4v=01;35:*.mp4v=01;35:*.vob=01;35:*.qt=01;35:*.nuv=01;35:*.wmv=01;35:*.asf=01;35:*.rm=01;35:*.rmvb=01;35:*.flc=01;35:*.avi=01;35:*.fli=01;35:*.flv=01;35:*.gl=01;35:*.dl=01;35:*.xcf=01;35:*.xwd=01;35:*.yuv=01;35:*.cgm=01;35:*.emf=01;35:*.ogv=01;35:*.ogx=01;35:*.aac=00;36:*.au=00;36:*.flac=00;36:*.m4a=00;36:*.mid=00;36:*.midi=00;36:*.mka=00;36:*.mp3=00;36:*.mpc=00;36:*.ogg=00;36:*.ra=00;36:*.wav=00;36:*.oga=00;36:*.opus=00;36:*.spx=00;36:*.xspf=00;36:'), ('GNOME_TERMINAL_SERVICE', ':1.108'), ('SSH_AGENT_LAUNCHER', 'gnome-keyring'), ('SSH_AUTH_SOCK', '/run/user/1000/keyring/ssh'), ('AMENT_PREFIX_PATH', '/home/subbu/slam_ws/install/ov_init:/home/subbu/slam_ws/install/ov_eval:/home/subbu/slam_ws/install/ov_data:/home/subbu/slam_ws/install/ov_core:/home/subbu/slam_ws/install/challenge_tools_ros:/opt/ros/humble'), ('SHELL', '/bin/bash'), ('QT_ACCESSIBILITY', '1'), ('GDMSESSION', 'ubuntu'), ('LESSCLOSE', '/usr/bin/lesspipe %s %s'), ('QT_IM_MODULE', 'ibus'), ('PWD', '/home/subbu/slam_ws/build/ov_data'), ('LC_ALL', 'en_US.UTF-8'), ('XDG_CONFIG_DIRS', '/etc/xdg/xdg-ubuntu:/etc/xdg'), ('XDG_DATA_DIRS', '/usr/share/ubuntu:/usr/local/share/:/usr/share/:/var/lib/snapd/desktop'), ('PYTHONPATH', '/home/subbu/slam_ws/install/challenge_tools_ros/local/lib/python3.10/dist-packages:/opt/ros/humble/lib/python3.10/site-packages:/opt/ros/humble/local/lib/python3.10/dist-packages'), ('COLCON', '1'), ('VTE_VERSION', '6800'), ('CMAKE_PREFIX_PATH', '/home/subbu/slam_ws/install/ov_init:/home/subbu/slam_ws/install/ov_eval:/home/subbu/slam_ws/install/ov_data:/home/subbu/slam_ws/install/ov_core:/home/subbu/slam_ws/install/challenge_tools_ros:/opt/ros/humble')]), 'shell': False}
[3.706981] (-) TimerEvent: {}
[3.807282] (-) TimerEvent: {}
[3.810234] (ov_data) StdoutLine: {'line': b'-- Override CMake install command with custom implementation using symlinks instead of copying resources\n'}
[3.818373] (ov_data) StdoutLine: {'line': b'-- ROS *2* version found\n'}
[3.892752] (ov_data) StdoutLine: {'line': b'-- Configuring done\n'}
[3.897244] (ov_data) StdoutLine: {'line': b'-- Generating done\n'}
[3.899144] (ov_data) StdoutLine: {'line': b'-- Build files have been written to: /home/subbu/slam_ws/build/ov_data\n'}
[3.901972] (ov_data) CommandEnded: {'returncode': 0}
[3.903862] (ov_data) JobProgress: {'identifier': 'ov_data', 'progress': 'build'}
[3.903965] (ov_data) Command: {'cmd': ['/usr/bin/cmake', '--build', '/home/subbu/slam_ws/build/ov_data', '--', '-j8', '-l8'], 'cwd': '/home/subbu/slam_ws/build/ov_data', 'env': OrderedDict([('LESSOPEN', '| /usr/bin/lesspipe %s'), ('LANGUAGE', 'en_US:en'), ('USER', 'subbu'), ('XDG_SESSION_TYPE', 'wayland'), ('SHLVL', '1'), ('LD_LIBRARY_PATH', '/home/subbu/slam_ws/install/ov_init/lib:/home/subbu/slam_ws/install/ov_eval/lib:/home/subbu/slam_ws/install/ov_core/lib:/opt/ros/humble/opt/rviz_ogre_vendor/lib:/opt/ros/humble/lib/x86_64-linux-gnu:/opt/ros/humble/lib'), ('HOME', '/home/subbu'), ('OLDPWD', '/home/subbu/slam_ws/src'), ('DESKTOP_SESSION', 'ubuntu'), ('ROS_PYTHON_VERSION', '3'), ('GNOME_SHELL_SESSION_MODE', 'ubuntu'), ('GTK_MODULES', 'gail:atk-bridge'), ('SYSTEMD_EXEC_PID', '1661'), ('DBUS_SESSION_BUS_ADDRESS', 'unix:path=/run/user/1000/bus'), ('COLORTERM', 'truecolor'), ('IM_CONFIG_PHASE', '1'), ('WAYLAND_DISPLAY', 'wayland-0'), ('COLCON_PREFIX_PATH', '/home/subbu/slam_ws/install'), ('ROS_DISTRO', 'humble'), ('LOGNAME', 'subbu'), ('_', '/usr/bin/colcon'), ('ROS_VERSION', '2'), ('XDG_SESSION_CLASS', 'user'), ('USERNAME', 'subbu'), ('TERM', 'xterm-256color'), ('GNOME_DESKTOP_SESSION_ID', 'this-is-deprecated'), ('ROS_LOCALHOST_ONLY', '0'), ('PATH', '/opt/ros/humble/bin:/usr/local/sbin:/usr/local/bin:/usr/sbin:/usr/bin:/sbin:/bin:/usr/games:/usr/local/games:/snap/bin:/snap/bin'), ('SESSION_MANAGER', 'local/orob-sub-hp:@/tmp/.ICE-unix/1622,unix/orob-sub-hp:/tmp/.ICE-unix/1622'), ('XDG_MENU_PREFIX', 'gnome-'), ('GNOME_TERMINAL_SCREEN', '/org/gnome/Terminal/screen/0797116a_72d7_4743_b7a4_3742ed52e0dd'), ('GNOME_SETUP_DISPLAY', ':1'), ('XDG_RUNTIME_DIR', '/run/user/1000'), ('DISPLAY', ':0'), ('LANG', 'en_US.UTF-8'), ('XDG_CURRENT_DESKTOP', 'ubuntu:GNOME'), ('XMODIFIERS', '@im=ibus'), ('XDG_SESSION_DESKTOP', 'ubuntu'), ('XAUTHORITY', '/run/user/1000/.mutter-Xwaylandauth.ZC8EJ3'), ('LS_COLORS', 'rs=0:di=01;34:ln=01;36:mh=00:pi=40;33:so=01;35:do=01;35:bd=40;33;01:cd=40;33;01:or=40;31;01:mi=00:su=37;41:sg=30;43:ca=30;41:tw=30;42:ow=34;42:st=37;44:ex=01;32:*.tar=01;31:*.tgz=01;31:*.arc=01;31:*.arj=01;31:*.taz=01;31:*.lha=01;31:*.lz4=01;31:*.lzh=01;31:*.lzma=01;31:*.tlz=01;31:*.txz=01;31:*.tzo=01;31:*.t7z=01;31:*.zip=01;31:*.z=01;31:*.dz=01;31:*.gz=01;31:*.lrz=01;31:*.lz=01;31:*.lzo=01;31:*.xz=01;31:*.zst=01;31:*.tzst=01;31:*.bz2=01;31:*.bz=01;31:*.tbz=01;31:*.tbz2=01;31:*.tz=01;31:*.deb=01;31:*.rpm=01;31:*.jar=01;31:*.war=01;31:*.ear=01;31:*.sar=01;31:*.rar=01;31:*.alz=01;31:*.ace=01;31:*.zoo=01;31:*.cpio=01;31:*.7z=01;31:*.rz=01;31:*.cab=01;31:*.wim=01;31:*.swm=01;31:*.dwm=01;31:*.esd=01;31:*.jpg=01;35:*.jpeg=01;35:*.mjpg=01;35:*.mjpeg=01;35:*.gif=01;35:*.bmp=01;35:*.pbm=01;35:*.pgm=01;35:*.ppm=01;35:*.tga=01;35:*.xbm=01;35:*.xpm=01;35:*.tif=01;35:*.tiff=01;35:*.png=01;35:*.svg=01;35:*.svgz=01;35:*.mng=01;35:*.pcx=01;35:*.mov=01;35:*.mpg=01;35:*.mpeg=01;35:*.m2v=01;35:*.mkv=01;35:*.webm=01;35:*.webp=01;35:*.ogm=01;35:*.mp4=01;35:*.m4v=01;35:*.mp4v=01;35:*.vob=01;35:*.qt=01;35:*.nuv=01;35:*.wmv=01;35:*.asf=01;35:*.rm=01;35:*.rmvb=01;35:*.flc=01;35:*.avi=01;35:*.fli=01;35:*.flv=01;35:*.gl=01;35:*.dl=01;35:*.xcf=01;35:*.xwd=01;35:*.yuv=01;35:*.cgm=01;35:*.emf=01;35:*.ogv=01;35:*.ogx=01;35:*.aac=00;36:*.au=00;36:*.flac=00;36:*.m4a=00;36:*.mid=00;36:*.midi=00;36:*.mka=00;36:*.mp3=00;36:*.mpc=00;36:*.ogg=00;36:*.ra=00;36:*.wav=00;36:*.oga=00;36:*.opus=00;36:*.spx=00;36:*.xspf=00;36:'), ('GNOME_TERMINAL_SERVICE', ':1.108'), ('SSH_AGENT_LAUNCHER', 'gnome-keyring'), ('SSH_AUTH_SOCK', '/run/user/1000/keyring/ssh'), ('AMENT_PREFIX_PATH', '/home/subbu/slam_ws/install/ov_init:/home/subbu/slam_ws/install/ov_eval:/home/subbu/slam_ws/install/ov_data:/home/subbu/slam_ws/install/ov_core:/home/subbu/slam_ws/install/challenge_tools_ros:/opt/ros/humble'), ('SHELL', '/bin/bash'), ('QT_ACCESSIBILITY', '1'), ('GDMSESSION', 'ubuntu'), ('LESSCLOSE', '/usr/bin/lesspipe %s %s'), ('QT_IM_MODULE', 'ibus'), ('PWD', '/home/subbu/slam_ws/build/ov_data'), ('LC_ALL', 'en_US.UTF-8'), ('XDG_CONFIG_DIRS', '/etc/xdg/xdg-ubuntu:/etc/xdg'), ('XDG_DATA_DIRS', '/usr/share/ubuntu:/usr/local/share/:/usr/share/:/var/lib/snapd/desktop'), ('PYTHONPATH', '/home/subbu/slam_ws/install/challenge_tools_ros/local/lib/python3.10/dist-packages:/opt/ros/humble/lib/python3.10/site-packages:/opt/ros/humble/local/lib/python3.10/dist-packages'), ('COLCON', '1'), ('VTE_VERSION', '6800'), ('CMAKE_PREFIX_PATH', '/home/subbu/slam_ws/install/ov_init:/home/subbu/slam_ws/install/ov_eval:/home/subbu/slam_ws/install/ov_data:/home/subbu/slam_ws/install/ov_core:/home/subbu/slam_ws/install/challenge_tools_ros:/opt/ros/humble')]), 'shell': False}
[3.907402] (-) TimerEvent: {}
[3.945531] (ov_data) CommandEnded: {'returncode': 0}
[3.946342] (ov_data) JobProgress: {'identifier': 'ov_data', 'progress': 'install'}
[3.947168] (ov_data) Command: {'cmd': ['/usr/bin/cmake', '--install', '/home/subbu/slam_ws/build/ov_data'], 'cwd': '/home/subbu/slam_ws/build/ov_data', 'env': OrderedDict([('LESSOPEN', '| /usr/bin/lesspipe %s'), ('LANGUAGE', 'en_US:en'), ('USER', 'subbu'), ('XDG_SESSION_TYPE', 'wayland'), ('SHLVL', '1'), ('LD_LIBRARY_PATH', '/home/subbu/slam_ws/install/ov_init/lib:/home/subbu/slam_ws/install/ov_eval/lib:/home/subbu/slam_ws/install/ov_core/lib:/opt/ros/humble/opt/rviz_ogre_vendor/lib:/opt/ros/humble/lib/x86_64-linux-gnu:/opt/ros/humble/lib'), ('HOME', '/home/subbu'), ('OLDPWD', '/home/subbu/slam_ws/src'), ('DESKTOP_SESSION', 'ubuntu'), ('ROS_PYTHON_VERSION', '3'), ('GNOME_SHELL_SESSION_MODE', 'ubuntu'), ('GTK_MODULES', 'gail:atk-bridge'), ('SYSTEMD_EXEC_PID', '1661'), ('DBUS_SESSION_BUS_ADDRESS', 'unix:path=/run/user/1000/bus'), ('COLORTERM', 'truecolor'), ('IM_CONFIG_PHASE', '1'), ('WAYLAND_DISPLAY', 'wayland-0'), ('COLCON_PREFIX_PATH', '/home/subbu/slam_ws/install'), ('ROS_DISTRO', 'humble'), ('LOGNAME', 'subbu'), ('_', '/usr/bin/colcon'), ('ROS_VERSION', '2'), ('XDG_SESSION_CLASS', 'user'), ('USERNAME', 'subbu'), ('TERM', 'xterm-256color'), ('GNOME_DESKTOP_SESSION_ID', 'this-is-deprecated'), ('ROS_LOCALHOST_ONLY', '0'), ('PATH', '/opt/ros/humble/bin:/usr/local/sbin:/usr/local/bin:/usr/sbin:/usr/bin:/sbin:/bin:/usr/games:/usr/local/games:/snap/bin:/snap/bin'), ('SESSION_MANAGER', 'local/orob-sub-hp:@/tmp/.ICE-unix/1622,unix/orob-sub-hp:/tmp/.ICE-unix/1622'), ('XDG_MENU_PREFIX', 'gnome-'), ('GNOME_TERMINAL_SCREEN', '/org/gnome/Terminal/screen/0797116a_72d7_4743_b7a4_3742ed52e0dd'), ('GNOME_SETUP_DISPLAY', ':1'), ('XDG_RUNTIME_DIR', '/run/user/1000'), ('DISPLAY', ':0'), ('LANG', 'en_US.UTF-8'), ('XDG_CURRENT_DESKTOP', 'ubuntu:GNOME'), ('XMODIFIERS', '@im=ibus'), ('XDG_SESSION_DESKTOP', 'ubuntu'), ('XAUTHORITY', '/run/user/1000/.mutter-Xwaylandauth.ZC8EJ3'), ('LS_COLORS', 'rs=0:di=01;34:ln=01;36:mh=00:pi=40;33:so=01;35:do=01;35:bd=40;33;01:cd=40;33;01:or=40;31;01:mi=00:su=37;41:sg=30;43:ca=30;41:tw=30;42:ow=34;42:st=37;44:ex=01;32:*.tar=01;31:*.tgz=01;31:*.arc=01;31:*.arj=01;31:*.taz=01;31:*.lha=01;31:*.lz4=01;31:*.lzh=01;31:*.lzma=01;31:*.tlz=01;31:*.txz=01;31:*.tzo=01;31:*.t7z=01;31:*.zip=01;31:*.z=01;31:*.dz=01;31:*.gz=01;31:*.lrz=01;31:*.lz=01;31:*.lzo=01;31:*.xz=01;31:*.zst=01;31:*.tzst=01;31:*.bz2=01;31:*.bz=01;31:*.tbz=01;31:*.tbz2=01;31:*.tz=01;31:*.deb=01;31:*.rpm=01;31:*.jar=01;31:*.war=01;31:*.ear=01;31:*.sar=01;31:*.rar=01;31:*.alz=01;31:*.ace=01;31:*.zoo=01;31:*.cpio=01;31:*.7z=01;31:*.rz=01;31:*.cab=01;31:*.wim=01;31:*.swm=01;31:*.dwm=01;31:*.esd=01;31:*.jpg=01;35:*.jpeg=01;35:*.mjpg=01;35:*.mjpeg=01;35:*.gif=01;35:*.bmp=01;35:*.pbm=01;35:*.pgm=01;35:*.ppm=01;35:*.tga=01;35:*.xbm=01;35:*.xpm=01;35:*.tif=01;35:*.tiff=01;35:*.png=01;35:*.svg=01;35:*.svgz=01;35:*.mng=01;35:*.pcx=01;35:*.mov=01;35:*.mpg=01;35:*.mpeg=01;35:*.m2v=01;35:*.mkv=01;35:*.webm=01;35:*.webp=01;35:*.ogm=01;35:*.mp4=01;35:*.m4v=01;35:*.mp4v=01;35:*.vob=01;35:*.qt=01;35:*.nuv=01;35:*.wmv=01;35:*.asf=01;35:*.rm=01;35:*.rmvb=01;35:*.flc=01;35:*.avi=01;35:*.fli=01;35:*.flv=01;35:*.gl=01;35:*.dl=01;35:*.xcf=01;35:*.xwd=01;35:*.yuv=01;35:*.cgm=01;35:*.emf=01;35:*.ogv=01;35:*.ogx=01;35:*.aac=00;36:*.au=00;36:*.flac=00;36:*.m4a=00;36:*.mid=00;36:*.midi=00;36:*.mka=00;36:*.mp3=00;36:*.mpc=00;36:*.ogg=00;36:*.ra=00;36:*.wav=00;36:*.oga=00;36:*.opus=00;36:*.spx=00;36:*.xspf=00;36:'), ('GNOME_TERMINAL_SERVICE', ':1.108'), ('SSH_AGENT_LAUNCHER', 'gnome-keyring'), ('SSH_AUTH_SOCK', '/run/user/1000/keyring/ssh'), ('AMENT_PREFIX_PATH', '/home/subbu/slam_ws/install/ov_init:/home/subbu/slam_ws/install/ov_eval:/home/subbu/slam_ws/install/ov_data:/home/subbu/slam_ws/install/ov_core:/home/subbu/slam_ws/install/challenge_tools_ros:/opt/ros/humble'), ('SHELL', '/bin/bash'), ('QT_ACCESSIBILITY', '1'), ('GDMSESSION', 'ubuntu'), ('LESSCLOSE', '/usr/bin/lesspipe %s %s'), ('QT_IM_MODULE', 'ibus'), ('PWD', '/home/subbu/slam_ws/build/ov_data'), ('LC_ALL', 'en_US.UTF-8'), ('XDG_CONFIG_DIRS', '/etc/xdg/xdg-ubuntu:/etc/xdg'), ('XDG_DATA_DIRS', '/usr/share/ubuntu:/usr/local/share/:/usr/share/:/var/lib/snapd/desktop'), ('PYTHONPATH', '/home/subbu/slam_ws/install/challenge_tools_ros/local/lib/python3.10/dist-packages:/opt/ros/humble/lib/python3.10/site-packages:/opt/ros/humble/local/lib/python3.10/dist-packages'), ('COLCON', '1'), ('VTE_VERSION', '6800'), ('CMAKE_PREFIX_PATH', '/home/subbu/slam_ws/install/ov_init:/home/subbu/slam_ws/install/ov_eval:/home/subbu/slam_ws/install/ov_data:/home/subbu/slam_ws/install/ov_core:/home/subbu/slam_ws/install/challenge_tools_ros:/opt/ros/humble')]), 'shell': False}
[3.955138] (ov_data) StdoutLine: {'line': b'-- Install configuration: ""\n'}
[3.955579] (ov_data) StdoutLine: {'line': b'-- Execute custom install script\n'}
[3.955868] (ov_data) StdoutLine: {'line': b'-- Up-to-date symlink: /home/subbu/slam_ws/install/ov_data/share/ament_index/resource_index/package_run_dependencies/ov_data\n'}
[3.956517] (ov_data) StdoutLine: {'line': b'-- Up-to-date symlink: /home/subbu/slam_ws/install/ov_data/share/ament_index/resource_index/parent_prefix_path/ov_data\n'}
[3.957014] (ov_data) StdoutLine: {'line': b'-- Up-to-date symlink: /home/subbu/slam_ws/install/ov_data/share/ov_data/environment/ament_prefix_path.sh\n'}
[3.957204] (ov_data) StdoutLine: {'line': b'-- Up-to-date symlink: /home/subbu/slam_ws/install/ov_data/share/ov_data/environment/ament_prefix_path.dsv\n'}
[3.957568] (ov_data) StdoutLine: {'line': b'-- Up-to-date symlink: /home/subbu/slam_ws/install/ov_data/share/ov_data/environment/path.sh\n'}
[3.957790] (ov_data) StdoutLine: {'line': b'-- Up-to-date symlink: /home/subbu/slam_ws/install/ov_data/share/ov_data/environment/path.dsv\n'}
[3.958237] (ov_data) StdoutLine: {'line': b'-- Up-to-date symlink: /home/subbu/slam_ws/install/ov_data/share/ov_data/local_setup.bash\n'}
[3.958531] (ov_data) StdoutLine: {'line': b'-- Up-to-date symlink: /home/subbu/slam_ws/install/ov_data/share/ov_data/local_setup.sh\n'}
[3.958946] (ov_data) StdoutLine: {'line': b'-- Up-to-date symlink: /home/subbu/slam_ws/install/ov_data/share/ov_data/local_setup.zsh\n'}
[3.959182] (ov_data) StdoutLine: {'line': b'-- Up-to-date symlink: /home/subbu/slam_ws/install/ov_data/share/ov_data/local_setup.dsv\n'}
[3.959376] (ov_data) StdoutLine: {'line': b'-- Symlinking: /home/subbu/slam_ws/install/ov_data/share/ov_data/package.dsv\n'}
[3.969727] (ov_data) StdoutLine: {'line': b'-- Up-to-date symlink: /home/subbu/slam_ws/install/ov_data/share/ament_index/resource_index/packages/ov_data\n'}
[3.970352] (ov_data) StdoutLine: {'line': b'-- Up-to-date symlink: /home/subbu/slam_ws/install/ov_data/share/ov_data/cmake/ov_dataConfig.cmake\n'}
[3.970560] (ov_data) StdoutLine: {'line': b'-- Up-to-date symlink: /home/subbu/slam_ws/install/ov_data/share/ov_data/cmake/ov_dataConfig-version.cmake\n'}
[3.970840] (ov_data) StdoutLine: {'line': b'-- Up-to-date symlink: /home/subbu/slam_ws/install/ov_data/share/ov_data/package.xml\n'}
[3.973835] (ov_data) CommandEnded: {'returncode': 0}
[3.986970] (ov_data) JobEnded: {'identifier': 'ov_data', 'rc': 0}
[3.987668] (ov_eval) JobStarted: {'identifier': 'ov_eval'}
[3.995368] (ov_eval) JobProgress: {'identifier': 'ov_eval', 'progress': 'cmake'}
[3.997769] (ov_eval) Command: {'cmd': ['/usr/bin/cmake', '/home/subbu/slam_ws/src/open_vins/ov_eval', '-DCMAKE_INSTALL_PREFIX=/home/subbu/slam_ws/install/ov_eval'], 'cwd': '/home/subbu/slam_ws/build/ov_eval', 'env': OrderedDict([('LESSOPEN', '| /usr/bin/lesspipe %s'), ('LANGUAGE', 'en_US:en'), ('USER', 'subbu'), ('XDG_SESSION_TYPE', 'wayland'), ('SHLVL', '1'), ('LD_LIBRARY_PATH', '/home/subbu/slam_ws/install/ov_core/lib:/home/subbu/slam_ws/install/ov_init/lib:/home/subbu/slam_ws/install/ov_eval/lib:/opt/ros/humble/opt/rviz_ogre_vendor/lib:/opt/ros/humble/lib/x86_64-linux-gnu:/opt/ros/humble/lib'), ('HOME', '/home/subbu'), ('OLDPWD', '/home/subbu/slam_ws/src'), ('DESKTOP_SESSION', 'ubuntu'), ('ROS_PYTHON_VERSION', '3'), ('GNOME_SHELL_SESSION_MODE', 'ubuntu'), ('GTK_MODULES', 'gail:atk-bridge'), ('SYSTEMD_EXEC_PID', '1661'), ('DBUS_SESSION_BUS_ADDRESS', 'unix:path=/run/user/1000/bus'), ('COLORTERM', 'truecolor'), ('IM_CONFIG_PHASE', '1'), ('WAYLAND_DISPLAY', 'wayland-0'), ('COLCON_PREFIX_PATH', '/home/subbu/slam_ws/install'), ('ROS_DISTRO', 'humble'), ('LOGNAME', 'subbu'), ('_', '/usr/bin/colcon'), ('ROS_VERSION', '2'), ('XDG_SESSION_CLASS', 'user'), ('USERNAME', 'subbu'), ('TERM', 'xterm-256color'), ('GNOME_DESKTOP_SESSION_ID', 'this-is-deprecated'), ('ROS_LOCALHOST_ONLY', '0'), ('PATH', '/opt/ros/humble/bin:/usr/local/sbin:/usr/local/bin:/usr/sbin:/usr/bin:/sbin:/bin:/usr/games:/usr/local/games:/snap/bin:/snap/bin'), ('SESSION_MANAGER', 'local/orob-sub-hp:@/tmp/.ICE-unix/1622,unix/orob-sub-hp:/tmp/.ICE-unix/1622'), ('XDG_MENU_PREFIX', 'gnome-'), ('GNOME_TERMINAL_SCREEN', '/org/gnome/Terminal/screen/0797116a_72d7_4743_b7a4_3742ed52e0dd'), ('GNOME_SETUP_DISPLAY', ':1'), ('XDG_RUNTIME_DIR', '/run/user/1000'), ('DISPLAY', ':0'), ('LANG', 'en_US.UTF-8'), ('XDG_CURRENT_DESKTOP', 'ubuntu:GNOME'), ('XMODIFIERS', '@im=ibus'), ('XDG_SESSION_DESKTOP', 'ubuntu'), ('XAUTHORITY', '/run/user/1000/.mutter-Xwaylandauth.ZC8EJ3'), ('LS_COLORS', 'rs=0:di=01;34:ln=01;36:mh=00:pi=40;33:so=01;35:do=01;35:bd=40;33;01:cd=40;33;01:or=40;31;01:mi=00:su=37;41:sg=30;43:ca=30;41:tw=30;42:ow=34;42:st=37;44:ex=01;32:*.tar=01;31:*.tgz=01;31:*.arc=01;31:*.arj=01;31:*.taz=01;31:*.lha=01;31:*.lz4=01;31:*.lzh=01;31:*.lzma=01;31:*.tlz=01;31:*.txz=01;31:*.tzo=01;31:*.t7z=01;31:*.zip=01;31:*.z=01;31:*.dz=01;31:*.gz=01;31:*.lrz=01;31:*.lz=01;31:*.lzo=01;31:*.xz=01;31:*.zst=01;31:*.tzst=01;31:*.bz2=01;31:*.bz=01;31:*.tbz=01;31:*.tbz2=01;31:*.tz=01;31:*.deb=01;31:*.rpm=01;31:*.jar=01;31:*.war=01;31:*.ear=01;31:*.sar=01;31:*.rar=01;31:*.alz=01;31:*.ace=01;31:*.zoo=01;31:*.cpio=01;31:*.7z=01;31:*.rz=01;31:*.cab=01;31:*.wim=01;31:*.swm=01;31:*.dwm=01;31:*.esd=01;31:*.jpg=01;35:*.jpeg=01;35:*.mjpg=01;35:*.mjpeg=01;35:*.gif=01;35:*.bmp=01;35:*.pbm=01;35:*.pgm=01;35:*.ppm=01;35:*.tga=01;35:*.xbm=01;35:*.xpm=01;35:*.tif=01;35:*.tiff=01;35:*.png=01;35:*.svg=01;35:*.svgz=01;35:*.mng=01;35:*.pcx=01;35:*.mov=01;35:*.mpg=01;35:*.mpeg=01;35:*.m2v=01;35:*.mkv=01;35:*.webm=01;35:*.webp=01;35:*.ogm=01;35:*.mp4=01;35:*.m4v=01;35:*.mp4v=01;35:*.vob=01;35:*.qt=01;35:*.nuv=01;35:*.wmv=01;35:*.asf=01;35:*.rm=01;35:*.rmvb=01;35:*.flc=01;35:*.avi=01;35:*.fli=01;35:*.flv=01;35:*.gl=01;35:*.dl=01;35:*.xcf=01;35:*.xwd=01;35:*.yuv=01;35:*.cgm=01;35:*.emf=01;35:*.ogv=01;35:*.ogx=01;35:*.aac=00;36:*.au=00;36:*.flac=00;36:*.m4a=00;36:*.mid=00;36:*.midi=00;36:*.mka=00;36:*.mp3=00;36:*.mpc=00;36:*.ogg=00;36:*.ra=00;36:*.wav=00;36:*.oga=00;36:*.opus=00;36:*.spx=00;36:*.xspf=00;36:'), ('GNOME_TERMINAL_SERVICE', ':1.108'), ('SSH_AGENT_LAUNCHER', 'gnome-keyring'), ('SSH_AUTH_SOCK', '/run/user/1000/keyring/ssh'), ('AMENT_PREFIX_PATH', '/home/subbu/slam_ws/install/ov_init:/home/subbu/slam_ws/install/ov_eval:/home/subbu/slam_ws/install/ov_data:/home/subbu/slam_ws/install/ov_core:/home/subbu/slam_ws/install/challenge_tools_ros:/opt/ros/humble'), ('SHELL', '/bin/bash'), ('QT_ACCESSIBILITY', '1'), ('GDMSESSION', 'ubuntu'), ('LESSCLOSE', '/usr/bin/lesspipe %s %s'), ('QT_IM_MODULE', 'ibus'), ('PWD', '/home/subbu/slam_ws/build/ov_eval'), ('LC_ALL', 'en_US.UTF-8'), ('XDG_CONFIG_DIRS', '/etc/xdg/xdg-ubuntu:/etc/xdg'), ('XDG_DATA_DIRS', '/usr/share/ubuntu:/usr/local/share/:/usr/share/:/var/lib/snapd/desktop'), ('PYTHONPATH', '/home/subbu/slam_ws/install/challenge_tools_ros/local/lib/python3.10/dist-packages:/opt/ros/humble/lib/python3.10/site-packages:/opt/ros/humble/local/lib/python3.10/dist-packages'), ('COLCON', '1'), ('VTE_VERSION', '6800'), ('CMAKE_PREFIX_PATH', '/home/subbu/slam_ws/install/ov_core:/home/subbu/slam_ws/install/ov_init:/home/subbu/slam_ws/install/ov_eval:/home/subbu/slam_ws/install/ov_data:/home/subbu/slam_ws/install/challenge_tools_ros:/opt/ros/humble')]), 'shell': False}
[4.007510] (-) TimerEvent: {}
[4.028229] (ov_eval) StdoutLine: {'line': b'-- PYTHON VERSION: 3.10.12\n'}
[4.028437] (ov_eval) StdoutLine: {'line': b'-- PYTHON INCLUDE: /usr/include/python3.10\n'}
[4.028542] (ov_eval) StdoutLine: {'line': b'-- PYTHON LIBRARIES: /usr/lib/x86_64-linux-gnu/libpython3.10.so\n'}
[4.107626] (-) TimerEvent: {}
[4.161996] (ov_eval) StdoutLine: {'line': b'-- Override CMake install command with custom implementation using symlinks instead of copying resources\n'}
[4.170310] (ov_eval) StdoutLine: {'line': b'-- ROS *2* version found, building ROS2.cmake\n'}
[4.171222] (ov_eval) StdoutLine: {'line': b'-- Found rclcpp: 16.0.16 (/opt/ros/humble/share/rclcpp/cmake)\n'}
[4.200641] (ov_eval) StdoutLine: {'line': b'-- Found rosidl_generator_c: 3.1.7 (/opt/ros/humble/share/rosidl_generator_c/cmake)\n'}
[4.203240] (ov_eval) StdoutLine: {'line': b'-- Found rosidl_adapter: 3.1.7 (/opt/ros/humble/share/rosidl_adapter/cmake)\n'}
[4.207728] (-) TimerEvent: {}
[4.209272] (ov_eval) StdoutLine: {'line': b'-- Found rosidl_generator_cpp: 3.1.7 (/opt/ros/humble/share/rosidl_generator_cpp/cmake)\n'}
[4.219202] (ov_eval) StdoutLine: {'line': b'-- Using all available rosidl_typesupport_c: rosidl_typesupport_fastrtps_c;rosidl_typesupport_introspection_c\n'}
[4.232140] (ov_eval) StdoutLine: {'line': b'-- Using all available rosidl_typesupport_cpp: rosidl_typesupport_fastrtps_cpp;rosidl_typesupport_introspection_cpp\n'}
[4.267722] (ov_eval) StdoutLine: {'line': b'-- Found rmw_implementation_cmake: 6.1.2 (/opt/ros/humble/share/rmw_implementation_cmake/cmake)\n'}
[4.269267] (ov_eval) StdoutLine: {'line': b'-- Found rmw_fastrtps_cpp: 6.2.9 (/opt/ros/humble/share/rmw_fastrtps_cpp/cmake)\n'}
[4.307826] (-) TimerEvent: {}
[4.371507] (ov_eval) StdoutLine: {'line': b"-- Using RMW implementation 'rmw_fastrtps_cpp' as default\n"}
[4.407919] (-) TimerEvent: {}
[4.423735] (ov_eval) StdoutLine: {'line': b'-- Found ov_core: 2.7.0 (/home/subbu/slam_ws/install/ov_core/share/ov_core/cmake)\n'}
[4.508071] (-) TimerEvent: {}
[4.524413] (ov_eval) StdoutLine: {'line': b'-- Configuring done\n'}
[4.604533] (ov_eval) StdoutLine: {'line': b'-- Generating done\n'}
[4.608158] (-) TimerEvent: {}
[4.621923] (ov_eval) StdoutLine: {'line': b'-- Build files have been written to: /home/subbu/slam_ws/build/ov_eval\n'}
[4.630938] (ov_eval) CommandEnded: {'returncode': 0}
[4.631435] (ov_eval) JobProgress: {'identifier': 'ov_eval', 'progress': 'build'}
[4.631913] (ov_eval) Command: {'cmd': ['/usr/bin/cmake', '--build', '/home/subbu/slam_ws/build/ov_eval', '--', '-j8', '-l8'], 'cwd': '/home/subbu/slam_ws/build/ov_eval', 'env': OrderedDict([('LESSOPEN', '| /usr/bin/lesspipe %s'), ('LANGUAGE', 'en_US:en'), ('USER', 'subbu'), ('XDG_SESSION_TYPE', 'wayland'), ('SHLVL', '1'), ('LD_LIBRARY_PATH', '/home/subbu/slam_ws/install/ov_core/lib:/home/subbu/slam_ws/install/ov_init/lib:/home/subbu/slam_ws/install/ov_eval/lib:/opt/ros/humble/opt/rviz_ogre_vendor/lib:/opt/ros/humble/lib/x86_64-linux-gnu:/opt/ros/humble/lib'), ('HOME', '/home/subbu'), ('OLDPWD', '/home/subbu/slam_ws/src'), ('DESKTOP_SESSION', 'ubuntu'), ('ROS_PYTHON_VERSION', '3'), ('GNOME_SHELL_SESSION_MODE', 'ubuntu'), ('GTK_MODULES', 'gail:atk-bridge'), ('SYSTEMD_EXEC_PID', '1661'), ('DBUS_SESSION_BUS_ADDRESS', 'unix:path=/run/user/1000/bus'), ('COLORTERM', 'truecolor'), ('IM_CONFIG_PHASE', '1'), ('WAYLAND_DISPLAY', 'wayland-0'), ('COLCON_PREFIX_PATH', '/home/subbu/slam_ws/install'), ('ROS_DISTRO', 'humble'), ('LOGNAME', 'subbu'), ('_', '/usr/bin/colcon'), ('ROS_VERSION', '2'), ('XDG_SESSION_CLASS', 'user'), ('USERNAME', 'subbu'), ('TERM', 'xterm-256color'), ('GNOME_DESKTOP_SESSION_ID', 'this-is-deprecated'), ('ROS_LOCALHOST_ONLY', '0'), ('PATH', '/opt/ros/humble/bin:/usr/local/sbin:/usr/local/bin:/usr/sbin:/usr/bin:/sbin:/bin:/usr/games:/usr/local/games:/snap/bin:/snap/bin'), ('SESSION_MANAGER', 'local/orob-sub-hp:@/tmp/.ICE-unix/1622,unix/orob-sub-hp:/tmp/.ICE-unix/1622'), ('XDG_MENU_PREFIX', 'gnome-'), ('GNOME_TERMINAL_SCREEN', '/org/gnome/Terminal/screen/0797116a_72d7_4743_b7a4_3742ed52e0dd'), ('GNOME_SETUP_DISPLAY', ':1'), ('XDG_RUNTIME_DIR', '/run/user/1000'), ('DISPLAY', ':0'), ('LANG', 'en_US.UTF-8'), ('XDG_CURRENT_DESKTOP', 'ubuntu:GNOME'), ('XMODIFIERS', '@im=ibus'), ('XDG_SESSION_DESKTOP', 'ubuntu'), ('XAUTHORITY', '/run/user/1000/.mutter-Xwaylandauth.ZC8EJ3'), ('LS_COLORS', 'rs=0:di=01;34:ln=01;36:mh=00:pi=40;33:so=01;35:do=01;35:bd=40;33;01:cd=40;33;01:or=40;31;01:mi=00:su=37;41:sg=30;43:ca=30;41:tw=30;42:ow=34;42:st=37;44:ex=01;32:*.tar=01;31:*.tgz=01;31:*.arc=01;31:*.arj=01;31:*.taz=01;31:*.lha=01;31:*.lz4=01;31:*.lzh=01;31:*.lzma=01;31:*.tlz=01;31:*.txz=01;31:*.tzo=01;31:*.t7z=01;31:*.zip=01;31:*.z=01;31:*.dz=01;31:*.gz=01;31:*.lrz=01;31:*.lz=01;31:*.lzo=01;31:*.xz=01;31:*.zst=01;31:*.tzst=01;31:*.bz2=01;31:*.bz=01;31:*.tbz=01;31:*.tbz2=01;31:*.tz=01;31:*.deb=01;31:*.rpm=01;31:*.jar=01;31:*.war=01;31:*.ear=01;31:*.sar=01;31:*.rar=01;31:*.alz=01;31:*.ace=01;31:*.zoo=01;31:*.cpio=01;31:*.7z=01;31:*.rz=01;31:*.cab=01;31:*.wim=01;31:*.swm=01;31:*.dwm=01;31:*.esd=01;31:*.jpg=01;35:*.jpeg=01;35:*.mjpg=01;35:*.mjpeg=01;35:*.gif=01;35:*.bmp=01;35:*.pbm=01;35:*.pgm=01;35:*.ppm=01;35:*.tga=01;35:*.xbm=01;35:*.xpm=01;35:*.tif=01;35:*.tiff=01;35:*.png=01;35:*.svg=01;35:*.svgz=01;35:*.mng=01;35:*.pcx=01;35:*.mov=01;35:*.mpg=01;35:*.mpeg=01;35:*.m2v=01;35:*.mkv=01;35:*.webm=01;35:*.webp=01;35:*.ogm=01;35:*.mp4=01;35:*.m4v=01;35:*.mp4v=01;35:*.vob=01;35:*.qt=01;35:*.nuv=01;35:*.wmv=01;35:*.asf=01;35:*.rm=01;35:*.rmvb=01;35:*.flc=01;35:*.avi=01;35:*.fli=01;35:*.flv=01;35:*.gl=01;35:*.dl=01;35:*.xcf=01;35:*.xwd=01;35:*.yuv=01;35:*.cgm=01;35:*.emf=01;35:*.ogv=01;35:*.ogx=01;35:*.aac=00;36:*.au=00;36:*.flac=00;36:*.m4a=00;36:*.mid=00;36:*.midi=00;36:*.mka=00;36:*.mp3=00;36:*.mpc=00;36:*.ogg=00;36:*.ra=00;36:*.wav=00;36:*.oga=00;36:*.opus=00;36:*.spx=00;36:*.xspf=00;36:'), ('GNOME_TERMINAL_SERVICE', ':1.108'), ('SSH_AGENT_LAUNCHER', 'gnome-keyring'), ('SSH_AUTH_SOCK', '/run/user/1000/keyring/ssh'), ('AMENT_PREFIX_PATH', '/home/subbu/slam_ws/install/ov_init:/home/subbu/slam_ws/install/ov_eval:/home/subbu/slam_ws/install/ov_data:/home/subbu/slam_ws/install/ov_core:/home/subbu/slam_ws/install/challenge_tools_ros:/opt/ros/humble'), ('SHELL', '/bin/bash'), ('QT_ACCESSIBILITY', '1'), ('GDMSESSION', 'ubuntu'), ('LESSCLOSE', '/usr/bin/lesspipe %s %s'), ('QT_IM_MODULE', 'ibus'), ('PWD', '/home/subbu/slam_ws/build/ov_eval'), ('LC_ALL', 'en_US.UTF-8'), ('XDG_CONFIG_DIRS', '/etc/xdg/xdg-ubuntu:/etc/xdg'), ('XDG_DATA_DIRS', '/usr/share/ubuntu:/usr/local/share/:/usr/share/:/var/lib/snapd/desktop'), ('PYTHONPATH', '/home/subbu/slam_ws/install/challenge_tools_ros/local/lib/python3.10/dist-packages:/opt/ros/humble/lib/python3.10/site-packages:/opt/ros/humble/local/lib/python3.10/dist-packages'), ('COLCON', '1'), ('VTE_VERSION', '6800'), ('CMAKE_PREFIX_PATH', '/home/subbu/slam_ws/install/ov_core:/home/subbu/slam_ws/install/ov_init:/home/subbu/slam_ws/install/ov_eval:/home/subbu/slam_ws/install/ov_data:/home/subbu/slam_ws/install/challenge_tools_ros:/opt/ros/humble')]), 'shell': False}
[4.688456] (ov_eval) StdoutLine: {'line': b'\x1b[35m\x1b[1mConsolidate compiler generated dependencies of target ov_eval_lib\x1b[0m\n'}
[4.708293] (-) TimerEvent: {}
[4.718814] (ov_eval) StdoutLine: {'line': b'[ 25%] Built target ov_eval_lib\n'}
[4.738027] (ov_eval) StdoutLine: {'line': b'\x1b[35m\x1b[1mConsolidate compiler generated dependencies of target format_converter\x1b[0m\n'}
[4.738238] (ov_eval) StdoutLine: {'line': b'\x1b[35m\x1b[1mConsolidate compiler generated dependencies of target error_singlerun\x1b[0m\n'}
[4.738343] (ov_eval) StdoutLine: {'line': b'\x1b[35m\x1b[1mConsolidate compiler generated dependencies of target error_dataset\x1b[0m\n'}
[4.738439] (ov_eval) StdoutLine: {'line': b'\x1b[35m\x1b[1mConsolidate compiler generated dependencies of target error_comparison\x1b[0m\n'}
[4.744753] (ov_eval) StdoutLine: {'line': b'\x1b[35m\x1b[1mConsolidate compiler generated dependencies of target timing_flamegraph\x1b[0m\n'}
[4.745019] (ov_eval) StdoutLine: {'line': b'\x1b[35m\x1b[1mConsolidate compiler generated dependencies of target error_simulation\x1b[0m\n'}
[4.747724] (ov_eval) StdoutLine: {'line': b'\x1b[35m\x1b[1mConsolidate compiler generated dependencies of target timing_histogram\x1b[0m\n'}
[4.753789] (ov_eval) StdoutLine: {'line': b'\x1b[35m\x1b[1mConsolidate compiler generated dependencies of target timing_comparison\x1b[0m\n'}
[4.776263] (ov_eval) StdoutLine: {'line': b'[ 55%] Built target timing_flamegraph\n'}
[4.776483] (ov_eval) StdoutLine: {'line': b'[ 55%] Built target error_comparison\n'}
[4.776627] (ov_eval) StdoutLine: {'line': b'[ 55%] Built target format_converter\n'}
[4.776735] (ov_eval) StdoutLine: {'line': b'[ 55%] Built target error_singlerun\n'}
[4.776802] (ov_eval) StdoutLine: {'line': b'[ 62%] Built target error_dataset\n'}
[4.782619] (ov_eval) StdoutLine: {'line': b'[ 70%] Built target error_simulation\n'}
[4.784436] (ov_eval) StdoutLine: {'line': b'[ 77%] Built target timing_histogram\n'}
[4.788924] (ov_eval) StdoutLine: {'line': b'[ 85%] Built target timing_comparison\n'}
[4.790898] (ov_eval) StdoutLine: {'line': b'\x1b[35m\x1b[1mConsolidate compiler generated dependencies of target plot_trajectories\x1b[0m\n'}
[4.792129] (ov_eval) StdoutLine: {'line': b'\x1b[35m\x1b[1mConsolidate compiler generated dependencies of target timing_percentages\x1b[0m\n'}
[4.808416] (-) TimerEvent: {}
[4.812084] (ov_eval) StdoutLine: {'line': b'[ 92%] Built target plot_trajectories\n'}
[4.813258] (ov_eval) StdoutLine: {'line': b'[100%] Built target timing_percentages\n'}
[4.825303] (ov_eval) CommandEnded: {'returncode': 0}
[4.826052] (ov_eval) JobProgress: {'identifier': 'ov_eval', 'progress': 'install'}
[4.827000] (ov_eval) Command: {'cmd': ['/usr/bin/cmake', '--install', '/home/subbu/slam_ws/build/ov_eval'], 'cwd': '/home/subbu/slam_ws/build/ov_eval', 'env': OrderedDict([('LESSOPEN', '| /usr/bin/lesspipe %s'), ('LANGUAGE', 'en_US:en'), ('USER', 'subbu'), ('XDG_SESSION_TYPE', 'wayland'), ('SHLVL', '1'), ('LD_LIBRARY_PATH', '/home/subbu/slam_ws/install/ov_core/lib:/home/subbu/slam_ws/install/ov_init/lib:/home/subbu/slam_ws/install/ov_eval/lib:/opt/ros/humble/opt/rviz_ogre_vendor/lib:/opt/ros/humble/lib/x86_64-linux-gnu:/opt/ros/humble/lib'), ('HOME', '/home/subbu'), ('OLDPWD', '/home/subbu/slam_ws/src'), ('DESKTOP_SESSION', 'ubuntu'), ('ROS_PYTHON_VERSION', '3'), ('GNOME_SHELL_SESSION_MODE', 'ubuntu'), ('GTK_MODULES', 'gail:atk-bridge'), ('SYSTEMD_EXEC_PID', '1661'), ('DBUS_SESSION_BUS_ADDRESS', 'unix:path=/run/user/1000/bus'), ('COLORTERM', 'truecolor'), ('IM_CONFIG_PHASE', '1'), ('WAYLAND_DISPLAY', 'wayland-0'), ('COLCON_PREFIX_PATH', '/home/subbu/slam_ws/install'), ('ROS_DISTRO', 'humble'), ('LOGNAME', 'subbu'), ('_', '/usr/bin/colcon'), ('ROS_VERSION', '2'), ('XDG_SESSION_CLASS', 'user'), ('USERNAME', 'subbu'), ('TERM', 'xterm-256color'), ('GNOME_DESKTOP_SESSION_ID', 'this-is-deprecated'), ('ROS_LOCALHOST_ONLY', '0'), ('PATH', '/opt/ros/humble/bin:/usr/local/sbin:/usr/local/bin:/usr/sbin:/usr/bin:/sbin:/bin:/usr/games:/usr/local/games:/snap/bin:/snap/bin'), ('SESSION_MANAGER', 'local/orob-sub-hp:@/tmp/.ICE-unix/1622,unix/orob-sub-hp:/tmp/.ICE-unix/1622'), ('XDG_MENU_PREFIX', 'gnome-'), ('GNOME_TERMINAL_SCREEN', '/org/gnome/Terminal/screen/0797116a_72d7_4743_b7a4_3742ed52e0dd'), ('GNOME_SETUP_DISPLAY', ':1'), ('XDG_RUNTIME_DIR', '/run/user/1000'), ('DISPLAY', ':0'), ('LANG', 'en_US.UTF-8'), ('XDG_CURRENT_DESKTOP', 'ubuntu:GNOME'), ('XMODIFIERS', '@im=ibus'), ('XDG_SESSION_DESKTOP', 'ubuntu'), ('XAUTHORITY', '/run/user/1000/.mutter-Xwaylandauth.ZC8EJ3'), ('LS_COLORS', 'rs=0:di=01;34:ln=01;36:mh=00:pi=40;33:so=01;35:do=01;35:bd=40;33;01:cd=40;33;01:or=40;31;01:mi=00:su=37;41:sg=30;43:ca=30;41:tw=30;42:ow=34;42:st=37;44:ex=01;32:*.tar=01;31:*.tgz=01;31:*.arc=01;31:*.arj=01;31:*.taz=01;31:*.lha=01;31:*.lz4=01;31:*.lzh=01;31:*.lzma=01;31:*.tlz=01;31:*.txz=01;31:*.tzo=01;31:*.t7z=01;31:*.zip=01;31:*.z=01;31:*.dz=01;31:*.gz=01;31:*.lrz=01;31:*.lz=01;31:*.lzo=01;31:*.xz=01;31:*.zst=01;31:*.tzst=01;31:*.bz2=01;31:*.bz=01;31:*.tbz=01;31:*.tbz2=01;31:*.tz=01;31:*.deb=01;31:*.rpm=01;31:*.jar=01;31:*.war=01;31:*.ear=01;31:*.sar=01;31:*.rar=01;31:*.alz=01;31:*.ace=01;31:*.zoo=01;31:*.cpio=01;31:*.7z=01;31:*.rz=01;31:*.cab=01;31:*.wim=01;31:*.swm=01;31:*.dwm=01;31:*.esd=01;31:*.jpg=01;35:*.jpeg=01;35:*.mjpg=01;35:*.mjpeg=01;35:*.gif=01;35:*.bmp=01;35:*.pbm=01;35:*.pgm=01;35:*.ppm=01;35:*.tga=01;35:*.xbm=01;35:*.xpm=01;35:*.tif=01;35:*.tiff=01;35:*.png=01;35:*.svg=01;35:*.svgz=01;35:*.mng=01;35:*.pcx=01;35:*.mov=01;35:*.mpg=01;35:*.mpeg=01;35:*.m2v=01;35:*.mkv=01;35:*.webm=01;35:*.webp=01;35:*.ogm=01;35:*.mp4=01;35:*.m4v=01;35:*.mp4v=01;35:*.vob=01;35:*.qt=01;35:*.nuv=01;35:*.wmv=01;35:*.asf=01;35:*.rm=01;35:*.rmvb=01;35:*.flc=01;35:*.avi=01;35:*.fli=01;35:*.flv=01;35:*.gl=01;35:*.dl=01;35:*.xcf=01;35:*.xwd=01;35:*.yuv=01;35:*.cgm=01;35:*.emf=01;35:*.ogv=01;35:*.ogx=01;35:*.aac=00;36:*.au=00;36:*.flac=00;36:*.m4a=00;36:*.mid=00;36:*.midi=00;36:*.mka=00;36:*.mp3=00;36:*.mpc=00;36:*.ogg=00;36:*.ra=00;36:*.wav=00;36:*.oga=00;36:*.opus=00;36:*.spx=00;36:*.xspf=00;36:'), ('GNOME_TERMINAL_SERVICE', ':1.108'), ('SSH_AGENT_LAUNCHER', 'gnome-keyring'), ('SSH_AUTH_SOCK', '/run/user/1000/keyring/ssh'), ('AMENT_PREFIX_PATH', '/home/subbu/slam_ws/install/ov_init:/home/subbu/slam_ws/install/ov_eval:/home/subbu/slam_ws/install/ov_data:/home/subbu/slam_ws/install/ov_core:/home/subbu/slam_ws/install/challenge_tools_ros:/opt/ros/humble'), ('SHELL', '/bin/bash'), ('QT_ACCESSIBILITY', '1'), ('GDMSESSION', 'ubuntu'), ('LESSCLOSE', '/usr/bin/lesspipe %s %s'), ('QT_IM_MODULE', 'ibus'), ('PWD', '/home/subbu/slam_ws/build/ov_eval'), ('LC_ALL', 'en_US.UTF-8'), ('XDG_CONFIG_DIRS', '/etc/xdg/xdg-ubuntu:/etc/xdg'), ('XDG_DATA_DIRS', '/usr/share/ubuntu:/usr/local/share/:/usr/share/:/var/lib/snapd/desktop'), ('PYTHONPATH', '/home/subbu/slam_ws/install/challenge_tools_ros/local/lib/python3.10/dist-packages:/opt/ros/humble/lib/python3.10/site-packages:/opt/ros/humble/local/lib/python3.10/dist-packages'), ('COLCON', '1'), ('VTE_VERSION', '6800'), ('CMAKE_PREFIX_PATH', '/home/subbu/slam_ws/install/ov_core:/home/subbu/slam_ws/install/ov_init:/home/subbu/slam_ws/install/ov_eval:/home/subbu/slam_ws/install/ov_data:/home/subbu/slam_ws/install/challenge_tools_ros:/opt/ros/humble')]), 'shell': False}
[4.835469] (ov_eval) StdoutLine: {'line': b'-- Install configuration: ""\n'}
[4.836125] (ov_eval) StdoutLine: {'line': b'-- Execute custom install script\n'}
[4.836663] (ov_eval) StdoutLine: {'line': b'-- Up-to-date symlink: /home/subbu/slam_ws/install/ov_eval/share/ov_eval/environment/library_path.sh\n'}
[4.836966] (ov_eval) StdoutLine: {'line': b'-- Up-to-date symlink: /home/subbu/slam_ws/install/ov_eval/share/ov_eval/environment/library_path.dsv\n'}
[4.837980] (ov_eval) StdoutLine: {'line': b'-- Up-to-date symlink: /home/subbu/slam_ws/install/ov_eval/lib/ov_eval/format_converter\n'}
[4.838465] (ov_eval) StdoutLine: {'line': b'-- Up-to-date symlink: /home/subbu/slam_ws/install/ov_eval/lib/ov_eval/error_comparison\n'}
[4.838854] (ov_eval) StdoutLine: {'line': b'-- Up-to-date symlink: /home/subbu/slam_ws/install/ov_eval/lib/ov_eval/error_dataset\n'}
[4.839282] (ov_eval) StdoutLine: {'line': b'-- Up-to-date symlink: /home/subbu/slam_ws/install/ov_eval/lib/ov_eval/error_singlerun\n'}
[4.839671] (ov_eval) StdoutLine: {'line': b'-- Up-to-date symlink: /home/subbu/slam_ws/install/ov_eval/lib/ov_eval/error_simulation\n'}
[4.840078] (ov_eval) StdoutLine: {'line': b'-- Up-to-date symlink: /home/subbu/slam_ws/install/ov_eval/lib/ov_eval/timing_comparison\n'}
[4.840468] (ov_eval) StdoutLine: {'line': b'-- Up-to-date symlink: /home/subbu/slam_ws/install/ov_eval/lib/ov_eval/timing_flamegraph\n'}
[4.840888] (ov_eval) StdoutLine: {'line': b'-- Up-to-date symlink: /home/subbu/slam_ws/install/ov_eval/lib/ov_eval/timing_histogram\n'}
[4.841292] (ov_eval) StdoutLine: {'line': b'-- Up-to-date symlink: /home/subbu/slam_ws/install/ov_eval/lib/ov_eval/timing_percentages\n'}
[4.841686] (ov_eval) StdoutLine: {'line': b'-- Up-to-date symlink: /home/subbu/slam_ws/install/ov_eval/lib/ov_eval/plot_trajectories\n'}
[4.841999] (ov_eval) StdoutLine: {'line': b'-- Up-to-date symlink: /home/subbu/slam_ws/install/ov_eval/share/ament_index/resource_index/package_run_dependencies/ov_eval\n'}
[4.842704] (ov_eval) StdoutLine: {'line': b'-- Up-to-date symlink: /home/subbu/slam_ws/install/ov_eval/share/ament_index/resource_index/parent_prefix_path/ov_eval\n'}
[4.843135] (ov_eval) StdoutLine: {'line': b'-- Up-to-date symlink: /home/subbu/slam_ws/install/ov_eval/share/ov_eval/environment/ament_prefix_path.sh\n'}
[4.843406] (ov_eval) StdoutLine: {'line': b'-- Up-to-date symlink: /home/subbu/slam_ws/install/ov_eval/share/ov_eval/environment/ament_prefix_path.dsv\n'}
[4.843886] (ov_eval) StdoutLine: {'line': b'-- Up-to-date symlink: /home/subbu/slam_ws/install/ov_eval/share/ov_eval/environment/path.sh\n'}
[4.844182] (ov_eval) StdoutLine: {'line': b'-- Up-to-date symlink: /home/subbu/slam_ws/install/ov_eval/share/ov_eval/environment/path.dsv\n'}
[4.844596] (ov_eval) StdoutLine: {'line': b'-- Up-to-date symlink: /home/subbu/slam_ws/install/ov_eval/share/ov_eval/local_setup.bash\n'}
[4.845097] (ov_eval) StdoutLine: {'line': b'-- Up-to-date symlink: /home/subbu/slam_ws/install/ov_eval/share/ov_eval/local_setup.sh\n'}
[4.845510] (ov_eval) StdoutLine: {'line': b'-- Up-to-date symlink: /home/subbu/slam_ws/install/ov_eval/share/ov_eval/local_setup.zsh\n'}
[4.845793] (ov_eval) StdoutLine: {'line': b'-- Up-to-date symlink: /home/subbu/slam_ws/install/ov_eval/share/ov_eval/local_setup.dsv\n'}
[4.846050] (ov_eval) StdoutLine: {'line': b'-- Symlinking: /home/subbu/slam_ws/install/ov_eval/share/ov_eval/package.dsv\n'}
[4.856181] (ov_eval) StdoutLine: {'line': b'-- Up-to-date symlink: /home/subbu/slam_ws/install/ov_eval/share/ament_index/resource_index/packages/ov_eval\n'}
[4.856557] (ov_eval) StdoutLine: {'line': b'-- Up-to-date symlink: /home/subbu/slam_ws/install/ov_eval/share/ov_eval/cmake/ament_cmake_export_include_directories-extras.cmake\n'}
[4.856968] (ov_eval) StdoutLine: {'line': b'-- Up-to-date symlink: /home/subbu/slam_ws/install/ov_eval/share/ov_eval/cmake/ament_cmake_export_libraries-extras.cmake\n'}
[4.857398] (ov_eval) StdoutLine: {'line': b'-- Up-to-date symlink: /home/subbu/slam_ws/install/ov_eval/share/ov_eval/cmake/ov_evalConfig.cmake\n'}
[4.857576] (ov_eval) StdoutLine: {'line': b'-- Up-to-date symlink: /home/subbu/slam_ws/install/ov_eval/share/ov_eval/cmake/ov_evalConfig-version.cmake\n'}
[4.857890] (ov_eval) StdoutLine: {'line': b'-- Up-to-date symlink: /home/subbu/slam_ws/install/ov_eval/share/ov_eval/package.xml\n'}
[4.858896] (ov_eval) StdoutLine: {'line': b'-- Up-to-date: /home/subbu/slam_ws/install/ov_eval/lib/libov_eval_lib.so\n'}
[4.859207] (ov_eval) StdoutLine: {'line': b'-- Up-to-date: /home/subbu/slam_ws/install/ov_eval/include\n'}
[4.859386] (ov_eval) StdoutLine: {'line': b'-- Up-to-date: /home/subbu/slam_ws/install/ov_eval/include/utils\n'}
[4.859566] (ov_eval) StdoutLine: {'line': b'-- Up-to-date: /home/subbu/slam_ws/install/ov_eval/include/utils/Statistics.h\n'}
[4.859715] (ov_eval) StdoutLine: {'line': b'-- Up-to-date: /home/subbu/slam_ws/install/ov_eval/include/utils/Loader.h\n'}
[4.859880] (ov_eval) StdoutLine: {'line': b'-- Up-to-date: /home/subbu/slam_ws/install/ov_eval/include/utils/Recorder.h\n'}
[4.860019] (ov_eval) StdoutLine: {'line': b'-- Up-to-date: /home/subbu/slam_ws/install/ov_eval/include/alignment\n'}
[4.860194] (ov_eval) StdoutLine: {'line': b'-- Up-to-date: /home/subbu/slam_ws/install/ov_eval/include/alignment/AlignTrajectory.h\n'}
[4.860318] (ov_eval) StdoutLine: {'line': b'-- Up-to-date: /home/subbu/slam_ws/install/ov_eval/include/alignment/AlignUtils.h\n'}
[4.860425] (ov_eval) StdoutLine: {'line': b'-- Up-to-date: /home/subbu/slam_ws/install/ov_eval/include/calc\n'}
[4.860529] (ov_eval) StdoutLine: {'line': b'-- Up-to-date: /home/subbu/slam_ws/install/ov_eval/include/calc/ResultSimulation.h\n'}
[4.860643] (ov_eval) StdoutLine: {'line': b'-- Up-to-date: /home/subbu/slam_ws/install/ov_eval/include/calc/ResultTrajectory.h\n'}
[4.863446] (ov_eval) CommandEnded: {'returncode': 0}
[4.879384] (ov_eval) JobEnded: {'identifier': 'ov_eval', 'rc': 0}
[4.880807] (ov_init) JobStarted: {'identifier': 'ov_init'}
[4.888194] (ov_init) JobProgress: {'identifier': 'ov_init', 'progress': 'cmake'}
[4.891291] (ov_init) Command: {'cmd': ['/usr/bin/cmake', '/home/subbu/slam_ws/src/open_vins/ov_init', '-DCMAKE_INSTALL_PREFIX=/home/subbu/slam_ws/install/ov_init'], 'cwd': '/home/subbu/slam_ws/build/ov_init', 'env': OrderedDict([('LESSOPEN', '| /usr/bin/lesspipe %s'), ('LANGUAGE', 'en_US:en'), ('USER', 'subbu'), ('XDG_SESSION_TYPE', 'wayland'), ('SHLVL', '1'), ('LD_LIBRARY_PATH', '/home/subbu/slam_ws/install/ov_core/lib:/home/subbu/slam_ws/install/ov_init/lib:/home/subbu/slam_ws/install/ov_eval/lib:/opt/ros/humble/opt/rviz_ogre_vendor/lib:/opt/ros/humble/lib/x86_64-linux-gnu:/opt/ros/humble/lib'), ('HOME', '/home/subbu'), ('OLDPWD', '/home/subbu/slam_ws/src'), ('DESKTOP_SESSION', 'ubuntu'), ('ROS_PYTHON_VERSION', '3'), ('GNOME_SHELL_SESSION_MODE', 'ubuntu'), ('GTK_MODULES', 'gail:atk-bridge'), ('SYSTEMD_EXEC_PID', '1661'), ('DBUS_SESSION_BUS_ADDRESS', 'unix:path=/run/user/1000/bus'), ('COLORTERM', 'truecolor'), ('IM_CONFIG_PHASE', '1'), ('WAYLAND_DISPLAY', 'wayland-0'), ('COLCON_PREFIX_PATH', '/home/subbu/slam_ws/install'), ('ROS_DISTRO', 'humble'), ('LOGNAME', 'subbu'), ('_', '/usr/bin/colcon'), ('ROS_VERSION', '2'), ('XDG_SESSION_CLASS', 'user'), ('USERNAME', 'subbu'), ('TERM', 'xterm-256color'), ('GNOME_DESKTOP_SESSION_ID', 'this-is-deprecated'), ('ROS_LOCALHOST_ONLY', '0'), ('PATH', '/opt/ros/humble/bin:/usr/local/sbin:/usr/local/bin:/usr/sbin:/usr/bin:/sbin:/bin:/usr/games:/usr/local/games:/snap/bin:/snap/bin'), ('SESSION_MANAGER', 'local/orob-sub-hp:@/tmp/.ICE-unix/1622,unix/orob-sub-hp:/tmp/.ICE-unix/1622'), ('XDG_MENU_PREFIX', 'gnome-'), ('GNOME_TERMINAL_SCREEN', '/org/gnome/Terminal/screen/0797116a_72d7_4743_b7a4_3742ed52e0dd'), ('GNOME_SETUP_DISPLAY', ':1'), ('XDG_RUNTIME_DIR', '/run/user/1000'), ('DISPLAY', ':0'), ('LANG', 'en_US.UTF-8'), ('XDG_CURRENT_DESKTOP', 'ubuntu:GNOME'), ('XMODIFIERS', '@im=ibus'), ('XDG_SESSION_DESKTOP', 'ubuntu'), ('XAUTHORITY', '/run/user/1000/.mutter-Xwaylandauth.ZC8EJ3'), ('LS_COLORS', 'rs=0:di=01;34:ln=01;36:mh=00:pi=40;33:so=01;35:do=01;35:bd=40;33;01:cd=40;33;01:or=40;31;01:mi=00:su=37;41:sg=30;43:ca=30;41:tw=30;42:ow=34;42:st=37;44:ex=01;32:*.tar=01;31:*.tgz=01;31:*.arc=01;31:*.arj=01;31:*.taz=01;31:*.lha=01;31:*.lz4=01;31:*.lzh=01;31:*.lzma=01;31:*.tlz=01;31:*.txz=01;31:*.tzo=01;31:*.t7z=01;31:*.zip=01;31:*.z=01;31:*.dz=01;31:*.gz=01;31:*.lrz=01;31:*.lz=01;31:*.lzo=01;31:*.xz=01;31:*.zst=01;31:*.tzst=01;31:*.bz2=01;31:*.bz=01;31:*.tbz=01;31:*.tbz2=01;31:*.tz=01;31:*.deb=01;31:*.rpm=01;31:*.jar=01;31:*.war=01;31:*.ear=01;31:*.sar=01;31:*.rar=01;31:*.alz=01;31:*.ace=01;31:*.zoo=01;31:*.cpio=01;31:*.7z=01;31:*.rz=01;31:*.cab=01;31:*.wim=01;31:*.swm=01;31:*.dwm=01;31:*.esd=01;31:*.jpg=01;35:*.jpeg=01;35:*.mjpg=01;35:*.mjpeg=01;35:*.gif=01;35:*.bmp=01;35:*.pbm=01;35:*.pgm=01;35:*.ppm=01;35:*.tga=01;35:*.xbm=01;35:*.xpm=01;35:*.tif=01;35:*.tiff=01;35:*.png=01;35:*.svg=01;35:*.svgz=01;35:*.mng=01;35:*.pcx=01;35:*.mov=01;35:*.mpg=01;35:*.mpeg=01;35:*.m2v=01;35:*.mkv=01;35:*.webm=01;35:*.webp=01;35:*.ogm=01;35:*.mp4=01;35:*.m4v=01;35:*.mp4v=01;35:*.vob=01;35:*.qt=01;35:*.nuv=01;35:*.wmv=01;35:*.asf=01;35:*.rm=01;35:*.rmvb=01;35:*.flc=01;35:*.avi=01;35:*.fli=01;35:*.flv=01;35:*.gl=01;35:*.dl=01;35:*.xcf=01;35:*.xwd=01;35:*.yuv=01;35:*.cgm=01;35:*.emf=01;35:*.ogv=01;35:*.ogx=01;35:*.aac=00;36:*.au=00;36:*.flac=00;36:*.m4a=00;36:*.mid=00;36:*.midi=00;36:*.mka=00;36:*.mp3=00;36:*.mpc=00;36:*.ogg=00;36:*.ra=00;36:*.wav=00;36:*.oga=00;36:*.opus=00;36:*.spx=00;36:*.xspf=00;36:'), ('GNOME_TERMINAL_SERVICE', ':1.108'), ('SSH_AGENT_LAUNCHER', 'gnome-keyring'), ('SSH_AUTH_SOCK', '/run/user/1000/keyring/ssh'), ('AMENT_PREFIX_PATH', '/home/subbu/slam_ws/install/ov_init:/home/subbu/slam_ws/install/ov_eval:/home/subbu/slam_ws/install/ov_data:/home/subbu/slam_ws/install/ov_core:/home/subbu/slam_ws/install/challenge_tools_ros:/opt/ros/humble'), ('SHELL', '/bin/bash'), ('QT_ACCESSIBILITY', '1'), ('GDMSESSION', 'ubuntu'), ('LESSCLOSE', '/usr/bin/lesspipe %s %s'), ('QT_IM_MODULE', 'ibus'), ('PWD', '/home/subbu/slam_ws/build/ov_init'), ('LC_ALL', 'en_US.UTF-8'), ('XDG_CONFIG_DIRS', '/etc/xdg/xdg-ubuntu:/etc/xdg'), ('XDG_DATA_DIRS', '/usr/share/ubuntu:/usr/local/share/:/usr/share/:/var/lib/snapd/desktop'), ('PYTHONPATH', '/home/subbu/slam_ws/install/challenge_tools_ros/local/lib/python3.10/dist-packages:/opt/ros/humble/lib/python3.10/site-packages:/opt/ros/humble/local/lib/python3.10/dist-packages'), ('COLCON', '1'), ('VTE_VERSION', '6800'), ('CMAKE_PREFIX_PATH', '/home/subbu/slam_ws/install/ov_core:/home/subbu/slam_ws/install/ov_init:/home/subbu/slam_ws/install/ov_eval:/home/subbu/slam_ws/install/ov_data:/home/subbu/slam_ws/install/challenge_tools_ros:/opt/ros/humble')]), 'shell': False}
[4.908534] (-) TimerEvent: {}
[4.939896] (ov_init) StdoutLine: {'line': b'-- Found required Ceres dependency: Eigen version 3.4.0 in /usr/include/eigen3\n'}
[4.943500] (ov_init) StdoutLine: {'line': b'-- Found required Ceres dependency: glog\n'}
[4.944112] (ov_init) StdoutLine: {'line': b'-- Found required Ceres dependency: gflags\n'}
[4.944673] (ov_init) StdoutLine: {'line': b'-- Found Ceres version: 2.0.0 installed in: /usr with components: [EigenSparse, SparseLinearAlgebraLibrary, LAPACK, SuiteSparse, CXSparse, SchurSpecializations, Multithreading]\n'}
[4.944771] (ov_init) StdoutLine: {'line': b'-- OPENCV: 4.5.4 | BOOST: 1.74.0 | CERES: 2.0.0\n'}
[4.946244] (ov_init) StdoutLine: {'line': b'-- PYTHON VERSION: 3.10.12\n'}
[4.946346] (ov_init) StdoutLine: {'line': b'-- PYTHON INCLUDE: /usr/include/python3.10\n'}
[4.946408] (ov_init) StdoutLine: {'line': b'-- PYTHON LIBRARIES: /usr/lib/x86_64-linux-gnu/libpython3.10.so\n'}
[5.008680] (-) TimerEvent: {}
[5.092734] (ov_init) StdoutLine: {'line': b'-- Override CMake install command with custom implementation using symlinks instead of copying resources\n'}
[5.101147] (ov_init) StdoutLine: {'line': b'-- ROS *2* version found, building ROS2.cmake\n'}
[5.102073] (ov_init) StdoutLine: {'line': b'-- Found rclcpp: 16.0.16 (/opt/ros/humble/share/rclcpp/cmake)\n'}
[5.108738] (-) TimerEvent: {}
[5.133630] (ov_init) StdoutLine: {'line': b'-- Found rosidl_generator_c: 3.1.7 (/opt/ros/humble/share/rosidl_generator_c/cmake)\n'}
[5.136728] (ov_init) StdoutLine: {'line': b'-- Found rosidl_adapter: 3.1.7 (/opt/ros/humble/share/rosidl_adapter/cmake)\n'}
[5.143272] (ov_init) StdoutLine: {'line': b'-- Found rosidl_generator_cpp: 3.1.7 (/opt/ros/humble/share/rosidl_generator_cpp/cmake)\n'}
[5.153340] (ov_init) StdoutLine: {'line': b'-- Using all available rosidl_typesupport_c: rosidl_typesupport_fastrtps_c;rosidl_typesupport_introspection_c\n'}
[5.166655] (ov_init) StdoutLine: {'line': b'-- Using all available rosidl_typesupport_cpp: rosidl_typesupport_fastrtps_cpp;rosidl_typesupport_introspection_cpp\n'}
[5.200278] (ov_init) StdoutLine: {'line': b'-- Found rmw_implementation_cmake: 6.1.2 (/opt/ros/humble/share/rmw_implementation_cmake/cmake)\n'}
[5.201737] (ov_init) StdoutLine: {'line': b'-- Found rmw_fastrtps_cpp: 6.2.9 (/opt/ros/humble/share/rmw_fastrtps_cpp/cmake)\n'}
[5.208821] (-) TimerEvent: {}
[5.303320] (ov_init) StdoutLine: {'line': b"-- Using RMW implementation 'rmw_fastrtps_cpp' as default\n"}
[5.308922] (-) TimerEvent: {}
[5.355074] (ov_init) StdoutLine: {'line': b'-- Found cv_bridge: 3.2.1 (/opt/ros/humble/share/cv_bridge/cmake)\n'}
[5.387496] (ov_init) StdoutLine: {'line': b'-- Found ov_core: 2.7.0 (/home/subbu/slam_ws/install/ov_core/share/ov_core/cmake)\n'}
[5.409064] (-) TimerEvent: {}
[5.479945] (ov_init) StdoutLine: {'line': b'-- Configuring done\n'}
[5.509182] (-) TimerEvent: {}
[5.530739] (ov_init) StdoutLine: {'line': b'-- Generating done\n'}
[5.543224] (ov_init) StdoutLine: {'line': b'-- Build files have been written to: /home/subbu/slam_ws/build/ov_init\n'}
[5.551743] (ov_init) CommandEnded: {'returncode': 0}
[5.552497] (ov_init) JobProgress: {'identifier': 'ov_init', 'progress': 'build'}
[5.553265] (ov_init) Command: {'cmd': ['/usr/bin/cmake', '--build', '/home/subbu/slam_ws/build/ov_init', '--', '-j8', '-l8'], 'cwd': '/home/subbu/slam_ws/build/ov_init', 'env': OrderedDict([('LESSOPEN', '| /usr/bin/lesspipe %s'), ('LANGUAGE', 'en_US:en'), ('USER', 'subbu'), ('XDG_SESSION_TYPE', 'wayland'), ('SHLVL', '1'), ('LD_LIBRARY_PATH', '/home/subbu/slam_ws/install/ov_core/lib:/home/subbu/slam_ws/install/ov_init/lib:/home/subbu/slam_ws/install/ov_eval/lib:/opt/ros/humble/opt/rviz_ogre_vendor/lib:/opt/ros/humble/lib/x86_64-linux-gnu:/opt/ros/humble/lib'), ('HOME', '/home/subbu'), ('OLDPWD', '/home/subbu/slam_ws/src'), ('DESKTOP_SESSION', 'ubuntu'), ('ROS_PYTHON_VERSION', '3'), ('GNOME_SHELL_SESSION_MODE', 'ubuntu'), ('GTK_MODULES', 'gail:atk-bridge'), ('SYSTEMD_EXEC_PID', '1661'), ('DBUS_SESSION_BUS_ADDRESS', 'unix:path=/run/user/1000/bus'), ('COLORTERM', 'truecolor'), ('IM_CONFIG_PHASE', '1'), ('WAYLAND_DISPLAY', 'wayland-0'), ('COLCON_PREFIX_PATH', '/home/subbu/slam_ws/install'), ('ROS_DISTRO', 'humble'), ('LOGNAME', 'subbu'), ('_', '/usr/bin/colcon'), ('ROS_VERSION', '2'), ('XDG_SESSION_CLASS', 'user'), ('USERNAME', 'subbu'), ('TERM', 'xterm-256color'), ('GNOME_DESKTOP_SESSION_ID', 'this-is-deprecated'), ('ROS_LOCALHOST_ONLY', '0'), ('PATH', '/opt/ros/humble/bin:/usr/local/sbin:/usr/local/bin:/usr/sbin:/usr/bin:/sbin:/bin:/usr/games:/usr/local/games:/snap/bin:/snap/bin'), ('SESSION_MANAGER', 'local/orob-sub-hp:@/tmp/.ICE-unix/1622,unix/orob-sub-hp:/tmp/.ICE-unix/1622'), ('XDG_MENU_PREFIX', 'gnome-'), ('GNOME_TERMINAL_SCREEN', '/org/gnome/Terminal/screen/0797116a_72d7_4743_b7a4_3742ed52e0dd'), ('GNOME_SETUP_DISPLAY', ':1'), ('XDG_RUNTIME_DIR', '/run/user/1000'), ('DISPLAY', ':0'), ('LANG', 'en_US.UTF-8'), ('XDG_CURRENT_DESKTOP', 'ubuntu:GNOME'), ('XMODIFIERS', '@im=ibus'), ('XDG_SESSION_DESKTOP', 'ubuntu'), ('XAUTHORITY', '/run/user/1000/.mutter-Xwaylandauth.ZC8EJ3'), ('LS_COLORS', 'rs=0:di=01;34:ln=01;36:mh=00:pi=40;33:so=01;35:do=01;35:bd=40;33;01:cd=40;33;01:or=40;31;01:mi=00:su=37;41:sg=30;43:ca=30;41:tw=30;42:ow=34;42:st=37;44:ex=01;32:*.tar=01;31:*.tgz=01;31:*.arc=01;31:*.arj=01;31:*.taz=01;31:*.lha=01;31:*.lz4=01;31:*.lzh=01;31:*.lzma=01;31:*.tlz=01;31:*.txz=01;31:*.tzo=01;31:*.t7z=01;31:*.zip=01;31:*.z=01;31:*.dz=01;31:*.gz=01;31:*.lrz=01;31:*.lz=01;31:*.lzo=01;31:*.xz=01;31:*.zst=01;31:*.tzst=01;31:*.bz2=01;31:*.bz=01;31:*.tbz=01;31:*.tbz2=01;31:*.tz=01;31:*.deb=01;31:*.rpm=01;31:*.jar=01;31:*.war=01;31:*.ear=01;31:*.sar=01;31:*.rar=01;31:*.alz=01;31:*.ace=01;31:*.zoo=01;31:*.cpio=01;31:*.7z=01;31:*.rz=01;31:*.cab=01;31:*.wim=01;31:*.swm=01;31:*.dwm=01;31:*.esd=01;31:*.jpg=01;35:*.jpeg=01;35:*.mjpg=01;35:*.mjpeg=01;35:*.gif=01;35:*.bmp=01;35:*.pbm=01;35:*.pgm=01;35:*.ppm=01;35:*.tga=01;35:*.xbm=01;35:*.xpm=01;35:*.tif=01;35:*.tiff=01;35:*.png=01;35:*.svg=01;35:*.svgz=01;35:*.mng=01;35:*.pcx=01;35:*.mov=01;35:*.mpg=01;35:*.mpeg=01;35:*.m2v=01;35:*.mkv=01;35:*.webm=01;35:*.webp=01;35:*.ogm=01;35:*.mp4=01;35:*.m4v=01;35:*.mp4v=01;35:*.vob=01;35:*.qt=01;35:*.nuv=01;35:*.wmv=01;35:*.asf=01;35:*.rm=01;35:*.rmvb=01;35:*.flc=01;35:*.avi=01;35:*.fli=01;35:*.flv=01;35:*.gl=01;35:*.dl=01;35:*.xcf=01;35:*.xwd=01;35:*.yuv=01;35:*.cgm=01;35:*.emf=01;35:*.ogv=01;35:*.ogx=01;35:*.aac=00;36:*.au=00;36:*.flac=00;36:*.m4a=00;36:*.mid=00;36:*.midi=00;36:*.mka=00;36:*.mp3=00;36:*.mpc=00;36:*.ogg=00;36:*.ra=00;36:*.wav=00;36:*.oga=00;36:*.opus=00;36:*.spx=00;36:*.xspf=00;36:'), ('GNOME_TERMINAL_SERVICE', ':1.108'), ('SSH_AGENT_LAUNCHER', 'gnome-keyring'), ('SSH_AUTH_SOCK', '/run/user/1000/keyring/ssh'), ('AMENT_PREFIX_PATH', '/home/subbu/slam_ws/install/ov_init:/home/subbu/slam_ws/install/ov_eval:/home/subbu/slam_ws/install/ov_data:/home/subbu/slam_ws/install/ov_core:/home/subbu/slam_ws/install/challenge_tools_ros:/opt/ros/humble'), ('SHELL', '/bin/bash'), ('QT_ACCESSIBILITY', '1'), ('GDMSESSION', 'ubuntu'), ('LESSCLOSE', '/usr/bin/lesspipe %s %s'), ('QT_IM_MODULE', 'ibus'), ('PWD', '/home/subbu/slam_ws/build/ov_init'), ('LC_ALL', 'en_US.UTF-8'), ('XDG_CONFIG_DIRS', '/etc/xdg/xdg-ubuntu:/etc/xdg'), ('XDG_DATA_DIRS', '/usr/share/ubuntu:/usr/local/share/:/usr/share/:/var/lib/snapd/desktop'), ('PYTHONPATH', '/home/subbu/slam_ws/install/challenge_tools_ros/local/lib/python3.10/dist-packages:/opt/ros/humble/lib/python3.10/site-packages:/opt/ros/humble/local/lib/python3.10/dist-packages'), ('COLCON', '1'), ('VTE_VERSION', '6800'), ('CMAKE_PREFIX_PATH', '/home/subbu/slam_ws/install/ov_core:/home/subbu/slam_ws/install/ov_init:/home/subbu/slam_ws/install/ov_eval:/home/subbu/slam_ws/install/ov_data:/home/subbu/slam_ws/install/challenge_tools_ros:/opt/ros/humble')]), 'shell': False}
[5.609327] (-) TimerEvent: {}
[5.614008] (ov_init) StdoutLine: {'line': b'\x1b[35m\x1b[1mConsolidate compiler generated dependencies of target ov_init_lib\x1b[0m\n'}
[5.667390] (ov_init) StdoutLine: {'line': b'[ 62%] Built target ov_init_lib\n'}
[5.681746] (ov_init) StdoutLine: {'line': b'\x1b[35m\x1b[1mConsolidate compiler generated dependencies of target test_dynamic_mle\x1b[0m\n'}
[5.682022] (ov_init) StdoutLine: {'line': b'\x1b[35m\x1b[1mConsolidate compiler generated dependencies of target test_simulation\x1b[0m\n'}
[5.682202] (ov_init) StdoutLine: {'line': b'\x1b[35m\x1b[1mConsolidate compiler generated dependencies of target test_dynamic_init\x1b[0m\n'}
[5.709450] (-) TimerEvent: {}
[5.710416] (ov_init) StdoutLine: {'line': b'[ 87%] Built target test_simulation\n'}
[5.710662] (ov_init) StdoutLine: {'line': b'[ 87%] Built target test_dynamic_init\n'}
[5.711776] (ov_init) StdoutLine: {'line': b'[100%] Built target test_dynamic_mle\n'}
[5.724152] (ov_init) CommandEnded: {'returncode': 0}
[5.725118] (ov_init) JobProgress: {'identifier': 'ov_init', 'progress': 'install'}
[5.726589] (ov_init) Command: {'cmd': ['/usr/bin/cmake', '--install', '/home/subbu/slam_ws/build/ov_init'], 'cwd': '/home/subbu/slam_ws/build/ov_init', 'env': OrderedDict([('LESSOPEN', '| /usr/bin/lesspipe %s'), ('LANGUAGE', 'en_US:en'), ('USER', 'subbu'), ('XDG_SESSION_TYPE', 'wayland'), ('SHLVL', '1'), ('LD_LIBRARY_PATH', '/home/subbu/slam_ws/install/ov_core/lib:/home/subbu/slam_ws/install/ov_init/lib:/home/subbu/slam_ws/install/ov_eval/lib:/opt/ros/humble/opt/rviz_ogre_vendor/lib:/opt/ros/humble/lib/x86_64-linux-gnu:/opt/ros/humble/lib'), ('HOME', '/home/subbu'), ('OLDPWD', '/home/subbu/slam_ws/src'), ('DESKTOP_SESSION', 'ubuntu'), ('ROS_PYTHON_VERSION', '3'), ('GNOME_SHELL_SESSION_MODE', 'ubuntu'), ('GTK_MODULES', 'gail:atk-bridge'), ('SYSTEMD_EXEC_PID', '1661'), ('DBUS_SESSION_BUS_ADDRESS', 'unix:path=/run/user/1000/bus'), ('COLORTERM', 'truecolor'), ('IM_CONFIG_PHASE', '1'), ('WAYLAND_DISPLAY', 'wayland-0'), ('COLCON_PREFIX_PATH', '/home/subbu/slam_ws/install'), ('ROS_DISTRO', 'humble'), ('LOGNAME', 'subbu'), ('_', '/usr/bin/colcon'), ('ROS_VERSION', '2'), ('XDG_SESSION_CLASS', 'user'), ('USERNAME', 'subbu'), ('TERM', 'xterm-256color'), ('GNOME_DESKTOP_SESSION_ID', 'this-is-deprecated'), ('ROS_LOCALHOST_ONLY', '0'), ('PATH', '/opt/ros/humble/bin:/usr/local/sbin:/usr/local/bin:/usr/sbin:/usr/bin:/sbin:/bin:/usr/games:/usr/local/games:/snap/bin:/snap/bin'), ('SESSION_MANAGER', 'local/orob-sub-hp:@/tmp/.ICE-unix/1622,unix/orob-sub-hp:/tmp/.ICE-unix/1622'), ('XDG_MENU_PREFIX', 'gnome-'), ('GNOME_TERMINAL_SCREEN', '/org/gnome/Terminal/screen/0797116a_72d7_4743_b7a4_3742ed52e0dd'), ('GNOME_SETUP_DISPLAY', ':1'), ('XDG_RUNTIME_DIR', '/run/user/1000'), ('DISPLAY', ':0'), ('LANG', 'en_US.UTF-8'), ('XDG_CURRENT_DESKTOP', 'ubuntu:GNOME'), ('XMODIFIERS', '@im=ibus'), ('XDG_SESSION_DESKTOP', 'ubuntu'), ('XAUTHORITY', '/run/user/1000/.mutter-Xwaylandauth.ZC8EJ3'), ('LS_COLORS', 'rs=0:di=01;34:ln=01;36:mh=00:pi=40;33:so=01;35:do=01;35:bd=40;33;01:cd=40;33;01:or=40;31;01:mi=00:su=37;41:sg=30;43:ca=30;41:tw=30;42:ow=34;42:st=37;44:ex=01;32:*.tar=01;31:*.tgz=01;31:*.arc=01;31:*.arj=01;31:*.taz=01;31:*.lha=01;31:*.lz4=01;31:*.lzh=01;31:*.lzma=01;31:*.tlz=01;31:*.txz=01;31:*.tzo=01;31:*.t7z=01;31:*.zip=01;31:*.z=01;31:*.dz=01;31:*.gz=01;31:*.lrz=01;31:*.lz=01;31:*.lzo=01;31:*.xz=01;31:*.zst=01;31:*.tzst=01;31:*.bz2=01;31:*.bz=01;31:*.tbz=01;31:*.tbz2=01;31:*.tz=01;31:*.deb=01;31:*.rpm=01;31:*.jar=01;31:*.war=01;31:*.ear=01;31:*.sar=01;31:*.rar=01;31:*.alz=01;31:*.ace=01;31:*.zoo=01;31:*.cpio=01;31:*.7z=01;31:*.rz=01;31:*.cab=01;31:*.wim=01;31:*.swm=01;31:*.dwm=01;31:*.esd=01;31:*.jpg=01;35:*.jpeg=01;35:*.mjpg=01;35:*.mjpeg=01;35:*.gif=01;35:*.bmp=01;35:*.pbm=01;35:*.pgm=01;35:*.ppm=01;35:*.tga=01;35:*.xbm=01;35:*.xpm=01;35:*.tif=01;35:*.tiff=01;35:*.png=01;35:*.svg=01;35:*.svgz=01;35:*.mng=01;35:*.pcx=01;35:*.mov=01;35:*.mpg=01;35:*.mpeg=01;35:*.m2v=01;35:*.mkv=01;35:*.webm=01;35:*.webp=01;35:*.ogm=01;35:*.mp4=01;35:*.m4v=01;35:*.mp4v=01;35:*.vob=01;35:*.qt=01;35:*.nuv=01;35:*.wmv=01;35:*.asf=01;35:*.rm=01;35:*.rmvb=01;35:*.flc=01;35:*.avi=01;35:*.fli=01;35:*.flv=01;35:*.gl=01;35:*.dl=01;35:*.xcf=01;35:*.xwd=01;35:*.yuv=01;35:*.cgm=01;35:*.emf=01;35:*.ogv=01;35:*.ogx=01;35:*.aac=00;36:*.au=00;36:*.flac=00;36:*.m4a=00;36:*.mid=00;36:*.midi=00;36:*.mka=00;36:*.mp3=00;36:*.mpc=00;36:*.ogg=00;36:*.ra=00;36:*.wav=00;36:*.oga=00;36:*.opus=00;36:*.spx=00;36:*.xspf=00;36:'), ('GNOME_TERMINAL_SERVICE', ':1.108'), ('SSH_AGENT_LAUNCHER', 'gnome-keyring'), ('SSH_AUTH_SOCK', '/run/user/1000/keyring/ssh'), ('AMENT_PREFIX_PATH', '/home/subbu/slam_ws/install/ov_init:/home/subbu/slam_ws/install/ov_eval:/home/subbu/slam_ws/install/ov_data:/home/subbu/slam_ws/install/ov_core:/home/subbu/slam_ws/install/challenge_tools_ros:/opt/ros/humble'), ('SHELL', '/bin/bash'), ('QT_ACCESSIBILITY', '1'), ('GDMSESSION', 'ubuntu'), ('LESSCLOSE', '/usr/bin/lesspipe %s %s'), ('QT_IM_MODULE', 'ibus'), ('PWD', '/home/subbu/slam_ws/build/ov_init'), ('LC_ALL', 'en_US.UTF-8'), ('XDG_CONFIG_DIRS', '/etc/xdg/xdg-ubuntu:/etc/xdg'), ('XDG_DATA_DIRS', '/usr/share/ubuntu:/usr/local/share/:/usr/share/:/var/lib/snapd/desktop'), ('PYTHONPATH', '/home/subbu/slam_ws/install/challenge_tools_ros/local/lib/python3.10/dist-packages:/opt/ros/humble/lib/python3.10/site-packages:/opt/ros/humble/local/lib/python3.10/dist-packages'), ('COLCON', '1'), ('VTE_VERSION', '6800'), ('CMAKE_PREFIX_PATH', '/home/subbu/slam_ws/install/ov_core:/home/subbu/slam_ws/install/ov_init:/home/subbu/slam_ws/install/ov_eval:/home/subbu/slam_ws/install/ov_data:/home/subbu/slam_ws/install/challenge_tools_ros:/opt/ros/humble')]), 'shell': False}
[5.734322] (ov_init) StdoutLine: {'line': b'-- Install configuration: ""\n'}
[5.734771] (ov_init) StdoutLine: {'line': b'-- Execute custom install script\n'}
[5.735480] (ov_init) StdoutLine: {'line': b'-- Up-to-date symlink: /home/subbu/slam_ws/install/ov_init/share/ov_init/environment/library_path.sh\n'}
[5.735729] (ov_init) StdoutLine: {'line': b'-- Up-to-date symlink: /home/subbu/slam_ws/install/ov_init/share/ov_init/environment/library_path.dsv\n'}
[5.736229] (ov_init) StdoutLine: {'line': b'-- Up-to-date symlink: /home/subbu/slam_ws/install/ov_init/lib/ov_init/test_simulation\n'}
[5.736553] (ov_init) StdoutLine: {'line': b'-- Up-to-date symlink: /home/subbu/slam_ws/install/ov_init/lib/ov_init/test_dynamic_mle\n'}
[5.737003] (ov_init) StdoutLine: {'line': b'-- Up-to-date symlink: /home/subbu/slam_ws/install/ov_init/lib/ov_init/test_dynamic_init\n'}
[5.738026] (ov_init) StdoutLine: {'line': b'-- Up-to-date symlink: /home/subbu/slam_ws/install/ov_init/share/ov_init/launch//display.rviz\n'}
[5.738320] (ov_init) StdoutLine: {'line': b'-- Up-to-date symlink: /home/subbu/slam_ws/install/ov_init/share/ov_init/launch//dynamic.launch\n'}
[5.738473] (ov_init) StdoutLine: {'line': b'-- Up-to-date symlink: /home/subbu/slam_ws/install/ov_init/share/ov_init/launch//mle.launch\n'}
[5.738624] (ov_init) StdoutLine: {'line': b'-- Up-to-date symlink: /home/subbu/slam_ws/install/ov_init/share/ament_index/resource_index/package_run_dependencies/ov_init\n'}
[5.739315] (ov_init) StdoutLine: {'line': b'-- Up-to-date symlink: /home/subbu/slam_ws/install/ov_init/share/ament_index/resource_index/parent_prefix_path/ov_init\n'}
[5.739599] (ov_init) StdoutLine: {'line': b'-- Up-to-date symlink: /home/subbu/slam_ws/install/ov_init/share/ov_init/environment/ament_prefix_path.sh\n'}
[5.739739] (ov_init) StdoutLine: {'line': b'-- Up-to-date symlink: /home/subbu/slam_ws/install/ov_init/share/ov_init/environment/ament_prefix_path.dsv\n'}
[5.740064] (ov_init) StdoutLine: {'line': b'-- Up-to-date symlink: /home/subbu/slam_ws/install/ov_init/share/ov_init/environment/path.sh\n'}
[5.740211] (ov_init) StdoutLine: {'line': b'-- Up-to-date symlink: /home/subbu/slam_ws/install/ov_init/share/ov_init/environment/path.dsv\n'}
[5.740433] (ov_init) StdoutLine: {'line': b'-- Up-to-date symlink: /home/subbu/slam_ws/install/ov_init/share/ov_init/local_setup.bash\n'}
[5.740796] (ov_init) StdoutLine: {'line': b'-- Up-to-date symlink: /home/subbu/slam_ws/install/ov_init/share/ov_init/local_setup.sh\n'}
[5.741043] (ov_init) StdoutLine: {'line': b'-- Up-to-date symlink: /home/subbu/slam_ws/install/ov_init/share/ov_init/local_setup.zsh\n'}
[5.741187] (ov_init) StdoutLine: {'line': b'-- Up-to-date symlink: /home/subbu/slam_ws/install/ov_init/share/ov_init/local_setup.dsv\n'}
[5.741342] (ov_init) StdoutLine: {'line': b'-- Symlinking: /home/subbu/slam_ws/install/ov_init/share/ov_init/package.dsv\n'}
[5.751332] (ov_init) StdoutLine: {'line': b'-- Up-to-date symlink: /home/subbu/slam_ws/install/ov_init/share/ament_index/resource_index/packages/ov_init\n'}
[5.751839] (ov_init) StdoutLine: {'line': b'-- Up-to-date symlink: /home/subbu/slam_ws/install/ov_init/share/ov_init/cmake/ament_cmake_export_include_directories-extras.cmake\n'}
[5.752081] (ov_init) StdoutLine: {'line': b'-- Up-to-date symlink: /home/subbu/slam_ws/install/ov_init/share/ov_init/cmake/ament_cmake_export_libraries-extras.cmake\n'}
[5.752310] (ov_init) StdoutLine: {'line': b'-- Up-to-date symlink: /home/subbu/slam_ws/install/ov_init/share/ov_init/cmake/ov_initConfig.cmake\n'}
[5.752682] (ov_init) StdoutLine: {'line': b'-- Up-to-date symlink: /home/subbu/slam_ws/install/ov_init/share/ov_init/cmake/ov_initConfig-version.cmake\n'}
[5.752901] (ov_init) StdoutLine: {'line': b'-- Up-to-date symlink: /home/subbu/slam_ws/install/ov_init/share/ov_init/package.xml\n'}
[5.754049] (ov_init) StdoutLine: {'line': b'-- Up-to-date: /home/subbu/slam_ws/install/ov_init/lib/libov_init_lib.so\n'}
[5.754504] (ov_init) StdoutLine: {'line': b'-- Up-to-date: /home/subbu/slam_ws/install/ov_init/include\n'}
[5.754764] (ov_init) StdoutLine: {'line': b'-- Up-to-date: /home/subbu/slam_ws/install/ov_init/include/utils\n'}
[5.754949] (ov_init) StdoutLine: {'line': b'-- Up-to-date: /home/subbu/slam_ws/install/ov_init/include/utils/helper.h\n'}
[5.755161] (ov_init) StdoutLine: {'line': b'-- Up-to-date: /home/subbu/slam_ws/install/ov_init/include/sim\n'}
[5.755308] (ov_init) StdoutLine: {'line': b'-- Up-to-date: /home/subbu/slam_ws/install/ov_init/include/sim/SimulatorInit.h\n'}
[5.755439] (ov_init) StdoutLine: {'line': b'-- Up-to-date: /home/subbu/slam_ws/install/ov_init/include/init\n'}
[5.755565] (ov_init) StdoutLine: {'line': b'-- Up-to-date: /home/subbu/slam_ws/install/ov_init/include/init/InertialInitializerOptions.h\n'}
[5.755754] (ov_init) StdoutLine: {'line': b'-- Up-to-date: /home/subbu/slam_ws/install/ov_init/include/init/InertialInitializer.h\n'}
[5.755870] (ov_init) StdoutLine: {'line': b'-- Up-to-date: /home/subbu/slam_ws/install/ov_init/include/ceres\n'}
[5.755972] (ov_init) StdoutLine: {'line': b'-- Up-to-date: /home/subbu/slam_ws/install/ov_init/include/ceres/State_JPLQuatLocal.h\n'}
[5.756072] (ov_init) StdoutLine: {'line': b'-- Up-to-date: /home/subbu/slam_ws/install/ov_init/include/ceres/Factor_ImuCPIv1.h\n'}
[5.756171] (ov_init) StdoutLine: {'line': b'-- Up-to-date: /home/subbu/slam_ws/install/ov_init/include/ceres/Factor_GenericPrior.h\n'}
[5.756270] (ov_init) StdoutLine: {'line': b'-- Up-to-date: /home/subbu/slam_ws/install/ov_init/include/ceres/Factor_ImageReprojCalib.h\n'}
[5.756370] (ov_init) StdoutLine: {'line': b'-- Up-to-date: /home/subbu/slam_ws/install/ov_init/include/static\n'}
[5.756469] (ov_init) StdoutLine: {'line': b'-- Up-to-date: /home/subbu/slam_ws/install/ov_init/include/static/StaticInitializer.h\n'}
[5.756571] (ov_init) StdoutLine: {'line': b'-- Up-to-date: /home/subbu/slam_ws/install/ov_init/include/dynamic\n'}
[5.756683] (ov_init) StdoutLine: {'line': b'-- Up-to-date: /home/subbu/slam_ws/install/ov_init/include/dynamic/DynamicInitializer.h\n'}
[5.757850] (ov_init) CommandEnded: {'returncode': 0}
[5.782955] (ov_init) JobEnded: {'identifier': 'ov_init', 'rc': 0}
[5.783663] (ov_msckf) JobStarted: {'identifier': 'ov_msckf'}
[5.795588] (ov_msckf) JobProgress: {'identifier': 'ov_msckf', 'progress': 'cmake'}
[5.796903] (ov_msckf) JobProgress: {'identifier': 'ov_msckf', 'progress': 'build'}
[5.797659] (ov_msckf) Command: {'cmd': ['/usr/bin/cmake', '--build', '/home/subbu/slam_ws/build/ov_msckf', '--', '-j8', '-l8'], 'cwd': '/home/subbu/slam_ws/build/ov_msckf', 'env': OrderedDict([('LESSOPEN', '| /usr/bin/lesspipe %s'), ('LANGUAGE', 'en_US:en'), ('USER', 'subbu'), ('XDG_SESSION_TYPE', 'wayland'), ('SHLVL', '1'), ('LD_LIBRARY_PATH', '/home/subbu/slam_ws/install/ov_init/lib:/home/subbu/slam_ws/install/ov_core/lib:/home/subbu/slam_ws/install/ov_eval/lib:/opt/ros/humble/opt/rviz_ogre_vendor/lib:/opt/ros/humble/lib/x86_64-linux-gnu:/opt/ros/humble/lib'), ('HOME', '/home/subbu'), ('OLDPWD', '/home/subbu/slam_ws/src'), ('DESKTOP_SESSION', 'ubuntu'), ('ROS_PYTHON_VERSION', '3'), ('GNOME_SHELL_SESSION_MODE', 'ubuntu'), ('GTK_MODULES', 'gail:atk-bridge'), ('SYSTEMD_EXEC_PID', '1661'), ('DBUS_SESSION_BUS_ADDRESS', 'unix:path=/run/user/1000/bus'), ('COLORTERM', 'truecolor'), ('IM_CONFIG_PHASE', '1'), ('WAYLAND_DISPLAY', 'wayland-0'), ('COLCON_PREFIX_PATH', '/home/subbu/slam_ws/install'), ('ROS_DISTRO', 'humble'), ('LOGNAME', 'subbu'), ('_', '/usr/bin/colcon'), ('ROS_VERSION', '2'), ('XDG_SESSION_CLASS', 'user'), ('USERNAME', 'subbu'), ('TERM', 'xterm-256color'), ('GNOME_DESKTOP_SESSION_ID', 'this-is-deprecated'), ('ROS_LOCALHOST_ONLY', '0'), ('PATH', '/opt/ros/humble/bin:/usr/local/sbin:/usr/local/bin:/usr/sbin:/usr/bin:/sbin:/bin:/usr/games:/usr/local/games:/snap/bin:/snap/bin'), ('SESSION_MANAGER', 'local/orob-sub-hp:@/tmp/.ICE-unix/1622,unix/orob-sub-hp:/tmp/.ICE-unix/1622'), ('XDG_MENU_PREFIX', 'gnome-'), ('GNOME_TERMINAL_SCREEN', '/org/gnome/Terminal/screen/0797116a_72d7_4743_b7a4_3742ed52e0dd'), ('GNOME_SETUP_DISPLAY', ':1'), ('XDG_RUNTIME_DIR', '/run/user/1000'), ('DISPLAY', ':0'), ('LANG', 'en_US.UTF-8'), ('XDG_CURRENT_DESKTOP', 'ubuntu:GNOME'), ('XMODIFIERS', '@im=ibus'), ('XDG_SESSION_DESKTOP', 'ubuntu'), ('XAUTHORITY', '/run/user/1000/.mutter-Xwaylandauth.ZC8EJ3'), ('LS_COLORS', 'rs=0:di=01;34:ln=01;36:mh=00:pi=40;33:so=01;35:do=01;35:bd=40;33;01:cd=40;33;01:or=40;31;01:mi=00:su=37;41:sg=30;43:ca=30;41:tw=30;42:ow=34;42:st=37;44:ex=01;32:*.tar=01;31:*.tgz=01;31:*.arc=01;31:*.arj=01;31:*.taz=01;31:*.lha=01;31:*.lz4=01;31:*.lzh=01;31:*.lzma=01;31:*.tlz=01;31:*.txz=01;31:*.tzo=01;31:*.t7z=01;31:*.zip=01;31:*.z=01;31:*.dz=01;31:*.gz=01;31:*.lrz=01;31:*.lz=01;31:*.lzo=01;31:*.xz=01;31:*.zst=01;31:*.tzst=01;31:*.bz2=01;31:*.bz=01;31:*.tbz=01;31:*.tbz2=01;31:*.tz=01;31:*.deb=01;31:*.rpm=01;31:*.jar=01;31:*.war=01;31:*.ear=01;31:*.sar=01;31:*.rar=01;31:*.alz=01;31:*.ace=01;31:*.zoo=01;31:*.cpio=01;31:*.7z=01;31:*.rz=01;31:*.cab=01;31:*.wim=01;31:*.swm=01;31:*.dwm=01;31:*.esd=01;31:*.jpg=01;35:*.jpeg=01;35:*.mjpg=01;35:*.mjpeg=01;35:*.gif=01;35:*.bmp=01;35:*.pbm=01;35:*.pgm=01;35:*.ppm=01;35:*.tga=01;35:*.xbm=01;35:*.xpm=01;35:*.tif=01;35:*.tiff=01;35:*.png=01;35:*.svg=01;35:*.svgz=01;35:*.mng=01;35:*.pcx=01;35:*.mov=01;35:*.mpg=01;35:*.mpeg=01;35:*.m2v=01;35:*.mkv=01;35:*.webm=01;35:*.webp=01;35:*.ogm=01;35:*.mp4=01;35:*.m4v=01;35:*.mp4v=01;35:*.vob=01;35:*.qt=01;35:*.nuv=01;35:*.wmv=01;35:*.asf=01;35:*.rm=01;35:*.rmvb=01;35:*.flc=01;35:*.avi=01;35:*.fli=01;35:*.flv=01;35:*.gl=01;35:*.dl=01;35:*.xcf=01;35:*.xwd=01;35:*.yuv=01;35:*.cgm=01;35:*.emf=01;35:*.ogv=01;35:*.ogx=01;35:*.aac=00;36:*.au=00;36:*.flac=00;36:*.m4a=00;36:*.mid=00;36:*.midi=00;36:*.mka=00;36:*.mp3=00;36:*.mpc=00;36:*.ogg=00;36:*.ra=00;36:*.wav=00;36:*.oga=00;36:*.opus=00;36:*.spx=00;36:*.xspf=00;36:'), ('GNOME_TERMINAL_SERVICE', ':1.108'), ('SSH_AGENT_LAUNCHER', 'gnome-keyring'), ('SSH_AUTH_SOCK', '/run/user/1000/keyring/ssh'), ('AMENT_PREFIX_PATH', '/home/subbu/slam_ws/install/ov_init:/home/subbu/slam_ws/install/ov_eval:/home/subbu/slam_ws/install/ov_data:/home/subbu/slam_ws/install/ov_core:/home/subbu/slam_ws/install/challenge_tools_ros:/opt/ros/humble'), ('SHELL', '/bin/bash'), ('QT_ACCESSIBILITY', '1'), ('GDMSESSION', 'ubuntu'), ('LESSCLOSE', '/usr/bin/lesspipe %s %s'), ('QT_IM_MODULE', 'ibus'), ('PWD', '/home/subbu/slam_ws/build/ov_msckf'), ('LC_ALL', 'en_US.UTF-8'), ('XDG_CONFIG_DIRS', '/etc/xdg/xdg-ubuntu:/etc/xdg'), ('XDG_DATA_DIRS', '/usr/share/ubuntu:/usr/local/share/:/usr/share/:/var/lib/snapd/desktop'), ('PYTHONPATH', '/home/subbu/slam_ws/install/challenge_tools_ros/local/lib/python3.10/dist-packages:/opt/ros/humble/lib/python3.10/site-packages:/opt/ros/humble/local/lib/python3.10/dist-packages'), ('COLCON', '1'), ('VTE_VERSION', '6800'), ('CMAKE_PREFIX_PATH', '/home/subbu/slam_ws/install/ov_init:/home/subbu/slam_ws/install/ov_core:/home/subbu/slam_ws/install/ov_eval:/home/subbu/slam_ws/install/ov_data:/home/subbu/slam_ws/install/challenge_tools_ros:/opt/ros/humble')]), 'shell': False}
[5.809567] (-) TimerEvent: {}
[5.851155] (ov_msckf) StdoutLine: {'line': b'\x1b[35m\x1b[1mConsolidate compiler generated dependencies of target ov_msckf_lib\x1b[0m\n'}
[5.869115] (ov_msckf) StdoutLine: {'line': b'[  4%] \x1b[32mBuilding CXX object CMakeFiles/ov_msckf_lib.dir/src/state/State.cpp.o\x1b[0m\n'}
[5.869385] (ov_msckf) StdoutLine: {'line': b'[ 13%] \x1b[32mBuilding CXX object CMakeFiles/ov_msckf_lib.dir/src/state/StateHelper.cpp.o\x1b[0m\n'}
[5.869533] (ov_msckf) StdoutLine: {'line': b'[ 13%] \x1b[32mBuilding CXX object CMakeFiles/ov_msckf_lib.dir/src/state/Propagator.cpp.o\x1b[0m\n'}
[5.869671] (ov_msckf) StdoutLine: {'line': b'[ 18%] \x1b[32mBuilding CXX object CMakeFiles/ov_msckf_lib.dir/src/core/VioManager.cpp.o\x1b[0m\n'}
[5.869795] (ov_msckf) StdoutLine: {'line': b'[ 22%] \x1b[32mBuilding CXX object CMakeFiles/ov_msckf_lib.dir/src/sim/Simulator.cpp.o\x1b[0m\n'}
[5.870313] (ov_msckf) StdoutLine: {'line': b'[ 27%] \x1b[32mBuilding CXX object CMakeFiles/ov_msckf_lib.dir/src/core/VioManagerHelper.cpp.o\x1b[0m\n'}
[5.871326] (ov_msckf) StdoutLine: {'line': b'[ 31%] \x1b[32mBuilding CXX object CMakeFiles/ov_msckf_lib.dir/src/update/UpdaterHelper.cpp.o\x1b[0m\n'}
[5.879089] (ov_msckf) StdoutLine: {'line': b'[ 36%] \x1b[32mBuilding CXX object CMakeFiles/ov_msckf_lib.dir/src/update/UpdaterMSCKF.cpp.o\x1b[0m\n'}
[5.909752] (-) TimerEvent: {}
[6.010102] (-) TimerEvent: {}
[6.112148] (-) TimerEvent: {}
[6.212504] (-) TimerEvent: {}
[6.312974] (-) TimerEvent: {}
[6.413386] (-) TimerEvent: {}
[6.513786] (-) TimerEvent: {}
[6.614828] (-) TimerEvent: {}
[6.715163] (-) TimerEvent: {}
[6.816434] (-) TimerEvent: {}
[6.918862] (-) TimerEvent: {}
[7.019295] (-) TimerEvent: {}
[7.119896] (-) TimerEvent: {}
[7.220412] (-) TimerEvent: {}
[7.320943] (-) TimerEvent: {}
[7.423723] (-) TimerEvent: {}
[7.524110] (-) TimerEvent: {}
[7.624495] (-) TimerEvent: {}
[7.724916] (-) TimerEvent: {}
[7.826714] (-) TimerEvent: {}
[7.929151] (-) TimerEvent: {}
[8.032865] (-) TimerEvent: {}
[8.137939] (-) TimerEvent: {}
[8.241700] (-) TimerEvent: {}
[8.346720] (-) TimerEvent: {}
[8.447904] (-) TimerEvent: {}
[8.483026] (ov_msckf) StderrLine: {'line': b'gmake[2]: *** [CMakeFiles/ov_msckf_lib.dir/build.make:104: CMakeFiles/ov_msckf_lib.dir/src/state/State.cpp.o] Interrupt\n'}
[8.483286] (ov_msckf) StderrLine: {'line': b'gmake[2]: *** [CMakeFiles/ov_msckf_lib.dir/build.make:118: CMakeFiles/ov_msckf_lib.dir/src/state/StateHelper.cpp.o] Interrupt\n'}
[8.483425] (ov_msckf) StderrLine: {'line': b'gmake[2]: *** [CMakeFiles/ov_msckf_lib.dir/build.make:160: CMakeFiles/ov_msckf_lib.dir/src/core/VioManagerHelper.cpp.o] Interrupt\n'}
[8.483553] (ov_msckf) StderrLine: {'line': b'gmake[2]: *** [CMakeFiles/ov_msckf_lib.dir/build.make:132: CMakeFiles/ov_msckf_lib.dir/src/state/Propagator.cpp.o] Interrupt\n'}
[8.484456] (ov_msckf) StderrLine: {'line': b'gmake[2]: *** [CMakeFiles/ov_msckf_lib.dir/build.make:188: CMakeFiles/ov_msckf_lib.dir/src/update/UpdaterMSCKF.cpp.o] Interrupt\n'}
[8.484702] (ov_msckf) StderrLine: {'line': b'gmake[2]: *** [CMakeFiles/ov_msckf_lib.dir/build.make:146: CMakeFiles/ov_msckf_lib.dir/src/core/VioManager.cpp.o] Interrupt\n'}
[8.484820] (ov_msckf) StderrLine: {'line': b'gmake[2]: *** [CMakeFiles/ov_msckf_lib.dir/build.make:90: CMakeFiles/ov_msckf_lib.dir/src/sim/Simulator.cpp.o] Interrupt\n'}
[8.484912] (ov_msckf) StderrLine: {'line': b'gmake[2]: *** [CMakeFiles/ov_msckf_lib.dir/build.make:174: CMakeFiles/ov_msckf_lib.dir/src/update/UpdaterHelper.cpp.o] Interrupt\n'}
[8.485062] (ov_msckf) StderrLine: {'line': b'gmake[1]: *** [CMakeFiles/Makefile2:145: CMakeFiles/ov_msckf_lib.dir/all] Interrupt\n'}
[8.485406] (ov_msckf) StderrLine: {'line': b'gmake: *** [Makefile:146: all] Interrupt\n'}
[8.509580] (ov_msckf) CommandEnded: {'returncode': -2}
[8.515780] (ov_msckf) JobEnded: {'identifier': 'ov_msckf', 'rc': 'SIGINT'}
[8.516391] (-) EventReactorShutdown: {}
