[0.319s] DEBUG:colcon:Command line arguments: ['/usr/bin/colcon', 'build', '--executor', 'sequential']
[0.319s] DEBUG:colcon:Parsed command line arguments: Namespace(log_base=None, log_level=None, verb_name='build', build_base='build', install_base='install', merge_install=False, symlink_install=False, test_result_base=None, continue_on_error=False, executor='sequential', parallel_workers=8, event_handlers=None, ignore_user_meta=False, metas=['./colcon.meta'], base_paths=['.'], packages_ignore=None, packages_ignore_regex=None, paths=None, packages_up_to=None, packages_up_to_regex=None, packages_above=None, packages_above_and_dependencies=None, packages_above_depth=None, packages_select_by_dep=None, packages_skip_by_dep=None, packages_skip_up_to=None, packages_select_build_failed=False, packages_skip_build_finished=False, packages_select_test_failures=False, packages_skip_test_passed=False, packages_select=None, packages_skip=None, packages_select_regex=None, packages_skip_regex=None, packages_start=None, packages_end=None, allow_overriding=[], cmake_args=None, cmake_target=None, cmake_target_skip_unavailable=False, cmake_clean_cache=False, cmake_clean_first=False, cmake_force_configure=False, ament_cmake_args=None, catkin_cmake_args=None, catkin_skip_building_tests=False, mixin_files=None, mixin=None, verb_parser=<colcon_mixin.mixin.mixin_argument.MixinArgumentDecorator object at 0x750a6c56d0f0>, verb_extension=<colcon_core.verb.build.BuildVerb object at 0x750a6c56cac0>, main=<bound method BuildVerb.main of <colcon_core.verb.build.BuildVerb object at 0x750a6c56cac0>>, mixin_verb=('build',))
[0.668s] Level 1:colcon.colcon_core.package_discovery:discover_packages(colcon_meta) check parameters
[0.668s] Level 1:colcon.colcon_core.package_discovery:discover_packages(recursive) check parameters
[0.668s] Level 1:colcon.colcon_core.package_discovery:discover_packages(ignore) check parameters
[0.668s] Level 1:colcon.colcon_core.package_discovery:discover_packages(path) check parameters
[0.668s] Level 1:colcon.colcon_core.package_discovery:discover_packages(colcon_meta) discover
[0.668s] Level 1:colcon.colcon_core.package_discovery:discover_packages(recursive) discover
[0.668s] INFO:colcon.colcon_core.package_discovery:Crawling recursively for packages in '/home/subbu/slam_ws'
[0.669s] Level 1:colcon.colcon_core.package_identification:_identify(.) by extensions ['ignore', 'ignore_ament_install']
[0.669s] Level 1:colcon.colcon_core.package_identification:_identify(.) by extension 'ignore'
[0.669s] Level 1:colcon.colcon_core.package_identification:_identify(.) by extension 'ignore_ament_install'
[0.669s] Level 1:colcon.colcon_core.package_identification:_identify(.) by extensions ['colcon_pkg']
[0.669s] Level 1:colcon.colcon_core.package_identification:_identify(.) by extension 'colcon_pkg'
[0.669s] Level 1:colcon.colcon_core.package_identification:_identify(.) by extensions ['colcon_meta']
[0.669s] Level 1:colcon.colcon_core.package_identification:_identify(.) by extension 'colcon_meta'
[0.669s] Level 1:colcon.colcon_core.package_identification:_identify(.) by extensions ['ros']
[0.669s] Level 1:colcon.colcon_core.package_identification:_identify(.) by extension 'ros'
[0.685s] Level 1:colcon.colcon_core.package_identification:_identify(.) by extensions ['cmake', 'python']
[0.685s] Level 1:colcon.colcon_core.package_identification:_identify(.) by extension 'cmake'
[0.685s] Level 1:colcon.colcon_core.package_identification:_identify(.) by extension 'python'
[0.685s] Level 1:colcon.colcon_core.package_identification:_identify(.) by extensions ['python_setup_py']
[0.685s] Level 1:colcon.colcon_core.package_identification:_identify(.) by extension 'python_setup_py'
[0.685s] Level 1:colcon.colcon_core.package_identification:_identify(build) by extensions ['ignore', 'ignore_ament_install']
[0.685s] Level 1:colcon.colcon_core.package_identification:_identify(build) by extension 'ignore'
[0.685s] Level 1:colcon.colcon_core.package_identification:_identify(build) ignored
[0.685s] Level 1:colcon.colcon_core.package_identification:_identify(install) by extensions ['ignore', 'ignore_ament_install']
[0.685s] Level 1:colcon.colcon_core.package_identification:_identify(install) by extension 'ignore'
[0.685s] Level 1:colcon.colcon_core.package_identification:_identify(install) ignored
[0.686s] Level 1:colcon.colcon_core.package_identification:_identify(log) by extensions ['ignore', 'ignore_ament_install']
[0.686s] Level 1:colcon.colcon_core.package_identification:_identify(log) by extension 'ignore'
[0.686s] Level 1:colcon.colcon_core.package_identification:_identify(log) ignored
[0.686s] Level 1:colcon.colcon_core.package_identification:_identify(src) by extensions ['ignore', 'ignore_ament_install']
[0.686s] Level 1:colcon.colcon_core.package_identification:_identify(src) by extension 'ignore'
[0.686s] Level 1:colcon.colcon_core.package_identification:_identify(src) by extension 'ignore_ament_install'
[0.686s] Level 1:colcon.colcon_core.package_identification:_identify(src) by extensions ['colcon_pkg']
[0.686s] Level 1:colcon.colcon_core.package_identification:_identify(src) by extension 'colcon_pkg'
[0.686s] Level 1:colcon.colcon_core.package_identification:_identify(src) by extensions ['colcon_meta']
[0.686s] Level 1:colcon.colcon_core.package_identification:_identify(src) by extension 'colcon_meta'
[0.686s] Level 1:colcon.colcon_core.package_identification:_identify(src) by extensions ['ros']
[0.686s] Level 1:colcon.colcon_core.package_identification:_identify(src) by extension 'ros'
[0.686s] Level 1:colcon.colcon_core.package_identification:_identify(src) by extensions ['cmake', 'python']
[0.686s] Level 1:colcon.colcon_core.package_identification:_identify(src) by extension 'cmake'
[0.686s] Level 1:colcon.colcon_core.package_identification:_identify(src) by extension 'python'
[0.686s] Level 1:colcon.colcon_core.package_identification:_identify(src) by extensions ['python_setup_py']
[0.687s] Level 1:colcon.colcon_core.package_identification:_identify(src) by extension 'python_setup_py'
[0.687s] Level 1:colcon.colcon_core.package_identification:_identify(src/hilti-trimble-slam-challenge-2026) by extensions ['ignore', 'ignore_ament_install']
[0.687s] Level 1:colcon.colcon_core.package_identification:_identify(src/hilti-trimble-slam-challenge-2026) by extension 'ignore'
[0.687s] Level 1:colcon.colcon_core.package_identification:_identify(src/hilti-trimble-slam-challenge-2026) by extension 'ignore_ament_install'
[0.687s] Level 1:colcon.colcon_core.package_identification:_identify(src/hilti-trimble-slam-challenge-2026) by extensions ['colcon_pkg']
[0.687s] Level 1:colcon.colcon_core.package_identification:_identify(src/hilti-trimble-slam-challenge-2026) by extension 'colcon_pkg'
[0.687s] Level 1:colcon.colcon_core.package_identification:_identify(src/hilti-trimble-slam-challenge-2026) by extensions ['colcon_meta']
[0.687s] Level 1:colcon.colcon_core.package_identification:_identify(src/hilti-trimble-slam-challenge-2026) by extension 'colcon_meta'
[0.687s] Level 1:colcon.colcon_core.package_identification:_identify(src/hilti-trimble-slam-challenge-2026) by extensions ['ros']
[0.687s] Level 1:colcon.colcon_core.package_identification:_identify(src/hilti-trimble-slam-challenge-2026) by extension 'ros'
[0.691s] DEBUG:colcon.colcon_core.package_identification:Package 'src/hilti-trimble-slam-challenge-2026' with type 'ros.ament_cmake' and name 'challenge_tools_ros'
[0.691s] Level 1:colcon.colcon_core.package_identification:_identify(src/open_vins) by extensions ['ignore', 'ignore_ament_install']
[0.691s] Level 1:colcon.colcon_core.package_identification:_identify(src/open_vins) by extension 'ignore'
[0.691s] Level 1:colcon.colcon_core.package_identification:_identify(src/open_vins) by extension 'ignore_ament_install'
[0.691s] Level 1:colcon.colcon_core.package_identification:_identify(src/open_vins) by extensions ['colcon_pkg']
[0.691s] Level 1:colcon.colcon_core.package_identification:_identify(src/open_vins) by extension 'colcon_pkg'
[0.692s] Level 1:colcon.colcon_core.package_identification:_identify(src/open_vins) by extensions ['colcon_meta']
[0.692s] Level 1:colcon.colcon_core.package_identification:_identify(src/open_vins) by extension 'colcon_meta'
[0.692s] Level 1:colcon.colcon_core.package_identification:_identify(src/open_vins) by extensions ['ros']
[0.692s] Level 1:colcon.colcon_core.package_identification:_identify(src/open_vins) by extension 'ros'
[0.692s] Level 1:colcon.colcon_core.package_identification:_identify(src/open_vins) by extensions ['cmake', 'python']
[0.692s] Level 1:colcon.colcon_core.package_identification:_identify(src/open_vins) by extension 'cmake'
[0.692s] Level 1:colcon.colcon_core.package_identification:_identify(src/open_vins) by extension 'python'
[0.692s] Level 1:colcon.colcon_core.package_identification:_identify(src/open_vins) by extensions ['python_setup_py']
[0.692s] Level 1:colcon.colcon_core.package_identification:_identify(src/open_vins) by extension 'python_setup_py'
[0.692s] Level 1:colcon.colcon_core.package_identification:_identify(src/open_vins/config) by extensions ['ignore', 'ignore_ament_install']
[0.692s] Level 1:colcon.colcon_core.package_identification:_identify(src/open_vins/config) by extension 'ignore'
[0.692s] Level 1:colcon.colcon_core.package_identification:_identify(src/open_vins/config) by extension 'ignore_ament_install'
[0.692s] Level 1:colcon.colcon_core.package_identification:_identify(src/open_vins/config) by extensions ['colcon_pkg']
[0.692s] Level 1:colcon.colcon_core.package_identification:_identify(src/open_vins/config) by extension 'colcon_pkg'
[0.692s] Level 1:colcon.colcon_core.package_identification:_identify(src/open_vins/config) by extensions ['colcon_meta']
[0.693s] Level 1:colcon.colcon_core.package_identification:_identify(src/open_vins/config) by extension 'colcon_meta'
[0.693s] Level 1:colcon.colcon_core.package_identification:_identify(src/open_vins/config) by extensions ['ros']
[0.693s] Level 1:colcon.colcon_core.package_identification:_identify(src/open_vins/config) by extension 'ros'
[0.693s] Level 1:colcon.colcon_core.package_identification:_identify(src/open_vins/config) by extensions ['cmake', 'python']
[0.693s] Level 1:colcon.colcon_core.package_identification:_identify(src/open_vins/config) by extension 'cmake'
[0.693s] Level 1:colcon.colcon_core.package_identification:_identify(src/open_vins/config) by extension 'python'
[0.693s] Level 1:colcon.colcon_core.package_identification:_identify(src/open_vins/config) by extensions ['python_setup_py']
[0.693s] Level 1:colcon.colcon_core.package_identification:_identify(src/open_vins/config) by extension 'python_setup_py'
[0.693s] Level 1:colcon.colcon_core.package_identification:_identify(src/open_vins/config/euroc_mav) by extensions ['ignore', 'ignore_ament_install']
[0.693s] Level 1:colcon.colcon_core.package_identification:_identify(src/open_vins/config/euroc_mav) by extension 'ignore'
[0.693s] Level 1:colcon.colcon_core.package_identification:_identify(src/open_vins/config/euroc_mav) by extension 'ignore_ament_install'
[0.693s] Level 1:colcon.colcon_core.package_identification:_identify(src/open_vins/config/euroc_mav) by extensions ['colcon_pkg']
[0.693s] Level 1:colcon.colcon_core.package_identification:_identify(src/open_vins/config/euroc_mav) by extension 'colcon_pkg'
[0.693s] Level 1:colcon.colcon_core.package_identification:_identify(src/open_vins/config/euroc_mav) by extensions ['colcon_meta']
[0.693s] Level 1:colcon.colcon_core.package_identification:_identify(src/open_vins/config/euroc_mav) by extension 'colcon_meta'
[0.693s] Level 1:colcon.colcon_core.package_identification:_identify(src/open_vins/config/euroc_mav) by extensions ['ros']
[0.694s] Level 1:colcon.colcon_core.package_identification:_identify(src/open_vins/config/euroc_mav) by extension 'ros'
[0.694s] Level 1:colcon.colcon_core.package_identification:_identify(src/open_vins/config/euroc_mav) by extensions ['cmake', 'python']
[0.694s] Level 1:colcon.colcon_core.package_identification:_identify(src/open_vins/config/euroc_mav) by extension 'cmake'
[0.694s] Level 1:colcon.colcon_core.package_identification:_identify(src/open_vins/config/euroc_mav) by extension 'python'
[0.694s] Level 1:colcon.colcon_core.package_identification:_identify(src/open_vins/config/euroc_mav) by extensions ['python_setup_py']
[0.694s] Level 1:colcon.colcon_core.package_identification:_identify(src/open_vins/config/euroc_mav) by extension 'python_setup_py'
[0.694s] Level 1:colcon.colcon_core.package_identification:_identify(src/open_vins/config/kaist) by extensions ['ignore', 'ignore_ament_install']
[0.694s] Level 1:colcon.colcon_core.package_identification:_identify(src/open_vins/config/kaist) by extension 'ignore'
[0.694s] Level 1:colcon.colcon_core.package_identification:_identify(src/open_vins/config/kaist) by extension 'ignore_ament_install'
[0.694s] Level 1:colcon.colcon_core.package_identification:_identify(src/open_vins/config/kaist) by extensions ['colcon_pkg']
[0.694s] Level 1:colcon.colcon_core.package_identification:_identify(src/open_vins/config/kaist) by extension 'colcon_pkg'
[0.694s] Level 1:colcon.colcon_core.package_identification:_identify(src/open_vins/config/kaist) by extensions ['colcon_meta']
[0.694s] Level 1:colcon.colcon_core.package_identification:_identify(src/open_vins/config/kaist) by extension 'colcon_meta'
[0.694s] Level 1:colcon.colcon_core.package_identification:_identify(src/open_vins/config/kaist) by extensions ['ros']
[0.694s] Level 1:colcon.colcon_core.package_identification:_identify(src/open_vins/config/kaist) by extension 'ros'
[0.694s] Level 1:colcon.colcon_core.package_identification:_identify(src/open_vins/config/kaist) by extensions ['cmake', 'python']
[0.694s] Level 1:colcon.colcon_core.package_identification:_identify(src/open_vins/config/kaist) by extension 'cmake'
[0.695s] Level 1:colcon.colcon_core.package_identification:_identify(src/open_vins/config/kaist) by extension 'python'
[0.695s] Level 1:colcon.colcon_core.package_identification:_identify(src/open_vins/config/kaist) by extensions ['python_setup_py']
[0.695s] Level 1:colcon.colcon_core.package_identification:_identify(src/open_vins/config/kaist) by extension 'python_setup_py'
[0.695s] Level 1:colcon.colcon_core.package_identification:_identify(src/open_vins/config/kaist_vio) by extensions ['ignore', 'ignore_ament_install']
[0.695s] Level 1:colcon.colcon_core.package_identification:_identify(src/open_vins/config/kaist_vio) by extension 'ignore'
[0.695s] Level 1:colcon.colcon_core.package_identification:_identify(src/open_vins/config/kaist_vio) by extension 'ignore_ament_install'
[0.695s] Level 1:colcon.colcon_core.package_identification:_identify(src/open_vins/config/kaist_vio) by extensions ['colcon_pkg']
[0.695s] Level 1:colcon.colcon_core.package_identification:_identify(src/open_vins/config/kaist_vio) by extension 'colcon_pkg'
[0.695s] Level 1:colcon.colcon_core.package_identification:_identify(src/open_vins/config/kaist_vio) by extensions ['colcon_meta']
[0.695s] Level 1:colcon.colcon_core.package_identification:_identify(src/open_vins/config/kaist_vio) by extension 'colcon_meta'
[0.695s] Level 1:colcon.colcon_core.package_identification:_identify(src/open_vins/config/kaist_vio) by extensions ['ros']
[0.695s] Level 1:colcon.colcon_core.package_identification:_identify(src/open_vins/config/kaist_vio) by extension 'ros'
[0.695s] Level 1:colcon.colcon_core.package_identification:_identify(src/open_vins/config/kaist_vio) by extensions ['cmake', 'python']
[0.695s] Level 1:colcon.colcon_core.package_identification:_identify(src/open_vins/config/kaist_vio) by extension 'cmake'
[0.695s] Level 1:colcon.colcon_core.package_identification:_identify(src/open_vins/config/kaist_vio) by extension 'python'
[0.695s] Level 1:colcon.colcon_core.package_identification:_identify(src/open_vins/config/kaist_vio) by extensions ['python_setup_py']
[0.695s] Level 1:colcon.colcon_core.package_identification:_identify(src/open_vins/config/kaist_vio) by extension 'python_setup_py'
[0.696s] Level 1:colcon.colcon_core.package_identification:_identify(src/open_vins/config/rpng_aruco) by extensions ['ignore', 'ignore_ament_install']
[0.696s] Level 1:colcon.colcon_core.package_identification:_identify(src/open_vins/config/rpng_aruco) by extension 'ignore'
[0.696s] Level 1:colcon.colcon_core.package_identification:_identify(src/open_vins/config/rpng_aruco) by extension 'ignore_ament_install'
[0.696s] Level 1:colcon.colcon_core.package_identification:_identify(src/open_vins/config/rpng_aruco) by extensions ['colcon_pkg']
[0.696s] Level 1:colcon.colcon_core.package_identification:_identify(src/open_vins/config/rpng_aruco) by extension 'colcon_pkg'
[0.696s] Level 1:colcon.colcon_core.package_identification:_identify(src/open_vins/config/rpng_aruco) by extensions ['colcon_meta']
[0.696s] Level 1:colcon.colcon_core.package_identification:_identify(src/open_vins/config/rpng_aruco) by extension 'colcon_meta'
[0.696s] Level 1:colcon.colcon_core.package_identification:_identify(src/open_vins/config/rpng_aruco) by extensions ['ros']
[0.696s] Level 1:colcon.colcon_core.package_identification:_identify(src/open_vins/config/rpng_aruco) by extension 'ros'
[0.696s] Level 1:colcon.colcon_core.package_identification:_identify(src/open_vins/config/rpng_aruco) by extensions ['cmake', 'python']
[0.696s] Level 1:colcon.colcon_core.package_identification:_identify(src/open_vins/config/rpng_aruco) by extension 'cmake'
[0.696s] Level 1:colcon.colcon_core.package_identification:_identify(src/open_vins/config/rpng_aruco) by extension 'python'
[0.696s] Level 1:colcon.colcon_core.package_identification:_identify(src/open_vins/config/rpng_aruco) by extensions ['python_setup_py']
[0.696s] Level 1:colcon.colcon_core.package_identification:_identify(src/open_vins/config/rpng_aruco) by extension 'python_setup_py'
[0.696s] Level 1:colcon.colcon_core.package_identification:_identify(src/open_vins/config/rpng_ironsides) by extensions ['ignore', 'ignore_ament_install']
[0.697s] Level 1:colcon.colcon_core.package_identification:_identify(src/open_vins/config/rpng_ironsides) by extension 'ignore'
[0.697s] Level 1:colcon.colcon_core.package_identification:_identify(src/open_vins/config/rpng_ironsides) by extension 'ignore_ament_install'
[0.697s] Level 1:colcon.colcon_core.package_identification:_identify(src/open_vins/config/rpng_ironsides) by extensions ['colcon_pkg']
[0.697s] Level 1:colcon.colcon_core.package_identification:_identify(src/open_vins/config/rpng_ironsides) by extension 'colcon_pkg'
[0.697s] Level 1:colcon.colcon_core.package_identification:_identify(src/open_vins/config/rpng_ironsides) by extensions ['colcon_meta']
[0.697s] Level 1:colcon.colcon_core.package_identification:_identify(src/open_vins/config/rpng_ironsides) by extension 'colcon_meta'
[0.697s] Level 1:colcon.colcon_core.package_identification:_identify(src/open_vins/config/rpng_ironsides) by extensions ['ros']
[0.697s] Level 1:colcon.colcon_core.package_identification:_identify(src/open_vins/config/rpng_ironsides) by extension 'ros'
[0.697s] Level 1:colcon.colcon_core.package_identification:_identify(src/open_vins/config/rpng_ironsides) by extensions ['cmake', 'python']
[0.697s] Level 1:colcon.colcon_core.package_identification:_identify(src/open_vins/config/rpng_ironsides) by extension 'cmake'
[0.697s] Level 1:colcon.colcon_core.package_identification:_identify(src/open_vins/config/rpng_ironsides) by extension 'python'
[0.697s] Level 1:colcon.colcon_core.package_identification:_identify(src/open_vins/config/rpng_ironsides) by extensions ['python_setup_py']
[0.697s] Level 1:colcon.colcon_core.package_identification:_identify(src/open_vins/config/rpng_ironsides) by extension 'python_setup_py'
[0.697s] Level 1:colcon.colcon_core.package_identification:_identify(src/open_vins/config/rpng_plane) by extensions ['ignore', 'ignore_ament_install']
[0.697s] Level 1:colcon.colcon_core.package_identification:_identify(src/open_vins/config/rpng_plane) by extension 'ignore'
[0.697s] Level 1:colcon.colcon_core.package_identification:_identify(src/open_vins/config/rpng_plane) by extension 'ignore_ament_install'
[0.697s] Level 1:colcon.colcon_core.package_identification:_identify(src/open_vins/config/rpng_plane) by extensions ['colcon_pkg']
[0.698s] Level 1:colcon.colcon_core.package_identification:_identify(src/open_vins/config/rpng_plane) by extension 'colcon_pkg'
[0.698s] Level 1:colcon.colcon_core.package_identification:_identify(src/open_vins/config/rpng_plane) by extensions ['colcon_meta']
[0.698s] Level 1:colcon.colcon_core.package_identification:_identify(src/open_vins/config/rpng_plane) by extension 'colcon_meta'
[0.698s] Level 1:colcon.colcon_core.package_identification:_identify(src/open_vins/config/rpng_plane) by extensions ['ros']
[0.698s] Level 1:colcon.colcon_core.package_identification:_identify(src/open_vins/config/rpng_plane) by extension 'ros'
[0.698s] Level 1:colcon.colcon_core.package_identification:_identify(src/open_vins/config/rpng_plane) by extensions ['cmake', 'python']
[0.698s] Level 1:colcon.colcon_core.package_identification:_identify(src/open_vins/config/rpng_plane) by extension 'cmake'
[0.698s] Level 1:colcon.colcon_core.package_identification:_identify(src/open_vins/config/rpng_plane) by extension 'python'
[0.698s] Level 1:colcon.colcon_core.package_identification:_identify(src/open_vins/config/rpng_plane) by extensions ['python_setup_py']
[0.698s] Level 1:colcon.colcon_core.package_identification:_identify(src/open_vins/config/rpng_plane) by extension 'python_setup_py'
[0.698s] Level 1:colcon.colcon_core.package_identification:_identify(src/open_vins/config/rpng_sim) by extensions ['ignore', 'ignore_ament_install']
[0.698s] Level 1:colcon.colcon_core.package_identification:_identify(src/open_vins/config/rpng_sim) by extension 'ignore'
[0.698s] Level 1:colcon.colcon_core.package_identification:_identify(src/open_vins/config/rpng_sim) by extension 'ignore_ament_install'
[0.698s] Level 1:colcon.colcon_core.package_identification:_identify(src/open_vins/config/rpng_sim) by extensions ['colcon_pkg']
[0.698s] Level 1:colcon.colcon_core.package_identification:_identify(src/open_vins/config/rpng_sim) by extension 'colcon_pkg'
[0.698s] Level 1:colcon.colcon_core.package_identification:_identify(src/open_vins/config/rpng_sim) by extensions ['colcon_meta']
[0.698s] Level 1:colcon.colcon_core.package_identification:_identify(src/open_vins/config/rpng_sim) by extension 'colcon_meta'
[0.698s] Level 1:colcon.colcon_core.package_identification:_identify(src/open_vins/config/rpng_sim) by extensions ['ros']
[0.698s] Level 1:colcon.colcon_core.package_identification:_identify(src/open_vins/config/rpng_sim) by extension 'ros'
[0.699s] Level 1:colcon.colcon_core.package_identification:_identify(src/open_vins/config/rpng_sim) by extensions ['cmake', 'python']
[0.699s] Level 1:colcon.colcon_core.package_identification:_identify(src/open_vins/config/rpng_sim) by extension 'cmake'
[0.699s] Level 1:colcon.colcon_core.package_identification:_identify(src/open_vins/config/rpng_sim) by extension 'python'
[0.699s] Level 1:colcon.colcon_core.package_identification:_identify(src/open_vins/config/rpng_sim) by extensions ['python_setup_py']
[0.699s] Level 1:colcon.colcon_core.package_identification:_identify(src/open_vins/config/rpng_sim) by extension 'python_setup_py'
[0.699s] Level 1:colcon.colcon_core.package_identification:_identify(src/open_vins/config/rs_d455) by extensions ['ignore', 'ignore_ament_install']
[0.699s] Level 1:colcon.colcon_core.package_identification:_identify(src/open_vins/config/rs_d455) by extension 'ignore'
[0.699s] Level 1:colcon.colcon_core.package_identification:_identify(src/open_vins/config/rs_d455) by extension 'ignore_ament_install'
[0.699s] Level 1:colcon.colcon_core.package_identification:_identify(src/open_vins/config/rs_d455) by extensions ['colcon_pkg']
[0.699s] Level 1:colcon.colcon_core.package_identification:_identify(src/open_vins/config/rs_d455) by extension 'colcon_pkg'
[0.699s] Level 1:colcon.colcon_core.package_identification:_identify(src/open_vins/config/rs_d455) by extensions ['colcon_meta']
[0.699s] Level 1:colcon.colcon_core.package_identification:_identify(src/open_vins/config/rs_d455) by extension 'colcon_meta'
[0.699s] Level 1:colcon.colcon_core.package_identification:_identify(src/open_vins/config/rs_d455) by extensions ['ros']
[0.699s] Level 1:colcon.colcon_core.package_identification:_identify(src/open_vins/config/rs_d455) by extension 'ros'
[0.699s] Level 1:colcon.colcon_core.package_identification:_identify(src/open_vins/config/rs_d455) by extensions ['cmake', 'python']
[0.699s] Level 1:colcon.colcon_core.package_identification:_identify(src/open_vins/config/rs_d455) by extension 'cmake'
[0.699s] Level 1:colcon.colcon_core.package_identification:_identify(src/open_vins/config/rs_d455) by extension 'python'
[0.699s] Level 1:colcon.colcon_core.package_identification:_identify(src/open_vins/config/rs_d455) by extensions ['python_setup_py']
[0.699s] Level 1:colcon.colcon_core.package_identification:_identify(src/open_vins/config/rs_d455) by extension 'python_setup_py'
[0.700s] Level 1:colcon.colcon_core.package_identification:_identify(src/open_vins/config/rs_t265) by extensions ['ignore', 'ignore_ament_install']
[0.700s] Level 1:colcon.colcon_core.package_identification:_identify(src/open_vins/config/rs_t265) by extension 'ignore'
[0.700s] Level 1:colcon.colcon_core.package_identification:_identify(src/open_vins/config/rs_t265) by extension 'ignore_ament_install'
[0.700s] Level 1:colcon.colcon_core.package_identification:_identify(src/open_vins/config/rs_t265) by extensions ['colcon_pkg']
[0.700s] Level 1:colcon.colcon_core.package_identification:_identify(src/open_vins/config/rs_t265) by extension 'colcon_pkg'
[0.700s] Level 1:colcon.colcon_core.package_identification:_identify(src/open_vins/config/rs_t265) by extensions ['colcon_meta']
[0.700s] Level 1:colcon.colcon_core.package_identification:_identify(src/open_vins/config/rs_t265) by extension 'colcon_meta'
[0.700s] Level 1:colcon.colcon_core.package_identification:_identify(src/open_vins/config/rs_t265) by extensions ['ros']
[0.700s] Level 1:colcon.colcon_core.package_identification:_identify(src/open_vins/config/rs_t265) by extension 'ros'
[0.700s] Level 1:colcon.colcon_core.package_identification:_identify(src/open_vins/config/rs_t265) by extensions ['cmake', 'python']
[0.700s] Level 1:colcon.colcon_core.package_identification:_identify(src/open_vins/config/rs_t265) by extension 'cmake'
[0.700s] Level 1:colcon.colcon_core.package_identification:_identify(src/open_vins/config/rs_t265) by extension 'python'
[0.700s] Level 1:colcon.colcon_core.package_identification:_identify(src/open_vins/config/rs_t265) by extensions ['python_setup_py']
[0.700s] Level 1:colcon.colcon_core.package_identification:_identify(src/open_vins/config/rs_t265) by extension 'python_setup_py'
[0.701s] Level 1:colcon.colcon_core.package_identification:_identify(src/open_vins/config/tum_vi) by extensions ['ignore', 'ignore_ament_install']
[0.701s] Level 1:colcon.colcon_core.package_identification:_identify(src/open_vins/config/tum_vi) by extension 'ignore'
[0.701s] Level 1:colcon.colcon_core.package_identification:_identify(src/open_vins/config/tum_vi) by extension 'ignore_ament_install'
[0.701s] Level 1:colcon.colcon_core.package_identification:_identify(src/open_vins/config/tum_vi) by extensions ['colcon_pkg']
[0.701s] Level 1:colcon.colcon_core.package_identification:_identify(src/open_vins/config/tum_vi) by extension 'colcon_pkg'
[0.701s] Level 1:colcon.colcon_core.package_identification:_identify(src/open_vins/config/tum_vi) by extensions ['colcon_meta']
[0.701s] Level 1:colcon.colcon_core.package_identification:_identify(src/open_vins/config/tum_vi) by extension 'colcon_meta'
[0.701s] Level 1:colcon.colcon_core.package_identification:_identify(src/open_vins/config/tum_vi) by extensions ['ros']
[0.701s] Level 1:colcon.colcon_core.package_identification:_identify(src/open_vins/config/tum_vi) by extension 'ros'
[0.701s] Level 1:colcon.colcon_core.package_identification:_identify(src/open_vins/config/tum_vi) by extensions ['cmake', 'python']
[0.701s] Level 1:colcon.colcon_core.package_identification:_identify(src/open_vins/config/tum_vi) by extension 'cmake'
[0.701s] Level 1:colcon.colcon_core.package_identification:_identify(src/open_vins/config/tum_vi) by extension 'python'
[0.701s] Level 1:colcon.colcon_core.package_identification:_identify(src/open_vins/config/tum_vi) by extensions ['python_setup_py']
[0.701s] Level 1:colcon.colcon_core.package_identification:_identify(src/open_vins/config/tum_vi) by extension 'python_setup_py'
[0.701s] Level 1:colcon.colcon_core.package_identification:_identify(src/open_vins/config/uzhfpv_indoor) by extensions ['ignore', 'ignore_ament_install']
[0.701s] Level 1:colcon.colcon_core.package_identification:_identify(src/open_vins/config/uzhfpv_indoor) by extension 'ignore'
[0.701s] Level 1:colcon.colcon_core.package_identification:_identify(src/open_vins/config/uzhfpv_indoor) by extension 'ignore_ament_install'
[0.701s] Level 1:colcon.colcon_core.package_identification:_identify(src/open_vins/config/uzhfpv_indoor) by extensions ['colcon_pkg']
[0.702s] Level 1:colcon.colcon_core.package_identification:_identify(src/open_vins/config/uzhfpv_indoor) by extension 'colcon_pkg'
[0.702s] Level 1:colcon.colcon_core.package_identification:_identify(src/open_vins/config/uzhfpv_indoor) by extensions ['colcon_meta']
[0.702s] Level 1:colcon.colcon_core.package_identification:_identify(src/open_vins/config/uzhfpv_indoor) by extension 'colcon_meta'
[0.702s] Level 1:colcon.colcon_core.package_identification:_identify(src/open_vins/config/uzhfpv_indoor) by extensions ['ros']
[0.702s] Level 1:colcon.colcon_core.package_identification:_identify(src/open_vins/config/uzhfpv_indoor) by extension 'ros'
[0.702s] Level 1:colcon.colcon_core.package_identification:_identify(src/open_vins/config/uzhfpv_indoor) by extensions ['cmake', 'python']
[0.702s] Level 1:colcon.colcon_core.package_identification:_identify(src/open_vins/config/uzhfpv_indoor) by extension 'cmake'
[0.702s] Level 1:colcon.colcon_core.package_identification:_identify(src/open_vins/config/uzhfpv_indoor) by extension 'python'
[0.702s] Level 1:colcon.colcon_core.package_identification:_identify(src/open_vins/config/uzhfpv_indoor) by extensions ['python_setup_py']
[0.702s] Level 1:colcon.colcon_core.package_identification:_identify(src/open_vins/config/uzhfpv_indoor) by extension 'python_setup_py'
[0.702s] Level 1:colcon.colcon_core.package_identification:_identify(src/open_vins/config/uzhfpv_indoor_45) by extensions ['ignore', 'ignore_ament_install']
[0.702s] Level 1:colcon.colcon_core.package_identification:_identify(src/open_vins/config/uzhfpv_indoor_45) by extension 'ignore'
[0.702s] Level 1:colcon.colcon_core.package_identification:_identify(src/open_vins/config/uzhfpv_indoor_45) by extension 'ignore_ament_install'
[0.702s] Level 1:colcon.colcon_core.package_identification:_identify(src/open_vins/config/uzhfpv_indoor_45) by extensions ['colcon_pkg']
[0.702s] Level 1:colcon.colcon_core.package_identification:_identify(src/open_vins/config/uzhfpv_indoor_45) by extension 'colcon_pkg'
[0.702s] Level 1:colcon.colcon_core.package_identification:_identify(src/open_vins/config/uzhfpv_indoor_45) by extensions ['colcon_meta']
[0.702s] Level 1:colcon.colcon_core.package_identification:_identify(src/open_vins/config/uzhfpv_indoor_45) by extension 'colcon_meta'
[0.702s] Level 1:colcon.colcon_core.package_identification:_identify(src/open_vins/config/uzhfpv_indoor_45) by extensions ['ros']
[0.702s] Level 1:colcon.colcon_core.package_identification:_identify(src/open_vins/config/uzhfpv_indoor_45) by extension 'ros'
[0.703s] Level 1:colcon.colcon_core.package_identification:_identify(src/open_vins/config/uzhfpv_indoor_45) by extensions ['cmake', 'python']
[0.703s] Level 1:colcon.colcon_core.package_identification:_identify(src/open_vins/config/uzhfpv_indoor_45) by extension 'cmake'
[0.703s] Level 1:colcon.colcon_core.package_identification:_identify(src/open_vins/config/uzhfpv_indoor_45) by extension 'python'
[0.703s] Level 1:colcon.colcon_core.package_identification:_identify(src/open_vins/config/uzhfpv_indoor_45) by extensions ['python_setup_py']
[0.703s] Level 1:colcon.colcon_core.package_identification:_identify(src/open_vins/config/uzhfpv_indoor_45) by extension 'python_setup_py'
[0.703s] Level 1:colcon.colcon_core.package_identification:_identify(src/open_vins/config/uzhfpv_outdoor) by extensions ['ignore', 'ignore_ament_install']
[0.703s] Level 1:colcon.colcon_core.package_identification:_identify(src/open_vins/config/uzhfpv_outdoor) by extension 'ignore'
[0.703s] Level 1:colcon.colcon_core.package_identification:_identify(src/open_vins/config/uzhfpv_outdoor) by extension 'ignore_ament_install'
[0.703s] Level 1:colcon.colcon_core.package_identification:_identify(src/open_vins/config/uzhfpv_outdoor) by extensions ['colcon_pkg']
[0.703s] Level 1:colcon.colcon_core.package_identification:_identify(src/open_vins/config/uzhfpv_outdoor) by extension 'colcon_pkg'
[0.703s] Level 1:colcon.colcon_core.package_identification:_identify(src/open_vins/config/uzhfpv_outdoor) by extensions ['colcon_meta']
[0.703s] Level 1:colcon.colcon_core.package_identification:_identify(src/open_vins/config/uzhfpv_outdoor) by extension 'colcon_meta'
[0.703s] Level 1:colcon.colcon_core.package_identification:_identify(src/open_vins/config/uzhfpv_outdoor) by extensions ['ros']
[0.703s] Level 1:colcon.colcon_core.package_identification:_identify(src/open_vins/config/uzhfpv_outdoor) by extension 'ros'
[0.703s] Level 1:colcon.colcon_core.package_identification:_identify(src/open_vins/config/uzhfpv_outdoor) by extensions ['cmake', 'python']
[0.703s] Level 1:colcon.colcon_core.package_identification:_identify(src/open_vins/config/uzhfpv_outdoor) by extension 'cmake'
[0.703s] Level 1:colcon.colcon_core.package_identification:_identify(src/open_vins/config/uzhfpv_outdoor) by extension 'python'
[0.703s] Level 1:colcon.colcon_core.package_identification:_identify(src/open_vins/config/uzhfpv_outdoor) by extensions ['python_setup_py']
[0.704s] Level 1:colcon.colcon_core.package_identification:_identify(src/open_vins/config/uzhfpv_outdoor) by extension 'python_setup_py'
[0.704s] Level 1:colcon.colcon_core.package_identification:_identify(src/open_vins/config/uzhfpv_outdoor_45) by extensions ['ignore', 'ignore_ament_install']
[0.704s] Level 1:colcon.colcon_core.package_identification:_identify(src/open_vins/config/uzhfpv_outdoor_45) by extension 'ignore'
[0.704s] Level 1:colcon.colcon_core.package_identification:_identify(src/open_vins/config/uzhfpv_outdoor_45) by extension 'ignore_ament_install'
[0.704s] Level 1:colcon.colcon_core.package_identification:_identify(src/open_vins/config/uzhfpv_outdoor_45) by extensions ['colcon_pkg']
[0.704s] Level 1:colcon.colcon_core.package_identification:_identify(src/open_vins/config/uzhfpv_outdoor_45) by extension 'colcon_pkg'
[0.704s] Level 1:colcon.colcon_core.package_identification:_identify(src/open_vins/config/uzhfpv_outdoor_45) by extensions ['colcon_meta']
[0.704s] Level 1:colcon.colcon_core.package_identification:_identify(src/open_vins/config/uzhfpv_outdoor_45) by extension 'colcon_meta'
[0.704s] Level 1:colcon.colcon_core.package_identification:_identify(src/open_vins/config/uzhfpv_outdoor_45) by extensions ['ros']
[0.704s] Level 1:colcon.colcon_core.package_identification:_identify(src/open_vins/config/uzhfpv_outdoor_45) by extension 'ros'
[0.704s] Level 1:colcon.colcon_core.package_identification:_identify(src/open_vins/config/uzhfpv_outdoor_45) by extensions ['cmake', 'python']
[0.704s] Level 1:colcon.colcon_core.package_identification:_identify(src/open_vins/config/uzhfpv_outdoor_45) by extension 'cmake'
[0.704s] Level 1:colcon.colcon_core.package_identification:_identify(src/open_vins/config/uzhfpv_outdoor_45) by extension 'python'
[0.704s] Level 1:colcon.colcon_core.package_identification:_identify(src/open_vins/config/uzhfpv_outdoor_45) by extensions ['python_setup_py']
[0.704s] Level 1:colcon.colcon_core.package_identification:_identify(src/open_vins/config/uzhfpv_outdoor_45) by extension 'python_setup_py'
[0.705s] Level 1:colcon.colcon_core.package_identification:_identify(src/open_vins/docs) by extensions ['ignore', 'ignore_ament_install']
[0.705s] Level 1:colcon.colcon_core.package_identification:_identify(src/open_vins/docs) by extension 'ignore'
[0.705s] Level 1:colcon.colcon_core.package_identification:_identify(src/open_vins/docs) by extension 'ignore_ament_install'
[0.705s] Level 1:colcon.colcon_core.package_identification:_identify(src/open_vins/docs) by extensions ['colcon_pkg']
[0.705s] Level 1:colcon.colcon_core.package_identification:_identify(src/open_vins/docs) by extension 'colcon_pkg'
[0.705s] Level 1:colcon.colcon_core.package_identification:_identify(src/open_vins/docs) by extensions ['colcon_meta']
[0.705s] Level 1:colcon.colcon_core.package_identification:_identify(src/open_vins/docs) by extension 'colcon_meta'
[0.705s] Level 1:colcon.colcon_core.package_identification:_identify(src/open_vins/docs) by extensions ['ros']
[0.705s] Level 1:colcon.colcon_core.package_identification:_identify(src/open_vins/docs) by extension 'ros'
[0.705s] Level 1:colcon.colcon_core.package_identification:_identify(src/open_vins/docs) by extensions ['cmake', 'python']
[0.705s] Level 1:colcon.colcon_core.package_identification:_identify(src/open_vins/docs) by extension 'cmake'
[0.705s] Level 1:colcon.colcon_core.package_identification:_identify(src/open_vins/docs) by extension 'python'
[0.705s] Level 1:colcon.colcon_core.package_identification:_identify(src/open_vins/docs) by extensions ['python_setup_py']
[0.705s] Level 1:colcon.colcon_core.package_identification:_identify(src/open_vins/docs) by extension 'python_setup_py'
[0.705s] Level 1:colcon.colcon_core.package_identification:_identify(src/open_vins/docs/bib) by extensions ['ignore', 'ignore_ament_install']
[0.705s] Level 1:colcon.colcon_core.package_identification:_identify(src/open_vins/docs/bib) by extension 'ignore'
[0.705s] Level 1:colcon.colcon_core.package_identification:_identify(src/open_vins/docs/bib) by extension 'ignore_ament_install'
[0.706s] Level 1:colcon.colcon_core.package_identification:_identify(src/open_vins/docs/bib) by extensions ['colcon_pkg']
[0.706s] Level 1:colcon.colcon_core.package_identification:_identify(src/open_vins/docs/bib) by extension 'colcon_pkg'
[0.706s] Level 1:colcon.colcon_core.package_identification:_identify(src/open_vins/docs/bib) by extensions ['colcon_meta']
[0.706s] Level 1:colcon.colcon_core.package_identification:_identify(src/open_vins/docs/bib) by extension 'colcon_meta'
[0.706s] Level 1:colcon.colcon_core.package_identification:_identify(src/open_vins/docs/bib) by extensions ['ros']
[0.706s] Level 1:colcon.colcon_core.package_identification:_identify(src/open_vins/docs/bib) by extension 'ros'
[0.706s] Level 1:colcon.colcon_core.package_identification:_identify(src/open_vins/docs/bib) by extensions ['cmake', 'python']
[0.706s] Level 1:colcon.colcon_core.package_identification:_identify(src/open_vins/docs/bib) by extension 'cmake'
[0.706s] Level 1:colcon.colcon_core.package_identification:_identify(src/open_vins/docs/bib) by extension 'python'
[0.706s] Level 1:colcon.colcon_core.package_identification:_identify(src/open_vins/docs/bib) by extensions ['python_setup_py']
[0.706s] Level 1:colcon.colcon_core.package_identification:_identify(src/open_vins/docs/bib) by extension 'python_setup_py'
[0.706s] Level 1:colcon.colcon_core.package_identification:_identify(src/open_vins/docs/css) by extensions ['ignore', 'ignore_ament_install']
[0.706s] Level 1:colcon.colcon_core.package_identification:_identify(src/open_vins/docs/css) by extension 'ignore'
[0.706s] Level 1:colcon.colcon_core.package_identification:_identify(src/open_vins/docs/css) by extension 'ignore_ament_install'
[0.706s] Level 1:colcon.colcon_core.package_identification:_identify(src/open_vins/docs/css) by extensions ['colcon_pkg']
[0.706s] Level 1:colcon.colcon_core.package_identification:_identify(src/open_vins/docs/css) by extension 'colcon_pkg'
[0.706s] Level 1:colcon.colcon_core.package_identification:_identify(src/open_vins/docs/css) by extensions ['colcon_meta']
[0.706s] Level 1:colcon.colcon_core.package_identification:_identify(src/open_vins/docs/css) by extension 'colcon_meta'
[0.706s] Level 1:colcon.colcon_core.package_identification:_identify(src/open_vins/docs/css) by extensions ['ros']
[0.707s] Level 1:colcon.colcon_core.package_identification:_identify(src/open_vins/docs/css) by extension 'ros'
[0.707s] Level 1:colcon.colcon_core.package_identification:_identify(src/open_vins/docs/css) by extensions ['cmake', 'python']
[0.707s] Level 1:colcon.colcon_core.package_identification:_identify(src/open_vins/docs/css) by extension 'cmake'
[0.707s] Level 1:colcon.colcon_core.package_identification:_identify(src/open_vins/docs/css) by extension 'python'
[0.707s] Level 1:colcon.colcon_core.package_identification:_identify(src/open_vins/docs/css) by extensions ['python_setup_py']
[0.707s] Level 1:colcon.colcon_core.package_identification:_identify(src/open_vins/docs/css) by extension 'python_setup_py'
[0.707s] Level 1:colcon.colcon_core.package_identification:_identify(src/open_vins/docs/img) by extensions ['ignore', 'ignore_ament_install']
[0.707s] Level 1:colcon.colcon_core.package_identification:_identify(src/open_vins/docs/img) by extension 'ignore'
[0.707s] Level 1:colcon.colcon_core.package_identification:_identify(src/open_vins/docs/img) by extension 'ignore_ament_install'
[0.707s] Level 1:colcon.colcon_core.package_identification:_identify(src/open_vins/docs/img) by extensions ['colcon_pkg']
[0.707s] Level 1:colcon.colcon_core.package_identification:_identify(src/open_vins/docs/img) by extension 'colcon_pkg'
[0.707s] Level 1:colcon.colcon_core.package_identification:_identify(src/open_vins/docs/img) by extensions ['colcon_meta']
[0.707s] Level 1:colcon.colcon_core.package_identification:_identify(src/open_vins/docs/img) by extension 'colcon_meta'
[0.707s] Level 1:colcon.colcon_core.package_identification:_identify(src/open_vins/docs/img) by extensions ['ros']
[0.707s] Level 1:colcon.colcon_core.package_identification:_identify(src/open_vins/docs/img) by extension 'ros'
[0.707s] Level 1:colcon.colcon_core.package_identification:_identify(src/open_vins/docs/img) by extensions ['cmake', 'python']
[0.707s] Level 1:colcon.colcon_core.package_identification:_identify(src/open_vins/docs/img) by extension 'cmake'
[0.707s] Level 1:colcon.colcon_core.package_identification:_identify(src/open_vins/docs/img) by extension 'python'
[0.708s] Level 1:colcon.colcon_core.package_identification:_identify(src/open_vins/docs/img) by extensions ['python_setup_py']
[0.708s] Level 1:colcon.colcon_core.package_identification:_identify(src/open_vins/docs/img) by extension 'python_setup_py'
[0.708s] Level 1:colcon.colcon_core.package_identification:_identify(src/open_vins/docs/img/datasets) by extensions ['ignore', 'ignore_ament_install']
[0.708s] Level 1:colcon.colcon_core.package_identification:_identify(src/open_vins/docs/img/datasets) by extension 'ignore'
[0.708s] Level 1:colcon.colcon_core.package_identification:_identify(src/open_vins/docs/img/datasets) by extension 'ignore_ament_install'
[0.708s] Level 1:colcon.colcon_core.package_identification:_identify(src/open_vins/docs/img/datasets) by extensions ['colcon_pkg']
[0.708s] Level 1:colcon.colcon_core.package_identification:_identify(src/open_vins/docs/img/datasets) by extension 'colcon_pkg'
[0.708s] Level 1:colcon.colcon_core.package_identification:_identify(src/open_vins/docs/img/datasets) by extensions ['colcon_meta']
[0.708s] Level 1:colcon.colcon_core.package_identification:_identify(src/open_vins/docs/img/datasets) by extension 'colcon_meta'
[0.708s] Level 1:colcon.colcon_core.package_identification:_identify(src/open_vins/docs/img/datasets) by extensions ['ros']
[0.708s] Level 1:colcon.colcon_core.package_identification:_identify(src/open_vins/docs/img/datasets) by extension 'ros'
[0.708s] Level 1:colcon.colcon_core.package_identification:_identify(src/open_vins/docs/img/datasets) by extensions ['cmake', 'python']
[0.708s] Level 1:colcon.colcon_core.package_identification:_identify(src/open_vins/docs/img/datasets) by extension 'cmake'
[0.708s] Level 1:colcon.colcon_core.package_identification:_identify(src/open_vins/docs/img/datasets) by extension 'python'
[0.708s] Level 1:colcon.colcon_core.package_identification:_identify(src/open_vins/docs/img/datasets) by extensions ['python_setup_py']
[0.708s] Level 1:colcon.colcon_core.package_identification:_identify(src/open_vins/docs/img/datasets) by extension 'python_setup_py'
[0.709s] Level 1:colcon.colcon_core.package_identification:_identify(src/open_vins/docs/img/eval) by extensions ['ignore', 'ignore_ament_install']
[0.709s] Level 1:colcon.colcon_core.package_identification:_identify(src/open_vins/docs/img/eval) by extension 'ignore'
[0.709s] Level 1:colcon.colcon_core.package_identification:_identify(src/open_vins/docs/img/eval) by extension 'ignore_ament_install'
[0.709s] Level 1:colcon.colcon_core.package_identification:_identify(src/open_vins/docs/img/eval) by extensions ['colcon_pkg']
[0.709s] Level 1:colcon.colcon_core.package_identification:_identify(src/open_vins/docs/img/eval) by extension 'colcon_pkg'
[0.709s] Level 1:colcon.colcon_core.package_identification:_identify(src/open_vins/docs/img/eval) by extensions ['colcon_meta']
[0.709s] Level 1:colcon.colcon_core.package_identification:_identify(src/open_vins/docs/img/eval) by extension 'colcon_meta'
[0.709s] Level 1:colcon.colcon_core.package_identification:_identify(src/open_vins/docs/img/eval) by extensions ['ros']
[0.709s] Level 1:colcon.colcon_core.package_identification:_identify(src/open_vins/docs/img/eval) by extension 'ros'
[0.709s] Level 1:colcon.colcon_core.package_identification:_identify(src/open_vins/docs/img/eval) by extensions ['cmake', 'python']
[0.709s] Level 1:colcon.colcon_core.package_identification:_identify(src/open_vins/docs/img/eval) by extension 'cmake'
[0.709s] Level 1:colcon.colcon_core.package_identification:_identify(src/open_vins/docs/img/eval) by extension 'python'
[0.709s] Level 1:colcon.colcon_core.package_identification:_identify(src/open_vins/docs/img/eval) by extensions ['python_setup_py']
[0.709s] Level 1:colcon.colcon_core.package_identification:_identify(src/open_vins/docs/img/eval) by extension 'python_setup_py'
[0.709s] Level 1:colcon.colcon_core.package_identification:_identify(src/open_vins/docs/mcss_theme) by extensions ['ignore', 'ignore_ament_install']
[0.709s] Level 1:colcon.colcon_core.package_identification:_identify(src/open_vins/docs/mcss_theme) by extension 'ignore'
[0.710s] Level 1:colcon.colcon_core.package_identification:_identify(src/open_vins/docs/mcss_theme) by extension 'ignore_ament_install'
[0.710s] Level 1:colcon.colcon_core.package_identification:_identify(src/open_vins/docs/mcss_theme) by extensions ['colcon_pkg']
[0.710s] Level 1:colcon.colcon_core.package_identification:_identify(src/open_vins/docs/mcss_theme) by extension 'colcon_pkg'
[0.710s] Level 1:colcon.colcon_core.package_identification:_identify(src/open_vins/docs/mcss_theme) by extensions ['colcon_meta']
[0.710s] Level 1:colcon.colcon_core.package_identification:_identify(src/open_vins/docs/mcss_theme) by extension 'colcon_meta'
[0.710s] Level 1:colcon.colcon_core.package_identification:_identify(src/open_vins/docs/mcss_theme) by extensions ['ros']
[0.710s] Level 1:colcon.colcon_core.package_identification:_identify(src/open_vins/docs/mcss_theme) by extension 'ros'
[0.710s] Level 1:colcon.colcon_core.package_identification:_identify(src/open_vins/docs/mcss_theme) by extensions ['cmake', 'python']
[0.710s] Level 1:colcon.colcon_core.package_identification:_identify(src/open_vins/docs/mcss_theme) by extension 'cmake'
[0.710s] Level 1:colcon.colcon_core.package_identification:_identify(src/open_vins/docs/mcss_theme) by extension 'python'
[0.710s] Level 1:colcon.colcon_core.package_identification:_identify(src/open_vins/docs/mcss_theme) by extensions ['python_setup_py']
[0.710s] Level 1:colcon.colcon_core.package_identification:_identify(src/open_vins/docs/mcss_theme) by extension 'python_setup_py'
[0.710s] Level 1:colcon.colcon_core.package_identification:_identify(src/open_vins/docs/youtube) by extensions ['ignore', 'ignore_ament_install']
[0.710s] Level 1:colcon.colcon_core.package_identification:_identify(src/open_vins/docs/youtube) by extension 'ignore'
[0.710s] Level 1:colcon.colcon_core.package_identification:_identify(src/open_vins/docs/youtube) by extension 'ignore_ament_install'
[0.710s] Level 1:colcon.colcon_core.package_identification:_identify(src/open_vins/docs/youtube) by extensions ['colcon_pkg']
[0.710s] Level 1:colcon.colcon_core.package_identification:_identify(src/open_vins/docs/youtube) by extension 'colcon_pkg'
[0.710s] Level 1:colcon.colcon_core.package_identification:_identify(src/open_vins/docs/youtube) by extensions ['colcon_meta']
[0.710s] Level 1:colcon.colcon_core.package_identification:_identify(src/open_vins/docs/youtube) by extension 'colcon_meta'
[0.711s] Level 1:colcon.colcon_core.package_identification:_identify(src/open_vins/docs/youtube) by extensions ['ros']
[0.711s] Level 1:colcon.colcon_core.package_identification:_identify(src/open_vins/docs/youtube) by extension 'ros'
[0.711s] Level 1:colcon.colcon_core.package_identification:_identify(src/open_vins/docs/youtube) by extensions ['cmake', 'python']
[0.711s] Level 1:colcon.colcon_core.package_identification:_identify(src/open_vins/docs/youtube) by extension 'cmake'
[0.711s] Level 1:colcon.colcon_core.package_identification:_identify(src/open_vins/docs/youtube) by extension 'python'
[0.711s] Level 1:colcon.colcon_core.package_identification:_identify(src/open_vins/docs/youtube) by extensions ['python_setup_py']
[0.711s] Level 1:colcon.colcon_core.package_identification:_identify(src/open_vins/docs/youtube) by extension 'python_setup_py'
[0.711s] Level 1:colcon.colcon_core.package_identification:_identify(src/open_vins/ov_core) by extensions ['ignore', 'ignore_ament_install']
[0.711s] Level 1:colcon.colcon_core.package_identification:_identify(src/open_vins/ov_core) by extension 'ignore'
[0.711s] Level 1:colcon.colcon_core.package_identification:_identify(src/open_vins/ov_core) by extension 'ignore_ament_install'
[0.711s] Level 1:colcon.colcon_core.package_identification:_identify(src/open_vins/ov_core) by extensions ['colcon_pkg']
[0.711s] Level 1:colcon.colcon_core.package_identification:_identify(src/open_vins/ov_core) by extension 'colcon_pkg'
[0.711s] Level 1:colcon.colcon_core.package_identification:_identify(src/open_vins/ov_core) by extensions ['colcon_meta']
[0.711s] Level 1:colcon.colcon_core.package_identification:_identify(src/open_vins/ov_core) by extension 'colcon_meta'
[0.711s] Level 1:colcon.colcon_core.package_identification:_identify(src/open_vins/ov_core) by extensions ['ros']
[0.711s] Level 1:colcon.colcon_core.package_identification:_identify(src/open_vins/ov_core) by extension 'ros'
[0.730s] DEBUG:colcon.colcon_core.package_identification:Package 'src/open_vins/ov_core' with type 'ros.ament_cmake' and name 'ov_core'
[0.730s] Level 1:colcon.colcon_core.package_identification:_identify(src/open_vins/ov_data) by extensions ['ignore', 'ignore_ament_install']
[0.730s] Level 1:colcon.colcon_core.package_identification:_identify(src/open_vins/ov_data) by extension 'ignore'
[0.731s] Level 1:colcon.colcon_core.package_identification:_identify(src/open_vins/ov_data) by extension 'ignore_ament_install'
[0.731s] Level 1:colcon.colcon_core.package_identification:_identify(src/open_vins/ov_data) by extensions ['colcon_pkg']
[0.731s] Level 1:colcon.colcon_core.package_identification:_identify(src/open_vins/ov_data) by extension 'colcon_pkg'
[0.731s] Level 1:colcon.colcon_core.package_identification:_identify(src/open_vins/ov_data) by extensions ['colcon_meta']
[0.731s] Level 1:colcon.colcon_core.package_identification:_identify(src/open_vins/ov_data) by extension 'colcon_meta'
[0.731s] Level 1:colcon.colcon_core.package_identification:_identify(src/open_vins/ov_data) by extensions ['ros']
[0.731s] Level 1:colcon.colcon_core.package_identification:_identify(src/open_vins/ov_data) by extension 'ros'
[0.733s] DEBUG:colcon.colcon_core.package_identification:Package 'src/open_vins/ov_data' with type 'ros.ament_cmake' and name 'ov_data'
[0.733s] Level 1:colcon.colcon_core.package_identification:_identify(src/open_vins/ov_eval) by extensions ['ignore', 'ignore_ament_install']
[0.734s] Level 1:colcon.colcon_core.package_identification:_identify(src/open_vins/ov_eval) by extension 'ignore'
[0.734s] Level 1:colcon.colcon_core.package_identification:_identify(src/open_vins/ov_eval) by extension 'ignore_ament_install'
[0.734s] Level 1:colcon.colcon_core.package_identification:_identify(src/open_vins/ov_eval) by extensions ['colcon_pkg']
[0.734s] Level 1:colcon.colcon_core.package_identification:_identify(src/open_vins/ov_eval) by extension 'colcon_pkg'
[0.734s] Level 1:colcon.colcon_core.package_identification:_identify(src/open_vins/ov_eval) by extensions ['colcon_meta']
[0.734s] Level 1:colcon.colcon_core.package_identification:_identify(src/open_vins/ov_eval) by extension 'colcon_meta'
[0.734s] Level 1:colcon.colcon_core.package_identification:_identify(src/open_vins/ov_eval) by extensions ['ros']
[0.734s] Level 1:colcon.colcon_core.package_identification:_identify(src/open_vins/ov_eval) by extension 'ros'
[0.743s] DEBUG:colcon.colcon_core.package_identification:Package 'src/open_vins/ov_eval' with type 'ros.ament_cmake' and name 'ov_eval'
[0.744s] Level 1:colcon.colcon_core.package_identification:_identify(src/open_vins/ov_init) by extensions ['ignore', 'ignore_ament_install']
[0.744s] Level 1:colcon.colcon_core.package_identification:_identify(src/open_vins/ov_init) by extension 'ignore'
[0.744s] Level 1:colcon.colcon_core.package_identification:_identify(src/open_vins/ov_init) by extension 'ignore_ament_install'
[0.744s] Level 1:colcon.colcon_core.package_identification:_identify(src/open_vins/ov_init) by extensions ['colcon_pkg']
[0.744s] Level 1:colcon.colcon_core.package_identification:_identify(src/open_vins/ov_init) by extension 'colcon_pkg'
[0.744s] Level 1:colcon.colcon_core.package_identification:_identify(src/open_vins/ov_init) by extensions ['colcon_meta']
[0.744s] Level 1:colcon.colcon_core.package_identification:_identify(src/open_vins/ov_init) by extension 'colcon_meta'
[0.744s] Level 1:colcon.colcon_core.package_identification:_identify(src/open_vins/ov_init) by extensions ['ros']
[0.744s] Level 1:colcon.colcon_core.package_identification:_identify(src/open_vins/ov_init) by extension 'ros'
[0.751s] DEBUG:colcon.colcon_core.package_identification:Package 'src/open_vins/ov_init' with type 'ros.ament_cmake' and name 'ov_init'
[0.752s] Level 1:colcon.colcon_core.package_identification:_identify(src/open_vins/ov_msckf) by extensions ['ignore', 'ignore_ament_install']
[0.752s] Level 1:colcon.colcon_core.package_identification:_identify(src/open_vins/ov_msckf) by extension 'ignore'
[0.752s] Level 1:colcon.colcon_core.package_identification:_identify(src/open_vins/ov_msckf) by extension 'ignore_ament_install'
[0.752s] Level 1:colcon.colcon_core.package_identification:_identify(src/open_vins/ov_msckf) by extensions ['colcon_pkg']
[0.752s] Level 1:colcon.colcon_core.package_identification:_identify(src/open_vins/ov_msckf) by extension 'colcon_pkg'
[0.752s] Level 1:colcon.colcon_core.package_identification:_identify(src/open_vins/ov_msckf) by extensions ['colcon_meta']
[0.752s] Level 1:colcon.colcon_core.package_identification:_identify(src/open_vins/ov_msckf) by extension 'colcon_meta'
[0.752s] Level 1:colcon.colcon_core.package_identification:_identify(src/open_vins/ov_msckf) by extensions ['ros']
[0.752s] Level 1:colcon.colcon_core.package_identification:_identify(src/open_vins/ov_msckf) by extension 'ros'
[0.772s] DEBUG:colcon.colcon_core.package_identification:Package 'src/open_vins/ov_msckf' with type 'ros.ament_cmake' and name 'ov_msckf'
[0.772s] Level 1:colcon.colcon_core.package_discovery:discover_packages(recursive) using defaults
[0.772s] Level 1:colcon.colcon_core.package_discovery:discover_packages(ignore) discover
[0.772s] Level 1:colcon.colcon_core.package_discovery:discover_packages(ignore) using defaults
[0.772s] Level 1:colcon.colcon_core.package_discovery:discover_packages(path) discover
[0.772s] Level 1:colcon.colcon_core.package_discovery:discover_packages(path) using defaults
[0.804s] Level 1:colcon.colcon_core.package_discovery:discover_packages(prefix_path) check parameters
[0.804s] Level 1:colcon.colcon_core.package_discovery:discover_packages(prefix_path) discover
[0.808s] DEBUG:colcon.colcon_installed_package_information.package_discovery:Found 5 installed packages in /home/subbu/slam_ws/install
[0.809s] DEBUG:colcon.colcon_installed_package_information.package_discovery:Found 278 installed packages in /opt/ros/humble
[0.810s] Level 1:colcon.colcon_core.package_discovery:discover_packages(prefix_path) using defaults
[0.858s] Level 5:colcon.colcon_core.verb:set package 'challenge_tools_ros' build argument 'cmake_args' from command line to 'None'
[0.858s] Level 5:colcon.colcon_core.verb:set package 'challenge_tools_ros' build argument 'cmake_target' from command line to 'None'
[0.858s] Level 5:colcon.colcon_core.verb:set package 'challenge_tools_ros' build argument 'cmake_target_skip_unavailable' from command line to 'False'
[0.858s] Level 5:colcon.colcon_core.verb:set package 'challenge_tools_ros' build argument 'cmake_clean_cache' from command line to 'False'
[0.858s] Level 5:colcon.colcon_core.verb:set package 'challenge_tools_ros' build argument 'cmake_clean_first' from command line to 'False'
[0.858s] Level 5:colcon.colcon_core.verb:set package 'challenge_tools_ros' build argument 'cmake_force_configure' from command line to 'False'
[0.858s] Level 5:colcon.colcon_core.verb:set package 'challenge_tools_ros' build argument 'ament_cmake_args' from command line to 'None'
[0.858s] Level 5:colcon.colcon_core.verb:set package 'challenge_tools_ros' build argument 'catkin_cmake_args' from command line to 'None'
[0.858s] Level 5:colcon.colcon_core.verb:set package 'challenge_tools_ros' build argument 'catkin_skip_building_tests' from command line to 'False'
[0.858s] DEBUG:colcon.colcon_core.verb:Building package 'challenge_tools_ros' with the following arguments: {'ament_cmake_args': None, 'build_base': '/home/subbu/slam_ws/build/challenge_tools_ros', 'catkin_cmake_args': None, 'catkin_skip_building_tests': False, 'cmake_args': None, 'cmake_clean_cache': False, 'cmake_clean_first': False, 'cmake_force_configure': False, 'cmake_target': None, 'cmake_target_skip_unavailable': False, 'install_base': '/home/subbu/slam_ws/install/challenge_tools_ros', 'merge_install': False, 'path': '/home/subbu/slam_ws/src/hilti-trimble-slam-challenge-2026', 'symlink_install': False, 'test_result_base': None}
[0.858s] Level 5:colcon.colcon_core.verb:set package 'ov_core' build argument 'cmake_args' from command line to 'None'
[0.858s] Level 5:colcon.colcon_core.verb:set package 'ov_core' build argument 'cmake_target' from command line to 'None'
[0.858s] Level 5:colcon.colcon_core.verb:set package 'ov_core' build argument 'cmake_target_skip_unavailable' from command line to 'False'
[0.858s] Level 5:colcon.colcon_core.verb:set package 'ov_core' build argument 'cmake_clean_cache' from command line to 'False'
[0.858s] Level 5:colcon.colcon_core.verb:set package 'ov_core' build argument 'cmake_clean_first' from command line to 'False'
[0.858s] Level 5:colcon.colcon_core.verb:set package 'ov_core' build argument 'cmake_force_configure' from command line to 'False'
[0.858s] Level 5:colcon.colcon_core.verb:set package 'ov_core' build argument 'ament_cmake_args' from command line to 'None'
[0.858s] Level 5:colcon.colcon_core.verb:set package 'ov_core' build argument 'catkin_cmake_args' from command line to 'None'
[0.858s] Level 5:colcon.colcon_core.verb:set package 'ov_core' build argument 'catkin_skip_building_tests' from command line to 'False'
[0.858s] DEBUG:colcon.colcon_core.verb:Building package 'ov_core' with the following arguments: {'ament_cmake_args': None, 'build_base': '/home/subbu/slam_ws/build/ov_core', 'catkin_cmake_args': None, 'catkin_skip_building_tests': False, 'cmake_args': None, 'cmake_clean_cache': False, 'cmake_clean_first': False, 'cmake_force_configure': False, 'cmake_target': None, 'cmake_target_skip_unavailable': False, 'install_base': '/home/subbu/slam_ws/install/ov_core', 'merge_install': False, 'path': '/home/subbu/slam_ws/src/open_vins/ov_core', 'symlink_install': False, 'test_result_base': None}
[0.859s] Level 5:colcon.colcon_core.verb:set package 'ov_data' build argument 'cmake_args' from command line to 'None'
[0.859s] Level 5:colcon.colcon_core.verb:set package 'ov_data' build argument 'cmake_target' from command line to 'None'
[0.859s] Level 5:colcon.colcon_core.verb:set package 'ov_data' build argument 'cmake_target_skip_unavailable' from command line to 'False'
[0.859s] Level 5:colcon.colcon_core.verb:set package 'ov_data' build argument 'cmake_clean_cache' from command line to 'False'
[0.859s] Level 5:colcon.colcon_core.verb:set package 'ov_data' build argument 'cmake_clean_first' from command line to 'False'
[0.859s] Level 5:colcon.colcon_core.verb:set package 'ov_data' build argument 'cmake_force_configure' from command line to 'False'
[0.859s] Level 5:colcon.colcon_core.verb:set package 'ov_data' build argument 'ament_cmake_args' from command line to 'None'
[0.859s] Level 5:colcon.colcon_core.verb:set package 'ov_data' build argument 'catkin_cmake_args' from command line to 'None'
[0.859s] Level 5:colcon.colcon_core.verb:set package 'ov_data' build argument 'catkin_skip_building_tests' from command line to 'False'
[0.859s] DEBUG:colcon.colcon_core.verb:Building package 'ov_data' with the following arguments: {'ament_cmake_args': None, 'build_base': '/home/subbu/slam_ws/build/ov_data', 'catkin_cmake_args': None, 'catkin_skip_building_tests': False, 'cmake_args': None, 'cmake_clean_cache': False, 'cmake_clean_first': False, 'cmake_force_configure': False, 'cmake_target': None, 'cmake_target_skip_unavailable': False, 'install_base': '/home/subbu/slam_ws/install/ov_data', 'merge_install': False, 'path': '/home/subbu/slam_ws/src/open_vins/ov_data', 'symlink_install': False, 'test_result_base': None}
[0.859s] Level 5:colcon.colcon_core.verb:set package 'ov_eval' build argument 'cmake_args' from command line to 'None'
[0.859s] Level 5:colcon.colcon_core.verb:set package 'ov_eval' build argument 'cmake_target' from command line to 'None'
[0.859s] Level 5:colcon.colcon_core.verb:set package 'ov_eval' build argument 'cmake_target_skip_unavailable' from command line to 'False'
[0.859s] Level 5:colcon.colcon_core.verb:set package 'ov_eval' build argument 'cmake_clean_cache' from command line to 'False'
[0.859s] Level 5:colcon.colcon_core.verb:set package 'ov_eval' build argument 'cmake_clean_first' from command line to 'False'
[0.859s] Level 5:colcon.colcon_core.verb:set package 'ov_eval' build argument 'cmake_force_configure' from command line to 'False'
[0.860s] Level 5:colcon.colcon_core.verb:set package 'ov_eval' build argument 'ament_cmake_args' from command line to 'None'
[0.860s] Level 5:colcon.colcon_core.verb:set package 'ov_eval' build argument 'catkin_cmake_args' from command line to 'None'
[0.860s] Level 5:colcon.colcon_core.verb:set package 'ov_eval' build argument 'catkin_skip_building_tests' from command line to 'False'
[0.860s] DEBUG:colcon.colcon_core.verb:Building package 'ov_eval' with the following arguments: {'ament_cmake_args': None, 'build_base': '/home/subbu/slam_ws/build/ov_eval', 'catkin_cmake_args': None, 'catkin_skip_building_tests': False, 'cmake_args': None, 'cmake_clean_cache': False, 'cmake_clean_first': False, 'cmake_force_configure': False, 'cmake_target': None, 'cmake_target_skip_unavailable': False, 'install_base': '/home/subbu/slam_ws/install/ov_eval', 'merge_install': False, 'path': '/home/subbu/slam_ws/src/open_vins/ov_eval', 'symlink_install': False, 'test_result_base': None}
[0.860s] Level 5:colcon.colcon_core.verb:set package 'ov_init' build argument 'cmake_args' from command line to 'None'
[0.860s] Level 5:colcon.colcon_core.verb:set package 'ov_init' build argument 'cmake_target' from command line to 'None'
[0.860s] Level 5:colcon.colcon_core.verb:set package 'ov_init' build argument 'cmake_target_skip_unavailable' from command line to 'False'
[0.860s] Level 5:colcon.colcon_core.verb:set package 'ov_init' build argument 'cmake_clean_cache' from command line to 'False'
[0.860s] Level 5:colcon.colcon_core.verb:set package 'ov_init' build argument 'cmake_clean_first' from command line to 'False'
[0.860s] Level 5:colcon.colcon_core.verb:set package 'ov_init' build argument 'cmake_force_configure' from command line to 'False'
[0.860s] Level 5:colcon.colcon_core.verb:set package 'ov_init' build argument 'ament_cmake_args' from command line to 'None'
[0.860s] Level 5:colcon.colcon_core.verb:set package 'ov_init' build argument 'catkin_cmake_args' from command line to 'None'
[0.860s] Level 5:colcon.colcon_core.verb:set package 'ov_init' build argument 'catkin_skip_building_tests' from command line to 'False'
[0.860s] DEBUG:colcon.colcon_core.verb:Building package 'ov_init' with the following arguments: {'ament_cmake_args': None, 'build_base': '/home/subbu/slam_ws/build/ov_init', 'catkin_cmake_args': None, 'catkin_skip_building_tests': False, 'cmake_args': None, 'cmake_clean_cache': False, 'cmake_clean_first': False, 'cmake_force_configure': False, 'cmake_target': None, 'cmake_target_skip_unavailable': False, 'install_base': '/home/subbu/slam_ws/install/ov_init', 'merge_install': False, 'path': '/home/subbu/slam_ws/src/open_vins/ov_init', 'symlink_install': False, 'test_result_base': None}
[0.860s] Level 5:colcon.colcon_core.verb:set package 'ov_msckf' build argument 'cmake_args' from command line to 'None'
[0.861s] Level 5:colcon.colcon_core.verb:set package 'ov_msckf' build argument 'cmake_target' from command line to 'None'
[0.861s] Level 5:colcon.colcon_core.verb:set package 'ov_msckf' build argument 'cmake_target_skip_unavailable' from command line to 'False'
[0.861s] Level 5:colcon.colcon_core.verb:set package 'ov_msckf' build argument 'cmake_clean_cache' from command line to 'False'
[0.861s] Level 5:colcon.colcon_core.verb:set package 'ov_msckf' build argument 'cmake_clean_first' from command line to 'False'
[0.861s] Level 5:colcon.colcon_core.verb:set package 'ov_msckf' build argument 'cmake_force_configure' from command line to 'False'
[0.861s] Level 5:colcon.colcon_core.verb:set package 'ov_msckf' build argument 'ament_cmake_args' from command line to 'None'
[0.861s] Level 5:colcon.colcon_core.verb:set package 'ov_msckf' build argument 'catkin_cmake_args' from command line to 'None'
[0.861s] Level 5:colcon.colcon_core.verb:set package 'ov_msckf' build argument 'catkin_skip_building_tests' from command line to 'False'
[0.861s] DEBUG:colcon.colcon_core.verb:Building package 'ov_msckf' with the following arguments: {'ament_cmake_args': None, 'build_base': '/home/subbu/slam_ws/build/ov_msckf', 'catkin_cmake_args': None, 'catkin_skip_building_tests': False, 'cmake_args': None, 'cmake_clean_cache': False, 'cmake_clean_first': False, 'cmake_force_configure': False, 'cmake_target': None, 'cmake_target_skip_unavailable': False, 'install_base': '/home/subbu/slam_ws/install/ov_msckf', 'merge_install': False, 'path': '/home/subbu/slam_ws/src/open_vins/ov_msckf', 'symlink_install': False, 'test_result_base': None}
[0.861s] INFO:colcon.colcon_core.executor:Executing jobs using 'sequential' executor
[0.862s] DEBUG:colcon.colcon_core.executor.sequential:run_until_complete 'challenge_tools_ros'
[0.862s] INFO:colcon.colcon_ros.task.ament_cmake.build:Building ROS package in '/home/subbu/slam_ws/src/hilti-trimble-slam-challenge-2026' with build type 'ament_cmake'
[0.862s] INFO:colcon.colcon_cmake.task.cmake.build:Building CMake package in '/home/subbu/slam_ws/src/hilti-trimble-slam-challenge-2026'
[0.867s] INFO:colcon.colcon_core.plugin_system:Skipping extension 'colcon_core.shell.bat': Not used on non-Windows systems
[0.867s] INFO:colcon.colcon_core.shell:Skip shell extension 'powershell' for command environment: Not usable outside of PowerShell
[0.867s] DEBUG:colcon.colcon_core.shell:Skip shell extension 'dsv' for command environment
[0.876s] DEBUG:colcon.colcon_core.event_handler.log_command:Invoking command in '/home/subbu/slam_ws/build/challenge_tools_ros': CMAKE_PREFIX_PATH=${CMAKE_PREFIX_PATH}:/opt/ros/humble /usr/bin/cmake /home/subbu/slam_ws/src/hilti-trimble-slam-challenge-2026 -DCMAKE_INSTALL_PREFIX=/home/subbu/slam_ws/install/challenge_tools_ros
[3.071s] DEBUG:colcon.colcon_core.event_handler.log_command:Invoked command in '/home/subbu/slam_ws/build/challenge_tools_ros' returned '0': CMAKE_PREFIX_PATH=${CMAKE_PREFIX_PATH}:/opt/ros/humble /usr/bin/cmake /home/subbu/slam_ws/src/hilti-trimble-slam-challenge-2026 -DCMAKE_INSTALL_PREFIX=/home/subbu/slam_ws/install/challenge_tools_ros
[3.074s] DEBUG:colcon.colcon_core.event_handler.log_command:Invoking command in '/home/subbu/slam_ws/build/challenge_tools_ros': CMAKE_PREFIX_PATH=${CMAKE_PREFIX_PATH}:/opt/ros/humble /usr/bin/cmake --build /home/subbu/slam_ws/build/challenge_tools_ros -- -j8 -l8
[3.449s] DEBUG:colcon.colcon_core.event_handler.log_command:Invoked command in '/home/subbu/slam_ws/build/challenge_tools_ros' returned '0': CMAKE_PREFIX_PATH=${CMAKE_PREFIX_PATH}:/opt/ros/humble /usr/bin/cmake --build /home/subbu/slam_ws/build/challenge_tools_ros -- -j8 -l8
[3.460s] DEBUG:colcon.colcon_core.event_handler.log_command:Invoking command in '/home/subbu/slam_ws/build/challenge_tools_ros': CMAKE_PREFIX_PATH=${CMAKE_PREFIX_PATH}:/opt/ros/humble /usr/bin/cmake --install /home/subbu/slam_ws/build/challenge_tools_ros
[3.538s] Level 1:colcon.colcon_core.environment:create_environment_scripts_only(challenge_tools_ros)
[3.539s] DEBUG:colcon.colcon_core.event_handler.log_command:Invoked command in '/home/subbu/slam_ws/build/challenge_tools_ros' returned '0': CMAKE_PREFIX_PATH=${CMAKE_PREFIX_PATH}:/opt/ros/humble /usr/bin/cmake --install /home/subbu/slam_ws/build/challenge_tools_ros
[3.545s] Level 1:colcon.colcon_core.environment:checking '/home/subbu/slam_ws/install/challenge_tools_ros' for CMake module files
[3.545s] Level 1:colcon.colcon_core.environment:checking '/home/subbu/slam_ws/install/challenge_tools_ros' for CMake config files
[3.546s] Level 1:colcon.colcon_core.shell:create_environment_hook('challenge_tools_ros', 'cmake_prefix_path')
[3.547s] INFO:colcon.colcon_core.shell:Creating environment hook '/home/subbu/slam_ws/install/challenge_tools_ros/share/challenge_tools_ros/hook/cmake_prefix_path.ps1'
[3.548s] INFO:colcon.colcon_core.shell:Creating environment descriptor '/home/subbu/slam_ws/install/challenge_tools_ros/share/challenge_tools_ros/hook/cmake_prefix_path.dsv'
[3.548s] INFO:colcon.colcon_core.shell:Creating environment hook '/home/subbu/slam_ws/install/challenge_tools_ros/share/challenge_tools_ros/hook/cmake_prefix_path.sh'
[3.549s] Level 1:colcon.colcon_core.environment:checking '/home/subbu/slam_ws/install/challenge_tools_ros/lib'
[3.550s] Level 1:colcon.colcon_core.environment:checking '/home/subbu/slam_ws/install/challenge_tools_ros/bin'
[3.550s] Level 1:colcon.colcon_core.environment:checking '/home/subbu/slam_ws/install/challenge_tools_ros/lib/pkgconfig/challenge_tools_ros.pc'
[3.550s] Level 1:colcon.colcon_core.environment:checking '/home/subbu/slam_ws/install/challenge_tools_ros/lib/python3.10/site-packages'
[3.550s] Level 1:colcon.colcon_core.environment:checking '/home/subbu/slam_ws/install/challenge_tools_ros/bin'
[3.551s] INFO:colcon.colcon_core.shell:Creating package script '/home/subbu/slam_ws/install/challenge_tools_ros/share/challenge_tools_ros/package.ps1'
[3.552s] INFO:colcon.colcon_core.shell:Creating package descriptor '/home/subbu/slam_ws/install/challenge_tools_ros/share/challenge_tools_ros/package.dsv'
[3.552s] INFO:colcon.colcon_core.shell:Creating package script '/home/subbu/slam_ws/install/challenge_tools_ros/share/challenge_tools_ros/package.sh'
[3.553s] INFO:colcon.colcon_core.shell:Creating package script '/home/subbu/slam_ws/install/challenge_tools_ros/share/challenge_tools_ros/package.bash'
[3.554s] INFO:colcon.colcon_core.shell:Creating package script '/home/subbu/slam_ws/install/challenge_tools_ros/share/challenge_tools_ros/package.zsh'
[3.555s] Level 1:colcon.colcon_core.environment:create_file_with_runtime_dependencies(/home/subbu/slam_ws/install/challenge_tools_ros/share/colcon-core/packages/challenge_tools_ros)
[3.556s] Level 1:colcon.colcon_core.environment:create_environment_scripts_only(challenge_tools_ros)
[3.556s] Level 1:colcon.colcon_core.environment:checking '/home/subbu/slam_ws/install/challenge_tools_ros' for CMake module files
[3.557s] Level 1:colcon.colcon_core.environment:checking '/home/subbu/slam_ws/install/challenge_tools_ros' for CMake config files
[3.557s] Level 1:colcon.colcon_core.shell:create_environment_hook('challenge_tools_ros', 'cmake_prefix_path')
[3.558s] INFO:colcon.colcon_core.shell:Creating environment hook '/home/subbu/slam_ws/install/challenge_tools_ros/share/challenge_tools_ros/hook/cmake_prefix_path.ps1'
[3.558s] INFO:colcon.colcon_core.shell:Creating environment descriptor '/home/subbu/slam_ws/install/challenge_tools_ros/share/challenge_tools_ros/hook/cmake_prefix_path.dsv'
[3.558s] INFO:colcon.colcon_core.shell:Creating environment hook '/home/subbu/slam_ws/install/challenge_tools_ros/share/challenge_tools_ros/hook/cmake_prefix_path.sh'
[3.559s] Level 1:colcon.colcon_core.environment:checking '/home/subbu/slam_ws/install/challenge_tools_ros/lib'
[3.559s] Level 1:colcon.colcon_core.environment:checking '/home/subbu/slam_ws/install/challenge_tools_ros/bin'
[3.559s] Level 1:colcon.colcon_core.environment:checking '/home/subbu/slam_ws/install/challenge_tools_ros/lib/pkgconfig/challenge_tools_ros.pc'
[3.559s] Level 1:colcon.colcon_core.environment:checking '/home/subbu/slam_ws/install/challenge_tools_ros/lib/python3.10/site-packages'
[3.560s] Level 1:colcon.colcon_core.environment:checking '/home/subbu/slam_ws/install/challenge_tools_ros/bin'
[3.560s] INFO:colcon.colcon_core.shell:Creating package script '/home/subbu/slam_ws/install/challenge_tools_ros/share/challenge_tools_ros/package.ps1'
[3.560s] INFO:colcon.colcon_core.shell:Creating package descriptor '/home/subbu/slam_ws/install/challenge_tools_ros/share/challenge_tools_ros/package.dsv'
[3.561s] INFO:colcon.colcon_core.shell:Creating package script '/home/subbu/slam_ws/install/challenge_tools_ros/share/challenge_tools_ros/package.sh'
[3.561s] INFO:colcon.colcon_core.shell:Creating package script '/home/subbu/slam_ws/install/challenge_tools_ros/share/challenge_tools_ros/package.bash'
[3.562s] INFO:colcon.colcon_core.shell:Creating package script '/home/subbu/slam_ws/install/challenge_tools_ros/share/challenge_tools_ros/package.zsh'
[3.562s] Level 1:colcon.colcon_core.environment:create_file_with_runtime_dependencies(/home/subbu/slam_ws/install/challenge_tools_ros/share/colcon-core/packages/challenge_tools_ros)
[3.562s] DEBUG:colcon.colcon_core.executor.sequential:run_until_complete 'challenge_tools_ros' finished with '0'
[3.562s] DEBUG:colcon.colcon_core.executor.sequential:run_until_complete 'ov_core'
[3.563s] INFO:colcon.colcon_ros.task.ament_cmake.build:Building ROS package in '/home/subbu/slam_ws/src/open_vins/ov_core' with build type 'ament_cmake'
[3.563s] INFO:colcon.colcon_cmake.task.cmake.build:Building CMake package in '/home/subbu/slam_ws/src/open_vins/ov_core'
[3.563s] INFO:colcon.colcon_core.shell:Skip shell extension 'powershell' for command environment: Not usable outside of PowerShell
[3.563s] DEBUG:colcon.colcon_core.shell:Skip shell extension 'dsv' for command environment
[3.573s] DEBUG:colcon.colcon_core.event_handler.log_command:Invoking command in '/home/subbu/slam_ws/build/ov_core': CMAKE_PREFIX_PATH=${CMAKE_PREFIX_PATH}:/opt/ros/humble /usr/bin/cmake /home/subbu/slam_ws/src/open_vins/ov_core -DCMAKE_INSTALL_PREFIX=/home/subbu/slam_ws/install/ov_core
[4.213s] DEBUG:colcon.colcon_core.event_handler.log_command:Invoked command in '/home/subbu/slam_ws/build/ov_core' returned '0': CMAKE_PREFIX_PATH=${CMAKE_PREFIX_PATH}:/opt/ros/humble /usr/bin/cmake /home/subbu/slam_ws/src/open_vins/ov_core -DCMAKE_INSTALL_PREFIX=/home/subbu/slam_ws/install/ov_core
[4.214s] DEBUG:colcon.colcon_core.event_handler.log_command:Invoking command in '/home/subbu/slam_ws/build/ov_core': CMAKE_PREFIX_PATH=${CMAKE_PREFIX_PATH}:/opt/ros/humble /usr/bin/cmake --build /home/subbu/slam_ws/build/ov_core -- -j8 -l8
[4.448s] DEBUG:colcon.colcon_core.event_handler.log_command:Invoked command in '/home/subbu/slam_ws/build/ov_core' returned '0': CMAKE_PREFIX_PATH=${CMAKE_PREFIX_PATH}:/opt/ros/humble /usr/bin/cmake --build /home/subbu/slam_ws/build/ov_core -- -j8 -l8
[4.450s] DEBUG:colcon.colcon_core.event_handler.log_command:Invoking command in '/home/subbu/slam_ws/build/ov_core': CMAKE_PREFIX_PATH=${CMAKE_PREFIX_PATH}:/opt/ros/humble /usr/bin/cmake --install /home/subbu/slam_ws/build/ov_core
[4.483s] Level 1:colcon.colcon_core.environment:create_environment_scripts_only(ov_core)
[4.483s] Level 1:colcon.colcon_core.environment:checking '/home/subbu/slam_ws/install/ov_core' for CMake module files
[4.484s] DEBUG:colcon.colcon_core.event_handler.log_command:Invoked command in '/home/subbu/slam_ws/build/ov_core' returned '0': CMAKE_PREFIX_PATH=${CMAKE_PREFIX_PATH}:/opt/ros/humble /usr/bin/cmake --install /home/subbu/slam_ws/build/ov_core
[4.485s] Level 1:colcon.colcon_core.environment:checking '/home/subbu/slam_ws/install/ov_core' for CMake config files
[4.485s] Level 1:colcon.colcon_core.shell:create_environment_hook('ov_core', 'cmake_prefix_path')
[4.486s] INFO:colcon.colcon_core.shell:Creating environment hook '/home/subbu/slam_ws/install/ov_core/share/ov_core/hook/cmake_prefix_path.ps1'
[4.486s] INFO:colcon.colcon_core.shell:Creating environment descriptor '/home/subbu/slam_ws/install/ov_core/share/ov_core/hook/cmake_prefix_path.dsv'
[4.487s] INFO:colcon.colcon_core.shell:Creating environment hook '/home/subbu/slam_ws/install/ov_core/share/ov_core/hook/cmake_prefix_path.sh'
[4.488s] Level 1:colcon.colcon_core.environment:checking '/home/subbu/slam_ws/install/ov_core/lib'
[4.488s] Level 1:colcon.colcon_core.shell:create_environment_hook('ov_core', 'ld_library_path_lib')
[4.488s] INFO:colcon.colcon_core.shell:Creating environment hook '/home/subbu/slam_ws/install/ov_core/share/ov_core/hook/ld_library_path_lib.ps1'
[4.489s] INFO:colcon.colcon_core.shell:Creating environment descriptor '/home/subbu/slam_ws/install/ov_core/share/ov_core/hook/ld_library_path_lib.dsv'
[4.489s] INFO:colcon.colcon_core.shell:Creating environment hook '/home/subbu/slam_ws/install/ov_core/share/ov_core/hook/ld_library_path_lib.sh'
[4.490s] Level 1:colcon.colcon_core.environment:checking '/home/subbu/slam_ws/install/ov_core/bin'
[4.490s] Level 1:colcon.colcon_core.environment:checking '/home/subbu/slam_ws/install/ov_core/lib/pkgconfig/ov_core.pc'
[4.490s] Level 1:colcon.colcon_core.environment:checking '/home/subbu/slam_ws/install/ov_core/lib/python3.10/site-packages'
[4.491s] Level 1:colcon.colcon_core.environment:checking '/home/subbu/slam_ws/install/ov_core/bin'
[4.491s] INFO:colcon.colcon_core.shell:Creating package script '/home/subbu/slam_ws/install/ov_core/share/ov_core/package.ps1'
[4.492s] INFO:colcon.colcon_core.shell:Creating package descriptor '/home/subbu/slam_ws/install/ov_core/share/ov_core/package.dsv'
[4.493s] INFO:colcon.colcon_core.shell:Creating package script '/home/subbu/slam_ws/install/ov_core/share/ov_core/package.sh'
[4.493s] INFO:colcon.colcon_core.shell:Creating package script '/home/subbu/slam_ws/install/ov_core/share/ov_core/package.bash'
[4.494s] INFO:colcon.colcon_core.shell:Creating package script '/home/subbu/slam_ws/install/ov_core/share/ov_core/package.zsh'
[4.494s] Level 1:colcon.colcon_core.environment:create_file_with_runtime_dependencies(/home/subbu/slam_ws/install/ov_core/share/colcon-core/packages/ov_core)
[4.495s] Level 1:colcon.colcon_core.environment:create_environment_scripts_only(ov_core)
[4.496s] Level 1:colcon.colcon_core.environment:checking '/home/subbu/slam_ws/install/ov_core' for CMake module files
[4.497s] Level 1:colcon.colcon_core.environment:checking '/home/subbu/slam_ws/install/ov_core' for CMake config files
[4.497s] Level 1:colcon.colcon_core.shell:create_environment_hook('ov_core', 'cmake_prefix_path')
[4.498s] INFO:colcon.colcon_core.shell:Creating environment hook '/home/subbu/slam_ws/install/ov_core/share/ov_core/hook/cmake_prefix_path.ps1'
[4.498s] INFO:colcon.colcon_core.shell:Creating environment descriptor '/home/subbu/slam_ws/install/ov_core/share/ov_core/hook/cmake_prefix_path.dsv'
[4.499s] INFO:colcon.colcon_core.shell:Creating environment hook '/home/subbu/slam_ws/install/ov_core/share/ov_core/hook/cmake_prefix_path.sh'
[4.500s] Level 1:colcon.colcon_core.environment:checking '/home/subbu/slam_ws/install/ov_core/lib'
[4.500s] Level 1:colcon.colcon_core.shell:create_environment_hook('ov_core', 'ld_library_path_lib')
[4.500s] INFO:colcon.colcon_core.shell:Creating environment hook '/home/subbu/slam_ws/install/ov_core/share/ov_core/hook/ld_library_path_lib.ps1'
[4.501s] INFO:colcon.colcon_core.shell:Creating environment descriptor '/home/subbu/slam_ws/install/ov_core/share/ov_core/hook/ld_library_path_lib.dsv'
[4.501s] INFO:colcon.colcon_core.shell:Creating environment hook '/home/subbu/slam_ws/install/ov_core/share/ov_core/hook/ld_library_path_lib.sh'
[4.502s] Level 1:colcon.colcon_core.environment:checking '/home/subbu/slam_ws/install/ov_core/bin'
[4.502s] Level 1:colcon.colcon_core.environment:checking '/home/subbu/slam_ws/install/ov_core/lib/pkgconfig/ov_core.pc'
[4.502s] Level 1:colcon.colcon_core.environment:checking '/home/subbu/slam_ws/install/ov_core/lib/python3.10/site-packages'
[4.503s] Level 1:colcon.colcon_core.environment:checking '/home/subbu/slam_ws/install/ov_core/bin'
[4.503s] INFO:colcon.colcon_core.shell:Creating package script '/home/subbu/slam_ws/install/ov_core/share/ov_core/package.ps1'
[4.504s] INFO:colcon.colcon_core.shell:Creating package descriptor '/home/subbu/slam_ws/install/ov_core/share/ov_core/package.dsv'
[4.505s] INFO:colcon.colcon_core.shell:Creating package script '/home/subbu/slam_ws/install/ov_core/share/ov_core/package.sh'
[4.505s] INFO:colcon.colcon_core.shell:Creating package script '/home/subbu/slam_ws/install/ov_core/share/ov_core/package.bash'
[4.506s] INFO:colcon.colcon_core.shell:Creating package script '/home/subbu/slam_ws/install/ov_core/share/ov_core/package.zsh'
[4.506s] Level 1:colcon.colcon_core.environment:create_file_with_runtime_dependencies(/home/subbu/slam_ws/install/ov_core/share/colcon-core/packages/ov_core)
[4.506s] DEBUG:colcon.colcon_core.executor.sequential:run_until_complete 'ov_core' finished with '0'
[4.506s] DEBUG:colcon.colcon_core.executor.sequential:run_until_complete 'ov_data'
[4.506s] INFO:colcon.colcon_ros.task.ament_cmake.build:Building ROS package in '/home/subbu/slam_ws/src/open_vins/ov_data' with build type 'ament_cmake'
[4.506s] INFO:colcon.colcon_cmake.task.cmake.build:Building CMake package in '/home/subbu/slam_ws/src/open_vins/ov_data'
[4.507s] INFO:colcon.colcon_core.shell:Skip shell extension 'powershell' for command environment: Not usable outside of PowerShell
[4.507s] DEBUG:colcon.colcon_core.shell:Skip shell extension 'dsv' for command environment
[4.516s] DEBUG:colcon.colcon_core.event_handler.log_command:Invoking command in '/home/subbu/slam_ws/build/ov_data': CMAKE_PREFIX_PATH=${CMAKE_PREFIX_PATH}:/opt/ros/humble /usr/bin/cmake /home/subbu/slam_ws/src/open_vins/ov_data -DCMAKE_INSTALL_PREFIX=/home/subbu/slam_ws/install/ov_data
[4.765s] DEBUG:colcon.colcon_core.event_handler.log_command:Invoked command in '/home/subbu/slam_ws/build/ov_data' returned '0': CMAKE_PREFIX_PATH=${CMAKE_PREFIX_PATH}:/opt/ros/humble /usr/bin/cmake /home/subbu/slam_ws/src/open_vins/ov_data -DCMAKE_INSTALL_PREFIX=/home/subbu/slam_ws/install/ov_data
[4.766s] DEBUG:colcon.colcon_core.event_handler.log_command:Invoking command in '/home/subbu/slam_ws/build/ov_data': CMAKE_PREFIX_PATH=${CMAKE_PREFIX_PATH}:/opt/ros/humble /usr/bin/cmake --build /home/subbu/slam_ws/build/ov_data -- -j8 -l8
[4.807s] DEBUG:colcon.colcon_core.event_handler.log_command:Invoked command in '/home/subbu/slam_ws/build/ov_data' returned '0': CMAKE_PREFIX_PATH=${CMAKE_PREFIX_PATH}:/opt/ros/humble /usr/bin/cmake --build /home/subbu/slam_ws/build/ov_data -- -j8 -l8
[4.809s] DEBUG:colcon.colcon_core.event_handler.log_command:Invoking command in '/home/subbu/slam_ws/build/ov_data': CMAKE_PREFIX_PATH=${CMAKE_PREFIX_PATH}:/opt/ros/humble /usr/bin/cmake --install /home/subbu/slam_ws/build/ov_data
[4.834s] Level 1:colcon.colcon_core.environment:create_environment_scripts_only(ov_data)
[4.835s] Level 1:colcon.colcon_core.environment:checking '/home/subbu/slam_ws/install/ov_data' for CMake module files
[4.836s] DEBUG:colcon.colcon_core.event_handler.log_command:Invoked command in '/home/subbu/slam_ws/build/ov_data' returned '0': CMAKE_PREFIX_PATH=${CMAKE_PREFIX_PATH}:/opt/ros/humble /usr/bin/cmake --install /home/subbu/slam_ws/build/ov_data
[4.836s] Level 1:colcon.colcon_core.environment:checking '/home/subbu/slam_ws/install/ov_data' for CMake config files
[4.836s] Level 1:colcon.colcon_core.shell:create_environment_hook('ov_data', 'cmake_prefix_path')
[4.837s] INFO:colcon.colcon_core.shell:Creating environment hook '/home/subbu/slam_ws/install/ov_data/share/ov_data/hook/cmake_prefix_path.ps1'
[4.837s] INFO:colcon.colcon_core.shell:Creating environment descriptor '/home/subbu/slam_ws/install/ov_data/share/ov_data/hook/cmake_prefix_path.dsv'
[4.837s] INFO:colcon.colcon_core.shell:Creating environment hook '/home/subbu/slam_ws/install/ov_data/share/ov_data/hook/cmake_prefix_path.sh'
[4.838s] Level 1:colcon.colcon_core.environment:checking '/home/subbu/slam_ws/install/ov_data/bin'
[4.838s] Level 1:colcon.colcon_core.environment:checking '/home/subbu/slam_ws/install/ov_data/lib/pkgconfig/ov_data.pc'
[4.838s] Level 1:colcon.colcon_core.environment:checking '/home/subbu/slam_ws/install/ov_data/lib/python3.10/site-packages'
[4.839s] Level 1:colcon.colcon_core.environment:checking '/home/subbu/slam_ws/install/ov_data/bin'
[4.839s] INFO:colcon.colcon_core.shell:Creating package script '/home/subbu/slam_ws/install/ov_data/share/ov_data/package.ps1'
[4.839s] INFO:colcon.colcon_core.shell:Creating package descriptor '/home/subbu/slam_ws/install/ov_data/share/ov_data/package.dsv'
[4.840s] INFO:colcon.colcon_core.shell:Creating package script '/home/subbu/slam_ws/install/ov_data/share/ov_data/package.sh'
[4.840s] INFO:colcon.colcon_core.shell:Creating package script '/home/subbu/slam_ws/install/ov_data/share/ov_data/package.bash'
[4.841s] INFO:colcon.colcon_core.shell:Creating package script '/home/subbu/slam_ws/install/ov_data/share/ov_data/package.zsh'
[4.841s] Level 1:colcon.colcon_core.environment:create_file_with_runtime_dependencies(/home/subbu/slam_ws/install/ov_data/share/colcon-core/packages/ov_data)
[4.842s] Level 1:colcon.colcon_core.environment:create_environment_scripts_only(ov_data)
[4.842s] Level 1:colcon.colcon_core.environment:checking '/home/subbu/slam_ws/install/ov_data' for CMake module files
[4.842s] Level 1:colcon.colcon_core.environment:checking '/home/subbu/slam_ws/install/ov_data' for CMake config files
[4.843s] Level 1:colcon.colcon_core.shell:create_environment_hook('ov_data', 'cmake_prefix_path')
[4.843s] INFO:colcon.colcon_core.shell:Creating environment hook '/home/subbu/slam_ws/install/ov_data/share/ov_data/hook/cmake_prefix_path.ps1'
[4.843s] INFO:colcon.colcon_core.shell:Creating environment descriptor '/home/subbu/slam_ws/install/ov_data/share/ov_data/hook/cmake_prefix_path.dsv'
[4.844s] INFO:colcon.colcon_core.shell:Creating environment hook '/home/subbu/slam_ws/install/ov_data/share/ov_data/hook/cmake_prefix_path.sh'
[4.844s] Level 1:colcon.colcon_core.environment:checking '/home/subbu/slam_ws/install/ov_data/bin'
[4.844s] Level 1:colcon.colcon_core.environment:checking '/home/subbu/slam_ws/install/ov_data/lib/pkgconfig/ov_data.pc'
[4.845s] Level 1:colcon.colcon_core.environment:checking '/home/subbu/slam_ws/install/ov_data/lib/python3.10/site-packages'
[4.845s] Level 1:colcon.colcon_core.environment:checking '/home/subbu/slam_ws/install/ov_data/bin'
[4.845s] INFO:colcon.colcon_core.shell:Creating package script '/home/subbu/slam_ws/install/ov_data/share/ov_data/package.ps1'
[4.846s] INFO:colcon.colcon_core.shell:Creating package descriptor '/home/subbu/slam_ws/install/ov_data/share/ov_data/package.dsv'
[4.846s] INFO:colcon.colcon_core.shell:Creating package script '/home/subbu/slam_ws/install/ov_data/share/ov_data/package.sh'
[4.847s] INFO:colcon.colcon_core.shell:Creating package script '/home/subbu/slam_ws/install/ov_data/share/ov_data/package.bash'
[4.847s] INFO:colcon.colcon_core.shell:Creating package script '/home/subbu/slam_ws/install/ov_data/share/ov_data/package.zsh'
[4.847s] Level 1:colcon.colcon_core.environment:create_file_with_runtime_dependencies(/home/subbu/slam_ws/install/ov_data/share/colcon-core/packages/ov_data)
[4.848s] DEBUG:colcon.colcon_core.executor.sequential:run_until_complete 'ov_data' finished with '0'
[4.848s] DEBUG:colcon.colcon_core.executor.sequential:run_until_complete 'ov_eval'
[4.848s] INFO:colcon.colcon_ros.task.ament_cmake.build:Building ROS package in '/home/subbu/slam_ws/src/open_vins/ov_eval' with build type 'ament_cmake'
[4.848s] INFO:colcon.colcon_cmake.task.cmake.build:Building CMake package in '/home/subbu/slam_ws/src/open_vins/ov_eval'
[4.848s] INFO:colcon.colcon_core.shell:Skip shell extension 'powershell' for command environment: Not usable outside of PowerShell
[4.848s] DEBUG:colcon.colcon_core.shell:Skip shell extension 'dsv' for command environment
[4.861s] DEBUG:colcon.colcon_core.event_handler.log_command:Invoking command in '/home/subbu/slam_ws/build/ov_eval': CMAKE_PREFIX_PATH=/home/subbu/slam_ws/install/ov_core:/home/subbu/slam_ws/install/ov_init:/home/subbu/slam_ws/install/ov_eval:/home/subbu/slam_ws/install/ov_data:/home/subbu/slam_ws/install/challenge_tools_ros:/opt/ros/humble LD_LIBRARY_PATH=/home/subbu/slam_ws/install/ov_core/lib:/home/subbu/slam_ws/install/ov_init/lib:/home/subbu/slam_ws/install/ov_eval/lib:/opt/ros/humble/opt/rviz_ogre_vendor/lib:/opt/ros/humble/lib/x86_64-linux-gnu:/opt/ros/humble/lib /usr/bin/cmake /home/subbu/slam_ws/src/open_vins/ov_eval -DCMAKE_INSTALL_PREFIX=/home/subbu/slam_ws/install/ov_eval
[5.493s] DEBUG:colcon.colcon_core.event_handler.log_command:Invoked command in '/home/subbu/slam_ws/build/ov_eval' returned '0': CMAKE_PREFIX_PATH=/home/subbu/slam_ws/install/ov_core:/home/subbu/slam_ws/install/ov_init:/home/subbu/slam_ws/install/ov_eval:/home/subbu/slam_ws/install/ov_data:/home/subbu/slam_ws/install/challenge_tools_ros:/opt/ros/humble LD_LIBRARY_PATH=/home/subbu/slam_ws/install/ov_core/lib:/home/subbu/slam_ws/install/ov_init/lib:/home/subbu/slam_ws/install/ov_eval/lib:/opt/ros/humble/opt/rviz_ogre_vendor/lib:/opt/ros/humble/lib/x86_64-linux-gnu:/opt/ros/humble/lib /usr/bin/cmake /home/subbu/slam_ws/src/open_vins/ov_eval -DCMAKE_INSTALL_PREFIX=/home/subbu/slam_ws/install/ov_eval
[5.494s] DEBUG:colcon.colcon_core.event_handler.log_command:Invoking command in '/home/subbu/slam_ws/build/ov_eval': CMAKE_PREFIX_PATH=/home/subbu/slam_ws/install/ov_core:/home/subbu/slam_ws/install/ov_init:/home/subbu/slam_ws/install/ov_eval:/home/subbu/slam_ws/install/ov_data:/home/subbu/slam_ws/install/challenge_tools_ros:/opt/ros/humble LD_LIBRARY_PATH=/home/subbu/slam_ws/install/ov_core/lib:/home/subbu/slam_ws/install/ov_init/lib:/home/subbu/slam_ws/install/ov_eval/lib:/opt/ros/humble/opt/rviz_ogre_vendor/lib:/opt/ros/humble/lib/x86_64-linux-gnu:/opt/ros/humble/lib /usr/bin/cmake --build /home/subbu/slam_ws/build/ov_eval -- -j8 -l8
[5.687s] DEBUG:colcon.colcon_core.event_handler.log_command:Invoked command in '/home/subbu/slam_ws/build/ov_eval' returned '0': CMAKE_PREFIX_PATH=/home/subbu/slam_ws/install/ov_core:/home/subbu/slam_ws/install/ov_init:/home/subbu/slam_ws/install/ov_eval:/home/subbu/slam_ws/install/ov_data:/home/subbu/slam_ws/install/challenge_tools_ros:/opt/ros/humble LD_LIBRARY_PATH=/home/subbu/slam_ws/install/ov_core/lib:/home/subbu/slam_ws/install/ov_init/lib:/home/subbu/slam_ws/install/ov_eval/lib:/opt/ros/humble/opt/rviz_ogre_vendor/lib:/opt/ros/humble/lib/x86_64-linux-gnu:/opt/ros/humble/lib /usr/bin/cmake --build /home/subbu/slam_ws/build/ov_eval -- -j8 -l8
[5.689s] DEBUG:colcon.colcon_core.event_handler.log_command:Invoking command in '/home/subbu/slam_ws/build/ov_eval': CMAKE_PREFIX_PATH=/home/subbu/slam_ws/install/ov_core:/home/subbu/slam_ws/install/ov_init:/home/subbu/slam_ws/install/ov_eval:/home/subbu/slam_ws/install/ov_data:/home/subbu/slam_ws/install/challenge_tools_ros:/opt/ros/humble LD_LIBRARY_PATH=/home/subbu/slam_ws/install/ov_core/lib:/home/subbu/slam_ws/install/ov_init/lib:/home/subbu/slam_ws/install/ov_eval/lib:/opt/ros/humble/opt/rviz_ogre_vendor/lib:/opt/ros/humble/lib/x86_64-linux-gnu:/opt/ros/humble/lib /usr/bin/cmake --install /home/subbu/slam_ws/build/ov_eval
[5.724s] Level 1:colcon.colcon_core.environment:create_environment_scripts_only(ov_eval)
[5.724s] Level 1:colcon.colcon_core.environment:checking '/home/subbu/slam_ws/install/ov_eval' for CMake module files
[5.725s] DEBUG:colcon.colcon_core.event_handler.log_command:Invoked command in '/home/subbu/slam_ws/build/ov_eval' returned '0': CMAKE_PREFIX_PATH=/home/subbu/slam_ws/install/ov_core:/home/subbu/slam_ws/install/ov_init:/home/subbu/slam_ws/install/ov_eval:/home/subbu/slam_ws/install/ov_data:/home/subbu/slam_ws/install/challenge_tools_ros:/opt/ros/humble LD_LIBRARY_PATH=/home/subbu/slam_ws/install/ov_core/lib:/home/subbu/slam_ws/install/ov_init/lib:/home/subbu/slam_ws/install/ov_eval/lib:/opt/ros/humble/opt/rviz_ogre_vendor/lib:/opt/ros/humble/lib/x86_64-linux-gnu:/opt/ros/humble/lib /usr/bin/cmake --install /home/subbu/slam_ws/build/ov_eval
[5.726s] Level 1:colcon.colcon_core.environment:checking '/home/subbu/slam_ws/install/ov_eval' for CMake config files
[5.726s] Level 1:colcon.colcon_core.shell:create_environment_hook('ov_eval', 'cmake_prefix_path')
[5.727s] INFO:colcon.colcon_core.shell:Creating environment hook '/home/subbu/slam_ws/install/ov_eval/share/ov_eval/hook/cmake_prefix_path.ps1'
[5.727s] INFO:colcon.colcon_core.shell:Creating environment descriptor '/home/subbu/slam_ws/install/ov_eval/share/ov_eval/hook/cmake_prefix_path.dsv'
[5.728s] INFO:colcon.colcon_core.shell:Creating environment hook '/home/subbu/slam_ws/install/ov_eval/share/ov_eval/hook/cmake_prefix_path.sh'
[5.728s] Level 1:colcon.colcon_core.environment:checking '/home/subbu/slam_ws/install/ov_eval/lib'
[5.728s] Level 1:colcon.colcon_core.shell:create_environment_hook('ov_eval', 'ld_library_path_lib')
[5.728s] INFO:colcon.colcon_core.shell:Creating environment hook '/home/subbu/slam_ws/install/ov_eval/share/ov_eval/hook/ld_library_path_lib.ps1'
[5.729s] INFO:colcon.colcon_core.shell:Creating environment descriptor '/home/subbu/slam_ws/install/ov_eval/share/ov_eval/hook/ld_library_path_lib.dsv'
[5.729s] INFO:colcon.colcon_core.shell:Creating environment hook '/home/subbu/slam_ws/install/ov_eval/share/ov_eval/hook/ld_library_path_lib.sh'
[5.730s] Level 1:colcon.colcon_core.environment:checking '/home/subbu/slam_ws/install/ov_eval/bin'
[5.730s] Level 1:colcon.colcon_core.environment:checking '/home/subbu/slam_ws/install/ov_eval/lib/pkgconfig/ov_eval.pc'
[5.730s] Level 1:colcon.colcon_core.environment:checking '/home/subbu/slam_ws/install/ov_eval/lib/python3.10/site-packages'
[5.730s] Level 1:colcon.colcon_core.environment:checking '/home/subbu/slam_ws/install/ov_eval/bin'
[5.731s] INFO:colcon.colcon_core.shell:Creating package script '/home/subbu/slam_ws/install/ov_eval/share/ov_eval/package.ps1'
[5.731s] INFO:colcon.colcon_core.shell:Creating package descriptor '/home/subbu/slam_ws/install/ov_eval/share/ov_eval/package.dsv'
[5.732s] INFO:colcon.colcon_core.shell:Creating package script '/home/subbu/slam_ws/install/ov_eval/share/ov_eval/package.sh'
[5.732s] INFO:colcon.colcon_core.shell:Creating package script '/home/subbu/slam_ws/install/ov_eval/share/ov_eval/package.bash'
[5.732s] INFO:colcon.colcon_core.shell:Creating package script '/home/subbu/slam_ws/install/ov_eval/share/ov_eval/package.zsh'
[5.733s] Level 1:colcon.colcon_core.environment:create_file_with_runtime_dependencies(/home/subbu/slam_ws/install/ov_eval/share/colcon-core/packages/ov_eval)
[5.733s] Level 1:colcon.colcon_core.environment:create_environment_scripts_only(ov_eval)
[5.734s] Level 1:colcon.colcon_core.environment:checking '/home/subbu/slam_ws/install/ov_eval' for CMake module files
[5.734s] Level 1:colcon.colcon_core.environment:checking '/home/subbu/slam_ws/install/ov_eval' for CMake config files
[5.734s] Level 1:colcon.colcon_core.shell:create_environment_hook('ov_eval', 'cmake_prefix_path')
[5.735s] INFO:colcon.colcon_core.shell:Creating environment hook '/home/subbu/slam_ws/install/ov_eval/share/ov_eval/hook/cmake_prefix_path.ps1'
[5.735s] INFO:colcon.colcon_core.shell:Creating environment descriptor '/home/subbu/slam_ws/install/ov_eval/share/ov_eval/hook/cmake_prefix_path.dsv'
[5.735s] INFO:colcon.colcon_core.shell:Creating environment hook '/home/subbu/slam_ws/install/ov_eval/share/ov_eval/hook/cmake_prefix_path.sh'
[5.736s] Level 1:colcon.colcon_core.environment:checking '/home/subbu/slam_ws/install/ov_eval/lib'
[5.736s] Level 1:colcon.colcon_core.shell:create_environment_hook('ov_eval', 'ld_library_path_lib')
[5.736s] INFO:colcon.colcon_core.shell:Creating environment hook '/home/subbu/slam_ws/install/ov_eval/share/ov_eval/hook/ld_library_path_lib.ps1'
[5.737s] INFO:colcon.colcon_core.shell:Creating environment descriptor '/home/subbu/slam_ws/install/ov_eval/share/ov_eval/hook/ld_library_path_lib.dsv'
[5.737s] INFO:colcon.colcon_core.shell:Creating environment hook '/home/subbu/slam_ws/install/ov_eval/share/ov_eval/hook/ld_library_path_lib.sh'
[5.737s] Level 1:colcon.colcon_core.environment:checking '/home/subbu/slam_ws/install/ov_eval/bin'
[5.737s] Level 1:colcon.colcon_core.environment:checking '/home/subbu/slam_ws/install/ov_eval/lib/pkgconfig/ov_eval.pc'
[5.738s] Level 1:colcon.colcon_core.environment:checking '/home/subbu/slam_ws/install/ov_eval/lib/python3.10/site-packages'
[5.738s] Level 1:colcon.colcon_core.environment:checking '/home/subbu/slam_ws/install/ov_eval/bin'
[5.738s] INFO:colcon.colcon_core.shell:Creating package script '/home/subbu/slam_ws/install/ov_eval/share/ov_eval/package.ps1'
[5.739s] INFO:colcon.colcon_core.shell:Creating package descriptor '/home/subbu/slam_ws/install/ov_eval/share/ov_eval/package.dsv'
[5.739s] INFO:colcon.colcon_core.shell:Creating package script '/home/subbu/slam_ws/install/ov_eval/share/ov_eval/package.sh'
[5.740s] INFO:colcon.colcon_core.shell:Creating package script '/home/subbu/slam_ws/install/ov_eval/share/ov_eval/package.bash'
[5.740s] INFO:colcon.colcon_core.shell:Creating package script '/home/subbu/slam_ws/install/ov_eval/share/ov_eval/package.zsh'
[5.741s] Level 1:colcon.colcon_core.environment:create_file_with_runtime_dependencies(/home/subbu/slam_ws/install/ov_eval/share/colcon-core/packages/ov_eval)
[5.741s] DEBUG:colcon.colcon_core.executor.sequential:run_until_complete 'ov_eval' finished with '0'
[5.741s] DEBUG:colcon.colcon_core.executor.sequential:run_until_complete 'ov_init'
[5.741s] INFO:colcon.colcon_ros.task.ament_cmake.build:Building ROS package in '/home/subbu/slam_ws/src/open_vins/ov_init' with build type 'ament_cmake'
[5.741s] INFO:colcon.colcon_cmake.task.cmake.build:Building CMake package in '/home/subbu/slam_ws/src/open_vins/ov_init'
[5.741s] INFO:colcon.colcon_core.shell:Skip shell extension 'powershell' for command environment: Not usable outside of PowerShell
[5.741s] DEBUG:colcon.colcon_core.shell:Skip shell extension 'dsv' for command environment
[5.754s] DEBUG:colcon.colcon_core.event_handler.log_command:Invoking command in '/home/subbu/slam_ws/build/ov_init': CMAKE_PREFIX_PATH=/home/subbu/slam_ws/install/ov_core:/home/subbu/slam_ws/install/ov_init:/home/subbu/slam_ws/install/ov_eval:/home/subbu/slam_ws/install/ov_data:/home/subbu/slam_ws/install/challenge_tools_ros:/opt/ros/humble LD_LIBRARY_PATH=/home/subbu/slam_ws/install/ov_core/lib:/home/subbu/slam_ws/install/ov_init/lib:/home/subbu/slam_ws/install/ov_eval/lib:/opt/ros/humble/opt/rviz_ogre_vendor/lib:/opt/ros/humble/lib/x86_64-linux-gnu:/opt/ros/humble/lib /usr/bin/cmake /home/subbu/slam_ws/src/open_vins/ov_init -DCMAKE_INSTALL_PREFIX=/home/subbu/slam_ws/install/ov_init
[6.414s] DEBUG:colcon.colcon_core.event_handler.log_command:Invoked command in '/home/subbu/slam_ws/build/ov_init' returned '0': CMAKE_PREFIX_PATH=/home/subbu/slam_ws/install/ov_core:/home/subbu/slam_ws/install/ov_init:/home/subbu/slam_ws/install/ov_eval:/home/subbu/slam_ws/install/ov_data:/home/subbu/slam_ws/install/challenge_tools_ros:/opt/ros/humble LD_LIBRARY_PATH=/home/subbu/slam_ws/install/ov_core/lib:/home/subbu/slam_ws/install/ov_init/lib:/home/subbu/slam_ws/install/ov_eval/lib:/opt/ros/humble/opt/rviz_ogre_vendor/lib:/opt/ros/humble/lib/x86_64-linux-gnu:/opt/ros/humble/lib /usr/bin/cmake /home/subbu/slam_ws/src/open_vins/ov_init -DCMAKE_INSTALL_PREFIX=/home/subbu/slam_ws/install/ov_init
[6.415s] DEBUG:colcon.colcon_core.event_handler.log_command:Invoking command in '/home/subbu/slam_ws/build/ov_init': CMAKE_PREFIX_PATH=/home/subbu/slam_ws/install/ov_core:/home/subbu/slam_ws/install/ov_init:/home/subbu/slam_ws/install/ov_eval:/home/subbu/slam_ws/install/ov_data:/home/subbu/slam_ws/install/challenge_tools_ros:/opt/ros/humble LD_LIBRARY_PATH=/home/subbu/slam_ws/install/ov_core/lib:/home/subbu/slam_ws/install/ov_init/lib:/home/subbu/slam_ws/install/ov_eval/lib:/opt/ros/humble/opt/rviz_ogre_vendor/lib:/opt/ros/humble/lib/x86_64-linux-gnu:/opt/ros/humble/lib /usr/bin/cmake --build /home/subbu/slam_ws/build/ov_init -- -j8 -l8
[6.586s] DEBUG:colcon.colcon_core.event_handler.log_command:Invoked command in '/home/subbu/slam_ws/build/ov_init' returned '0': CMAKE_PREFIX_PATH=/home/subbu/slam_ws/install/ov_core:/home/subbu/slam_ws/install/ov_init:/home/subbu/slam_ws/install/ov_eval:/home/subbu/slam_ws/install/ov_data:/home/subbu/slam_ws/install/challenge_tools_ros:/opt/ros/humble LD_LIBRARY_PATH=/home/subbu/slam_ws/install/ov_core/lib:/home/subbu/slam_ws/install/ov_init/lib:/home/subbu/slam_ws/install/ov_eval/lib:/opt/ros/humble/opt/rviz_ogre_vendor/lib:/opt/ros/humble/lib/x86_64-linux-gnu:/opt/ros/humble/lib /usr/bin/cmake --build /home/subbu/slam_ws/build/ov_init -- -j8 -l8
[6.588s] DEBUG:colcon.colcon_core.event_handler.log_command:Invoking command in '/home/subbu/slam_ws/build/ov_init': CMAKE_PREFIX_PATH=/home/subbu/slam_ws/install/ov_core:/home/subbu/slam_ws/install/ov_init:/home/subbu/slam_ws/install/ov_eval:/home/subbu/slam_ws/install/ov_data:/home/subbu/slam_ws/install/challenge_tools_ros:/opt/ros/humble LD_LIBRARY_PATH=/home/subbu/slam_ws/install/ov_core/lib:/home/subbu/slam_ws/install/ov_init/lib:/home/subbu/slam_ws/install/ov_eval/lib:/opt/ros/humble/opt/rviz_ogre_vendor/lib:/opt/ros/humble/lib/x86_64-linux-gnu:/opt/ros/humble/lib /usr/bin/cmake --install /home/subbu/slam_ws/build/ov_init
[6.619s] Level 1:colcon.colcon_core.environment:create_environment_scripts_only(ov_init)
[6.620s] DEBUG:colcon.colcon_core.event_handler.log_command:Invoked command in '/home/subbu/slam_ws/build/ov_init' returned '0': CMAKE_PREFIX_PATH=/home/subbu/slam_ws/install/ov_core:/home/subbu/slam_ws/install/ov_init:/home/subbu/slam_ws/install/ov_eval:/home/subbu/slam_ws/install/ov_data:/home/subbu/slam_ws/install/challenge_tools_ros:/opt/ros/humble LD_LIBRARY_PATH=/home/subbu/slam_ws/install/ov_core/lib:/home/subbu/slam_ws/install/ov_init/lib:/home/subbu/slam_ws/install/ov_eval/lib:/opt/ros/humble/opt/rviz_ogre_vendor/lib:/opt/ros/humble/lib/x86_64-linux-gnu:/opt/ros/humble/lib /usr/bin/cmake --install /home/subbu/slam_ws/build/ov_init
[6.620s] Level 1:colcon.colcon_core.environment:checking '/home/subbu/slam_ws/install/ov_init' for CMake module files
[6.621s] Level 1:colcon.colcon_core.environment:checking '/home/subbu/slam_ws/install/ov_init' for CMake config files
[6.622s] Level 1:colcon.colcon_core.shell:create_environment_hook('ov_init', 'cmake_prefix_path')
[6.622s] INFO:colcon.colcon_core.shell:Creating environment hook '/home/subbu/slam_ws/install/ov_init/share/ov_init/hook/cmake_prefix_path.ps1'
[6.623s] INFO:colcon.colcon_core.shell:Creating environment descriptor '/home/subbu/slam_ws/install/ov_init/share/ov_init/hook/cmake_prefix_path.dsv'
[6.624s] INFO:colcon.colcon_core.shell:Creating environment hook '/home/subbu/slam_ws/install/ov_init/share/ov_init/hook/cmake_prefix_path.sh'
[6.624s] Level 1:colcon.colcon_core.environment:checking '/home/subbu/slam_ws/install/ov_init/lib'
[6.624s] Level 1:colcon.colcon_core.shell:create_environment_hook('ov_init', 'ld_library_path_lib')
[6.625s] INFO:colcon.colcon_core.shell:Creating environment hook '/home/subbu/slam_ws/install/ov_init/share/ov_init/hook/ld_library_path_lib.ps1'
[6.625s] INFO:colcon.colcon_core.shell:Creating environment descriptor '/home/subbu/slam_ws/install/ov_init/share/ov_init/hook/ld_library_path_lib.dsv'
[6.626s] INFO:colcon.colcon_core.shell:Creating environment hook '/home/subbu/slam_ws/install/ov_init/share/ov_init/hook/ld_library_path_lib.sh'
[6.626s] Level 1:colcon.colcon_core.environment:checking '/home/subbu/slam_ws/install/ov_init/bin'
[6.627s] Level 1:colcon.colcon_core.environment:checking '/home/subbu/slam_ws/install/ov_init/lib/pkgconfig/ov_init.pc'
[6.627s] Level 1:colcon.colcon_core.environment:checking '/home/subbu/slam_ws/install/ov_init/lib/python3.10/site-packages'
[6.628s] Level 1:colcon.colcon_core.environment:checking '/home/subbu/slam_ws/install/ov_init/bin'
[6.628s] INFO:colcon.colcon_core.shell:Creating package script '/home/subbu/slam_ws/install/ov_init/share/ov_init/package.ps1'
[6.629s] INFO:colcon.colcon_core.shell:Creating package descriptor '/home/subbu/slam_ws/install/ov_init/share/ov_init/package.dsv'
[6.630s] INFO:colcon.colcon_core.shell:Creating package script '/home/subbu/slam_ws/install/ov_init/share/ov_init/package.sh'
[6.630s] INFO:colcon.colcon_core.shell:Creating package script '/home/subbu/slam_ws/install/ov_init/share/ov_init/package.bash'
[6.631s] INFO:colcon.colcon_core.shell:Creating package script '/home/subbu/slam_ws/install/ov_init/share/ov_init/package.zsh'
[6.632s] Level 1:colcon.colcon_core.environment:create_file_with_runtime_dependencies(/home/subbu/slam_ws/install/ov_init/share/colcon-core/packages/ov_init)
[6.632s] Level 1:colcon.colcon_core.environment:create_environment_scripts_only(ov_init)
[6.633s] Level 1:colcon.colcon_core.environment:checking '/home/subbu/slam_ws/install/ov_init' for CMake module files
[6.634s] Level 1:colcon.colcon_core.environment:checking '/home/subbu/slam_ws/install/ov_init' for CMake config files
[6.634s] Level 1:colcon.colcon_core.shell:create_environment_hook('ov_init', 'cmake_prefix_path')
[6.635s] INFO:colcon.colcon_core.shell:Creating environment hook '/home/subbu/slam_ws/install/ov_init/share/ov_init/hook/cmake_prefix_path.ps1'
[6.635s] INFO:colcon.colcon_core.shell:Creating environment descriptor '/home/subbu/slam_ws/install/ov_init/share/ov_init/hook/cmake_prefix_path.dsv'
[6.636s] INFO:colcon.colcon_core.shell:Creating environment hook '/home/subbu/slam_ws/install/ov_init/share/ov_init/hook/cmake_prefix_path.sh'
[6.636s] Level 1:colcon.colcon_core.environment:checking '/home/subbu/slam_ws/install/ov_init/lib'
[6.637s] Level 1:colcon.colcon_core.shell:create_environment_hook('ov_init', 'ld_library_path_lib')
[6.637s] INFO:colcon.colcon_core.shell:Creating environment hook '/home/subbu/slam_ws/install/ov_init/share/ov_init/hook/ld_library_path_lib.ps1'
[6.637s] INFO:colcon.colcon_core.shell:Creating environment descriptor '/home/subbu/slam_ws/install/ov_init/share/ov_init/hook/ld_library_path_lib.dsv'
[6.638s] INFO:colcon.colcon_core.shell:Creating environment hook '/home/subbu/slam_ws/install/ov_init/share/ov_init/hook/ld_library_path_lib.sh'
[6.638s] Level 1:colcon.colcon_core.environment:checking '/home/subbu/slam_ws/install/ov_init/bin'
[6.638s] Level 1:colcon.colcon_core.environment:checking '/home/subbu/slam_ws/install/ov_init/lib/pkgconfig/ov_init.pc'
[6.639s] Level 1:colcon.colcon_core.environment:checking '/home/subbu/slam_ws/install/ov_init/lib/python3.10/site-packages'
[6.639s] Level 1:colcon.colcon_core.environment:checking '/home/subbu/slam_ws/install/ov_init/bin'
[6.640s] INFO:colcon.colcon_core.shell:Creating package script '/home/subbu/slam_ws/install/ov_init/share/ov_init/package.ps1'
[6.641s] INFO:colcon.colcon_core.shell:Creating package descriptor '/home/subbu/slam_ws/install/ov_init/share/ov_init/package.dsv'
[6.641s] INFO:colcon.colcon_core.shell:Creating package script '/home/subbu/slam_ws/install/ov_init/share/ov_init/package.sh'
[6.642s] INFO:colcon.colcon_core.shell:Creating package script '/home/subbu/slam_ws/install/ov_init/share/ov_init/package.bash'
[6.643s] INFO:colcon.colcon_core.shell:Creating package script '/home/subbu/slam_ws/install/ov_init/share/ov_init/package.zsh'
[6.643s] Level 1:colcon.colcon_core.environment:create_file_with_runtime_dependencies(/home/subbu/slam_ws/install/ov_init/share/colcon-core/packages/ov_init)
[6.643s] DEBUG:colcon.colcon_core.executor.sequential:run_until_complete 'ov_init' finished with '0'
[6.644s] DEBUG:colcon.colcon_core.executor.sequential:run_until_complete 'ov_msckf'
[6.644s] INFO:colcon.colcon_ros.task.ament_cmake.build:Building ROS package in '/home/subbu/slam_ws/src/open_vins/ov_msckf' with build type 'ament_cmake'
[6.644s] INFO:colcon.colcon_cmake.task.cmake.build:Building CMake package in '/home/subbu/slam_ws/src/open_vins/ov_msckf'
[6.644s] INFO:colcon.colcon_core.shell:Skip shell extension 'powershell' for command environment: Not usable outside of PowerShell
[6.644s] DEBUG:colcon.colcon_core.shell:Skip shell extension 'dsv' for command environment
[6.660s] DEBUG:colcon.colcon_core.event_handler.log_command:Invoking command in '/home/subbu/slam_ws/build/ov_msckf': CMAKE_PREFIX_PATH=/home/subbu/slam_ws/install/ov_init:/home/subbu/slam_ws/install/ov_core:/home/subbu/slam_ws/install/ov_eval:/home/subbu/slam_ws/install/ov_data:/home/subbu/slam_ws/install/challenge_tools_ros:/opt/ros/humble LD_LIBRARY_PATH=/home/subbu/slam_ws/install/ov_init/lib:/home/subbu/slam_ws/install/ov_core/lib:/home/subbu/slam_ws/install/ov_eval/lib:/opt/ros/humble/opt/rviz_ogre_vendor/lib:/opt/ros/humble/lib/x86_64-linux-gnu:/opt/ros/humble/lib /usr/bin/cmake --build /home/subbu/slam_ws/build/ov_msckf -- -j8 -l8
[9.341s] DEBUG:colcon.colcon_core.executor.sequential:run_until_complete 'ov_msckf' was interrupted
[9.341s] DEBUG:colcon.colcon_core.executor.sequential:run_until_complete 'ov_msckf' again
[9.371s] DEBUG:colcon.colcon_core.event_handler.log_command:Invoked command in '/home/subbu/slam_ws/build/ov_msckf' returned '-2': CMAKE_PREFIX_PATH=/home/subbu/slam_ws/install/ov_init:/home/subbu/slam_ws/install/ov_core:/home/subbu/slam_ws/install/ov_eval:/home/subbu/slam_ws/install/ov_data:/home/subbu/slam_ws/install/challenge_tools_ros:/opt/ros/humble LD_LIBRARY_PATH=/home/subbu/slam_ws/install/ov_init/lib:/home/subbu/slam_ws/install/ov_core/lib:/home/subbu/slam_ws/install/ov_eval/lib:/opt/ros/humble/opt/rviz_ogre_vendor/lib:/opt/ros/humble/lib/x86_64-linux-gnu:/opt/ros/humble/lib /usr/bin/cmake --build /home/subbu/slam_ws/build/ov_msckf -- -j8 -l8
[9.372s] Level 1:colcon.colcon_core.environment:create_environment_scripts_only(ov_msckf)
[9.373s] Level 1:colcon.colcon_core.environment:checking '/home/subbu/slam_ws/install/ov_msckf' for CMake module files
[9.373s] Level 1:colcon.colcon_core.environment:checking '/home/subbu/slam_ws/install/ov_msckf' for CMake config files
[9.374s] Level 1:colcon.colcon_core.environment:checking '/home/subbu/slam_ws/install/ov_msckf/bin'
[9.374s] Level 1:colcon.colcon_core.environment:checking '/home/subbu/slam_ws/install/ov_msckf/lib/pkgconfig/ov_msckf.pc'
[9.374s] Level 1:colcon.colcon_core.environment:checking '/home/subbu/slam_ws/install/ov_msckf/lib/python3.10/site-packages'
[9.374s] Level 1:colcon.colcon_core.environment:checking '/home/subbu/slam_ws/install/ov_msckf/bin'
[9.375s] INFO:colcon.colcon_core.shell:Creating package script '/home/subbu/slam_ws/install/ov_msckf/share/ov_msckf/package.ps1'
[9.375s] INFO:colcon.colcon_core.shell:Creating package descriptor '/home/subbu/slam_ws/install/ov_msckf/share/ov_msckf/package.dsv'
[9.376s] INFO:colcon.colcon_core.shell:Creating package script '/home/subbu/slam_ws/install/ov_msckf/share/ov_msckf/package.sh'
[9.376s] INFO:colcon.colcon_core.shell:Creating package script '/home/subbu/slam_ws/install/ov_msckf/share/ov_msckf/package.bash'
[9.376s] INFO:colcon.colcon_core.shell:Creating package script '/home/subbu/slam_ws/install/ov_msckf/share/ov_msckf/package.zsh'
[9.377s] Level 1:colcon.colcon_core.environment:create_file_with_runtime_dependencies(/home/subbu/slam_ws/install/ov_msckf/share/colcon-core/packages/ov_msckf)
[9.377s] DEBUG:colcon.colcon_core.executor.sequential:run_until_complete 'ov_msckf' finished
[9.377s] DEBUG:colcon.colcon_core.executor.sequential:closing loop
[9.377s] DEBUG:colcon.colcon_core.executor.sequential:loop closed
[9.377s] DEBUG:colcon.colcon_core.event_reactor:joining thread
[9.384s] INFO:colcon.colcon_core.plugin_system:Skipping extension 'colcon_notification.desktop_notification.terminal_notifier': Not used on non-Darwin systems
[9.384s] INFO:colcon.colcon_core.plugin_system:Skipping extension 'colcon_notification.desktop_notification.win32': Not used on non-Windows systems
[9.384s] INFO:colcon.colcon_notification.desktop_notification:Sending desktop notification using 'notify2'
[9.411s] DEBUG:colcon.colcon_core.event_reactor:joined thread
[9.412s] INFO:colcon.colcon_core.shell:Creating prefix script '/home/subbu/slam_ws/install/local_setup.ps1'
[9.413s] INFO:colcon.colcon_core.shell:Creating prefix util module '/home/subbu/slam_ws/install/_local_setup_util_ps1.py'
[9.415s] INFO:colcon.colcon_core.shell:Creating prefix chain script '/home/subbu/slam_ws/install/setup.ps1'
[9.417s] INFO:colcon.colcon_core.shell:Creating prefix script '/home/subbu/slam_ws/install/local_setup.sh'
[9.419s] INFO:colcon.colcon_core.shell:Creating prefix util module '/home/subbu/slam_ws/install/_local_setup_util_sh.py'
[9.420s] INFO:colcon.colcon_core.shell:Creating prefix chain script '/home/subbu/slam_ws/install/setup.sh'
[9.422s] INFO:colcon.colcon_core.shell:Creating prefix script '/home/subbu/slam_ws/install/local_setup.bash'
[9.423s] INFO:colcon.colcon_core.shell:Creating prefix chain script '/home/subbu/slam_ws/install/setup.bash'
[9.424s] INFO:colcon.colcon_core.shell:Creating prefix script '/home/subbu/slam_ws/install/local_setup.zsh'
[9.425s] INFO:colcon.colcon_core.shell:Creating prefix chain script '/home/subbu/slam_ws/install/setup.zsh'
