[0.142s] DEBUG:colcon:Command line arguments: ['/usr/bin/colcon', 'build', '--symlink-install']
[0.142s] DEBUG:colcon:Parsed command line arguments: Namespace(log_base=None, log_level=None, verb_name='build', build_base='build', install_base='install', merge_install=False, symlink_install=True, test_result_base=None, continue_on_error=False, executor='parallel', parallel_workers=8, event_handlers=None, ignore_user_meta=False, metas=['./colcon.meta'], base_paths=['.'], packages_ignore=None, packages_ignore_regex=None, paths=None, packages_up_to=None, packages_up_to_regex=None, packages_above=None, packages_above_and_dependencies=None, packages_above_depth=None, packages_select_by_dep=None, packages_skip_by_dep=None, packages_skip_up_to=None, packages_select_build_failed=False, packages_skip_build_finished=False, packages_select_test_failures=False, packages_skip_test_passed=False, packages_select=None, packages_skip=None, packages_select_regex=None, packages_skip_regex=None, packages_start=None, packages_end=None, allow_overriding=[], cmake_args=None, cmake_target=None, cmake_target_skip_unavailable=False, cmake_clean_cache=False, cmake_clean_first=False, cmake_force_configure=False, ament_cmake_args=None, catkin_cmake_args=None, catkin_skip_building_tests=False, mixin_files=None, mixin=None, verb_parser=<colcon_mixin.mixin.mixin_argument.MixinArgumentDecorator object at 0x729bd5060eb0>, verb_extension=<colcon_core.verb.build.BuildVerb object at 0x729bd5060880>, main=<bound method BuildVerb.main of <colcon_core.verb.build.BuildVerb object at 0x729bd5060880>>, mixin_verb=('build',))
[0.321s] Level 1:colcon.colcon_core.package_discovery:discover_packages(colcon_meta) check parameters
[0.321s] Level 1:colcon.colcon_core.package_discovery:discover_packages(recursive) check parameters
[0.321s] Level 1:colcon.colcon_core.package_discovery:discover_packages(ignore) check parameters
[0.321s] Level 1:colcon.colcon_core.package_discovery:discover_packages(path) check parameters
[0.322s] Level 1:colcon.colcon_core.package_discovery:discover_packages(colcon_meta) discover
[0.322s] Level 1:colcon.colcon_core.package_discovery:discover_packages(recursive) discover
[0.322s] INFO:colcon.colcon_core.package_discovery:Crawling recursively for packages in '/home/subbu/slam_ws'
[0.322s] Level 1:colcon.colcon_core.package_identification:_identify(.) by extensions ['ignore', 'ignore_ament_install']
[0.322s] Level 1:colcon.colcon_core.package_identification:_identify(.) by extension 'ignore'
[0.322s] Level 1:colcon.colcon_core.package_identification:_identify(.) by extension 'ignore_ament_install'
[0.322s] Level 1:colcon.colcon_core.package_identification:_identify(.) by extensions ['colcon_pkg']
[0.322s] Level 1:colcon.colcon_core.package_identification:_identify(.) by extension 'colcon_pkg'
[0.322s] Level 1:colcon.colcon_core.package_identification:_identify(.) by extensions ['colcon_meta']
[0.322s] Level 1:colcon.colcon_core.package_identification:_identify(.) by extension 'colcon_meta'
[0.322s] Level 1:colcon.colcon_core.package_identification:_identify(.) by extensions ['ros']
[0.322s] Level 1:colcon.colcon_core.package_identification:_identify(.) by extension 'ros'
[0.333s] Level 1:colcon.colcon_core.package_identification:_identify(.) by extensions ['cmake', 'python']
[0.333s] Level 1:colcon.colcon_core.package_identification:_identify(.) by extension 'cmake'
[0.333s] Level 1:colcon.colcon_core.package_identification:_identify(.) by extension 'python'
[0.333s] Level 1:colcon.colcon_core.package_identification:_identify(.) by extensions ['python_setup_py']
[0.333s] Level 1:colcon.colcon_core.package_identification:_identify(.) by extension 'python_setup_py'
[0.333s] Level 1:colcon.colcon_core.package_identification:_identify(build) by extensions ['ignore', 'ignore_ament_install']
[0.333s] Level 1:colcon.colcon_core.package_identification:_identify(build) by extension 'ignore'
[0.333s] Level 1:colcon.colcon_core.package_identification:_identify(build) ignored
[0.333s] Level 1:colcon.colcon_core.package_identification:_identify(install) by extensions ['ignore', 'ignore_ament_install']
[0.333s] Level 1:colcon.colcon_core.package_identification:_identify(install) by extension 'ignore'
[0.333s] Level 1:colcon.colcon_core.package_identification:_identify(install) ignored
[0.333s] Level 1:colcon.colcon_core.package_identification:_identify(log) by extensions ['ignore', 'ignore_ament_install']
[0.333s] Level 1:colcon.colcon_core.package_identification:_identify(log) by extension 'ignore'
[0.333s] Level 1:colcon.colcon_core.package_identification:_identify(log) ignored
[0.334s] Level 1:colcon.colcon_core.package_identification:_identify(src) by extensions ['ignore', 'ignore_ament_install']
[0.334s] Level 1:colcon.colcon_core.package_identification:_identify(src) by extension 'ignore'
[0.334s] Level 1:colcon.colcon_core.package_identification:_identify(src) by extension 'ignore_ament_install'
[0.334s] Level 1:colcon.colcon_core.package_identification:_identify(src) by extensions ['colcon_pkg']
[0.334s] Level 1:colcon.colcon_core.package_identification:_identify(src) by extension 'colcon_pkg'
[0.334s] Level 1:colcon.colcon_core.package_identification:_identify(src) by extensions ['colcon_meta']
[0.334s] Level 1:colcon.colcon_core.package_identification:_identify(src) by extension 'colcon_meta'
[0.334s] Level 1:colcon.colcon_core.package_identification:_identify(src) by extensions ['ros']
[0.334s] Level 1:colcon.colcon_core.package_identification:_identify(src) by extension 'ros'
[0.334s] Level 1:colcon.colcon_core.package_identification:_identify(src) by extensions ['cmake', 'python']
[0.334s] Level 1:colcon.colcon_core.package_identification:_identify(src) by extension 'cmake'
[0.334s] Level 1:colcon.colcon_core.package_identification:_identify(src) by extension 'python'
[0.334s] Level 1:colcon.colcon_core.package_identification:_identify(src) by extensions ['python_setup_py']
[0.334s] Level 1:colcon.colcon_core.package_identification:_identify(src) by extension 'python_setup_py'
[0.334s] Level 1:colcon.colcon_core.package_identification:_identify(src/hilti-trimble-slam-challenge-2026) by extensions ['ignore', 'ignore_ament_install']
[0.334s] Level 1:colcon.colcon_core.package_identification:_identify(src/hilti-trimble-slam-challenge-2026) by extension 'ignore'
[0.334s] Level 1:colcon.colcon_core.package_identification:_identify(src/hilti-trimble-slam-challenge-2026) by extension 'ignore_ament_install'
[0.335s] Level 1:colcon.colcon_core.package_identification:_identify(src/hilti-trimble-slam-challenge-2026) by extensions ['colcon_pkg']
[0.335s] Level 1:colcon.colcon_core.package_identification:_identify(src/hilti-trimble-slam-challenge-2026) by extension 'colcon_pkg'
[0.335s] Level 1:colcon.colcon_core.package_identification:_identify(src/hilti-trimble-slam-challenge-2026) by extensions ['colcon_meta']
[0.335s] Level 1:colcon.colcon_core.package_identification:_identify(src/hilti-trimble-slam-challenge-2026) by extension 'colcon_meta'
[0.335s] Level 1:colcon.colcon_core.package_identification:_identify(src/hilti-trimble-slam-challenge-2026) by extensions ['ros']
[0.335s] Level 1:colcon.colcon_core.package_identification:_identify(src/hilti-trimble-slam-challenge-2026) by extension 'ros'
[0.337s] DEBUG:colcon.colcon_core.package_identification:Package 'src/hilti-trimble-slam-challenge-2026' with type 'ros.ament_cmake' and name 'challenge_tools_ros'
[0.337s] Level 1:colcon.colcon_core.package_identification:_identify(src/open_vins) by extensions ['ignore', 'ignore_ament_install']
[0.338s] Level 1:colcon.colcon_core.package_identification:_identify(src/open_vins) by extension 'ignore'
[0.338s] Level 1:colcon.colcon_core.package_identification:_identify(src/open_vins) by extension 'ignore_ament_install'
[0.338s] Level 1:colcon.colcon_core.package_identification:_identify(src/open_vins) by extensions ['colcon_pkg']
[0.338s] Level 1:colcon.colcon_core.package_identification:_identify(src/open_vins) by extension 'colcon_pkg'
[0.338s] Level 1:colcon.colcon_core.package_identification:_identify(src/open_vins) by extensions ['colcon_meta']
[0.338s] Level 1:colcon.colcon_core.package_identification:_identify(src/open_vins) by extension 'colcon_meta'
[0.338s] Level 1:colcon.colcon_core.package_identification:_identify(src/open_vins) by extensions ['ros']
[0.338s] Level 1:colcon.colcon_core.package_identification:_identify(src/open_vins) by extension 'ros'
[0.338s] Level 1:colcon.colcon_core.package_identification:_identify(src/open_vins) by extensions ['cmake', 'python']
[0.338s] Level 1:colcon.colcon_core.package_identification:_identify(src/open_vins) by extension 'cmake'
[0.338s] Level 1:colcon.colcon_core.package_identification:_identify(src/open_vins) by extension 'python'
[0.338s] Level 1:colcon.colcon_core.package_identification:_identify(src/open_vins) by extensions ['python_setup_py']
[0.338s] Level 1:colcon.colcon_core.package_identification:_identify(src/open_vins) by extension 'python_setup_py'
[0.338s] Level 1:colcon.colcon_core.package_identification:_identify(src/open_vins/config) by extensions ['ignore', 'ignore_ament_install']
[0.338s] Level 1:colcon.colcon_core.package_identification:_identify(src/open_vins/config) by extension 'ignore'
[0.338s] Level 1:colcon.colcon_core.package_identification:_identify(src/open_vins/config) by extension 'ignore_ament_install'
[0.338s] Level 1:colcon.colcon_core.package_identification:_identify(src/open_vins/config) by extensions ['colcon_pkg']
[0.338s] Level 1:colcon.colcon_core.package_identification:_identify(src/open_vins/config) by extension 'colcon_pkg'
[0.338s] Level 1:colcon.colcon_core.package_identification:_identify(src/open_vins/config) by extensions ['colcon_meta']
[0.338s] Level 1:colcon.colcon_core.package_identification:_identify(src/open_vins/config) by extension 'colcon_meta'
[0.339s] Level 1:colcon.colcon_core.package_identification:_identify(src/open_vins/config) by extensions ['ros']
[0.339s] Level 1:colcon.colcon_core.package_identification:_identify(src/open_vins/config) by extension 'ros'
[0.339s] Level 1:colcon.colcon_core.package_identification:_identify(src/open_vins/config) by extensions ['cmake', 'python']
[0.339s] Level 1:colcon.colcon_core.package_identification:_identify(src/open_vins/config) by extension 'cmake'
[0.339s] Level 1:colcon.colcon_core.package_identification:_identify(src/open_vins/config) by extension 'python'
[0.339s] Level 1:colcon.colcon_core.package_identification:_identify(src/open_vins/config) by extensions ['python_setup_py']
[0.339s] Level 1:colcon.colcon_core.package_identification:_identify(src/open_vins/config) by extension 'python_setup_py'
[0.339s] Level 1:colcon.colcon_core.package_identification:_identify(src/open_vins/config/euroc_mav) by extensions ['ignore', 'ignore_ament_install']
[0.339s] Level 1:colcon.colcon_core.package_identification:_identify(src/open_vins/config/euroc_mav) by extension 'ignore'
[0.339s] Level 1:colcon.colcon_core.package_identification:_identify(src/open_vins/config/euroc_mav) by extension 'ignore_ament_install'
[0.339s] Level 1:colcon.colcon_core.package_identification:_identify(src/open_vins/config/euroc_mav) by extensions ['colcon_pkg']
[0.339s] Level 1:colcon.colcon_core.package_identification:_identify(src/open_vins/config/euroc_mav) by extension 'colcon_pkg'
[0.339s] Level 1:colcon.colcon_core.package_identification:_identify(src/open_vins/config/euroc_mav) by extensions ['colcon_meta']
[0.339s] Level 1:colcon.colcon_core.package_identification:_identify(src/open_vins/config/euroc_mav) by extension 'colcon_meta'
[0.339s] Level 1:colcon.colcon_core.package_identification:_identify(src/open_vins/config/euroc_mav) by extensions ['ros']
[0.339s] Level 1:colcon.colcon_core.package_identification:_identify(src/open_vins/config/euroc_mav) by extension 'ros'
[0.339s] Level 1:colcon.colcon_core.package_identification:_identify(src/open_vins/config/euroc_mav) by extensions ['cmake', 'python']
[0.339s] Level 1:colcon.colcon_core.package_identification:_identify(src/open_vins/config/euroc_mav) by extension 'cmake'
[0.339s] Level 1:colcon.colcon_core.package_identification:_identify(src/open_vins/config/euroc_mav) by extension 'python'
[0.339s] Level 1:colcon.colcon_core.package_identification:_identify(src/open_vins/config/euroc_mav) by extensions ['python_setup_py']
[0.339s] Level 1:colcon.colcon_core.package_identification:_identify(src/open_vins/config/euroc_mav) by extension 'python_setup_py'
[0.340s] Level 1:colcon.colcon_core.package_identification:_identify(src/open_vins/config/kaist) by extensions ['ignore', 'ignore_ament_install']
[0.340s] Level 1:colcon.colcon_core.package_identification:_identify(src/open_vins/config/kaist) by extension 'ignore'
[0.340s] Level 1:colcon.colcon_core.package_identification:_identify(src/open_vins/config/kaist) by extension 'ignore_ament_install'
[0.340s] Level 1:colcon.colcon_core.package_identification:_identify(src/open_vins/config/kaist) by extensions ['colcon_pkg']
[0.340s] Level 1:colcon.colcon_core.package_identification:_identify(src/open_vins/config/kaist) by extension 'colcon_pkg'
[0.340s] Level 1:colcon.colcon_core.package_identification:_identify(src/open_vins/config/kaist) by extensions ['colcon_meta']
[0.340s] Level 1:colcon.colcon_core.package_identification:_identify(src/open_vins/config/kaist) by extension 'colcon_meta'
[0.340s] Level 1:colcon.colcon_core.package_identification:_identify(src/open_vins/config/kaist) by extensions ['ros']
[0.340s] Level 1:colcon.colcon_core.package_identification:_identify(src/open_vins/config/kaist) by extension 'ros'
[0.340s] Level 1:colcon.colcon_core.package_identification:_identify(src/open_vins/config/kaist) by extensions ['cmake', 'python']
[0.340s] Level 1:colcon.colcon_core.package_identification:_identify(src/open_vins/config/kaist) by extension 'cmake'
[0.340s] Level 1:colcon.colcon_core.package_identification:_identify(src/open_vins/config/kaist) by extension 'python'
[0.340s] Level 1:colcon.colcon_core.package_identification:_identify(src/open_vins/config/kaist) by extensions ['python_setup_py']
[0.340s] Level 1:colcon.colcon_core.package_identification:_identify(src/open_vins/config/kaist) by extension 'python_setup_py'
[0.340s] Level 1:colcon.colcon_core.package_identification:_identify(src/open_vins/config/kaist_vio) by extensions ['ignore', 'ignore_ament_install']
[0.340s] Level 1:colcon.colcon_core.package_identification:_identify(src/open_vins/config/kaist_vio) by extension 'ignore'
[0.340s] Level 1:colcon.colcon_core.package_identification:_identify(src/open_vins/config/kaist_vio) by extension 'ignore_ament_install'
[0.340s] Level 1:colcon.colcon_core.package_identification:_identify(src/open_vins/config/kaist_vio) by extensions ['colcon_pkg']
[0.340s] Level 1:colcon.colcon_core.package_identification:_identify(src/open_vins/config/kaist_vio) by extension 'colcon_pkg'
[0.340s] Level 1:colcon.colcon_core.package_identification:_identify(src/open_vins/config/kaist_vio) by extensions ['colcon_meta']
[0.340s] Level 1:colcon.colcon_core.package_identification:_identify(src/open_vins/config/kaist_vio) by extension 'colcon_meta'
[0.341s] Level 1:colcon.colcon_core.package_identification:_identify(src/open_vins/config/kaist_vio) by extensions ['ros']
[0.341s] Level 1:colcon.colcon_core.package_identification:_identify(src/open_vins/config/kaist_vio) by extension 'ros'
[0.341s] Level 1:colcon.colcon_core.package_identification:_identify(src/open_vins/config/kaist_vio) by extensions ['cmake', 'python']
[0.341s] Level 1:colcon.colcon_core.package_identification:_identify(src/open_vins/config/kaist_vio) by extension 'cmake'
[0.341s] Level 1:colcon.colcon_core.package_identification:_identify(src/open_vins/config/kaist_vio) by extension 'python'
[0.341s] Level 1:colcon.colcon_core.package_identification:_identify(src/open_vins/config/kaist_vio) by extensions ['python_setup_py']
[0.341s] Level 1:colcon.colcon_core.package_identification:_identify(src/open_vins/config/kaist_vio) by extension 'python_setup_py'
[0.341s] Level 1:colcon.colcon_core.package_identification:_identify(src/open_vins/config/rpng_aruco) by extensions ['ignore', 'ignore_ament_install']
[0.341s] Level 1:colcon.colcon_core.package_identification:_identify(src/open_vins/config/rpng_aruco) by extension 'ignore'
[0.341s] Level 1:colcon.colcon_core.package_identification:_identify(src/open_vins/config/rpng_aruco) by extension 'ignore_ament_install'
[0.341s] Level 1:colcon.colcon_core.package_identification:_identify(src/open_vins/config/rpng_aruco) by extensions ['colcon_pkg']
[0.341s] Level 1:colcon.colcon_core.package_identification:_identify(src/open_vins/config/rpng_aruco) by extension 'colcon_pkg'
[0.341s] Level 1:colcon.colcon_core.package_identification:_identify(src/open_vins/config/rpng_aruco) by extensions ['colcon_meta']
[0.341s] Level 1:colcon.colcon_core.package_identification:_identify(src/open_vins/config/rpng_aruco) by extension 'colcon_meta'
[0.341s] Level 1:colcon.colcon_core.package_identification:_identify(src/open_vins/config/rpng_aruco) by extensions ['ros']
[0.341s] Level 1:colcon.colcon_core.package_identification:_identify(src/open_vins/config/rpng_aruco) by extension 'ros'
[0.341s] Level 1:colcon.colcon_core.package_identification:_identify(src/open_vins/config/rpng_aruco) by extensions ['cmake', 'python']
[0.341s] Level 1:colcon.colcon_core.package_identification:_identify(src/open_vins/config/rpng_aruco) by extension 'cmake'
[0.341s] Level 1:colcon.colcon_core.package_identification:_identify(src/open_vins/config/rpng_aruco) by extension 'python'
[0.341s] Level 1:colcon.colcon_core.package_identification:_identify(src/open_vins/config/rpng_aruco) by extensions ['python_setup_py']
[0.341s] Level 1:colcon.colcon_core.package_identification:_identify(src/open_vins/config/rpng_aruco) by extension 'python_setup_py'
[0.342s] Level 1:colcon.colcon_core.package_identification:_identify(src/open_vins/config/rpng_ironsides) by extensions ['ignore', 'ignore_ament_install']
[0.342s] Level 1:colcon.colcon_core.package_identification:_identify(src/open_vins/config/rpng_ironsides) by extension 'ignore'
[0.342s] Level 1:colcon.colcon_core.package_identification:_identify(src/open_vins/config/rpng_ironsides) by extension 'ignore_ament_install'
[0.342s] Level 1:colcon.colcon_core.package_identification:_identify(src/open_vins/config/rpng_ironsides) by extensions ['colcon_pkg']
[0.342s] Level 1:colcon.colcon_core.package_identification:_identify(src/open_vins/config/rpng_ironsides) by extension 'colcon_pkg'
[0.342s] Level 1:colcon.colcon_core.package_identification:_identify(src/open_vins/config/rpng_ironsides) by extensions ['colcon_meta']
[0.342s] Level 1:colcon.colcon_core.package_identification:_identify(src/open_vins/config/rpng_ironsides) by extension 'colcon_meta'
[0.342s] Level 1:colcon.colcon_core.package_identification:_identify(src/open_vins/config/rpng_ironsides) by extensions ['ros']
[0.342s] Level 1:colcon.colcon_core.package_identification:_identify(src/open_vins/config/rpng_ironsides) by extension 'ros'
[0.342s] Level 1:colcon.colcon_core.package_identification:_identify(src/open_vins/config/rpng_ironsides) by extensions ['cmake', 'python']
[0.342s] Level 1:colcon.colcon_core.package_identification:_identify(src/open_vins/config/rpng_ironsides) by extension 'cmake'
[0.342s] Level 1:colcon.colcon_core.package_identification:_identify(src/open_vins/config/rpng_ironsides) by extension 'python'
[0.342s] Level 1:colcon.colcon_core.package_identification:_identify(src/open_vins/config/rpng_ironsides) by extensions ['python_setup_py']
[0.342s] Level 1:colcon.colcon_core.package_identification:_identify(src/open_vins/config/rpng_ironsides) by extension 'python_setup_py'
[0.342s] Level 1:colcon.colcon_core.package_identification:_identify(src/open_vins/config/rpng_plane) by extensions ['ignore', 'ignore_ament_install']
[0.342s] Level 1:colcon.colcon_core.package_identification:_identify(src/open_vins/config/rpng_plane) by extension 'ignore'
[0.342s] Level 1:colcon.colcon_core.package_identification:_identify(src/open_vins/config/rpng_plane) by extension 'ignore_ament_install'
[0.342s] Level 1:colcon.colcon_core.package_identification:_identify(src/open_vins/config/rpng_plane) by extensions ['colcon_pkg']
[0.342s] Level 1:colcon.colcon_core.package_identification:_identify(src/open_vins/config/rpng_plane) by extension 'colcon_pkg'
[0.343s] Level 1:colcon.colcon_core.package_identification:_identify(src/open_vins/config/rpng_plane) by extensions ['colcon_meta']
[0.343s] Level 1:colcon.colcon_core.package_identification:_identify(src/open_vins/config/rpng_plane) by extension 'colcon_meta'
[0.343s] Level 1:colcon.colcon_core.package_identification:_identify(src/open_vins/config/rpng_plane) by extensions ['ros']
[0.343s] Level 1:colcon.colcon_core.package_identification:_identify(src/open_vins/config/rpng_plane) by extension 'ros'
[0.343s] Level 1:colcon.colcon_core.package_identification:_identify(src/open_vins/config/rpng_plane) by extensions ['cmake', 'python']
[0.343s] Level 1:colcon.colcon_core.package_identification:_identify(src/open_vins/config/rpng_plane) by extension 'cmake'
[0.343s] Level 1:colcon.colcon_core.package_identification:_identify(src/open_vins/config/rpng_plane) by extension 'python'
[0.343s] Level 1:colcon.colcon_core.package_identification:_identify(src/open_vins/config/rpng_plane) by extensions ['python_setup_py']
[0.343s] Level 1:colcon.colcon_core.package_identification:_identify(src/open_vins/config/rpng_plane) by extension 'python_setup_py'
[0.343s] Level 1:colcon.colcon_core.package_identification:_identify(src/open_vins/config/rpng_sim) by extensions ['ignore', 'ignore_ament_install']
[0.343s] Level 1:colcon.colcon_core.package_identification:_identify(src/open_vins/config/rpng_sim) by extension 'ignore'
[0.343s] Level 1:colcon.colcon_core.package_identification:_identify(src/open_vins/config/rpng_sim) by extension 'ignore_ament_install'
[0.343s] Level 1:colcon.colcon_core.package_identification:_identify(src/open_vins/config/rpng_sim) by extensions ['colcon_pkg']
[0.343s] Level 1:colcon.colcon_core.package_identification:_identify(src/open_vins/config/rpng_sim) by extension 'colcon_pkg'
[0.343s] Level 1:colcon.colcon_core.package_identification:_identify(src/open_vins/config/rpng_sim) by extensions ['colcon_meta']
[0.343s] Level 1:colcon.colcon_core.package_identification:_identify(src/open_vins/config/rpng_sim) by extension 'colcon_meta'
[0.343s] Level 1:colcon.colcon_core.package_identification:_identify(src/open_vins/config/rpng_sim) by extensions ['ros']
[0.343s] Level 1:colcon.colcon_core.package_identification:_identify(src/open_vins/config/rpng_sim) by extension 'ros'
[0.343s] Level 1:colcon.colcon_core.package_identification:_identify(src/open_vins/config/rpng_sim) by extensions ['cmake', 'python']
[0.343s] Level 1:colcon.colcon_core.package_identification:_identify(src/open_vins/config/rpng_sim) by extension 'cmake'
[0.343s] Level 1:colcon.colcon_core.package_identification:_identify(src/open_vins/config/rpng_sim) by extension 'python'
[0.343s] Level 1:colcon.colcon_core.package_identification:_identify(src/open_vins/config/rpng_sim) by extensions ['python_setup_py']
[0.344s] Level 1:colcon.colcon_core.package_identification:_identify(src/open_vins/config/rpng_sim) by extension 'python_setup_py'
[0.344s] Level 1:colcon.colcon_core.package_identification:_identify(src/open_vins/config/rs_d455) by extensions ['ignore', 'ignore_ament_install']
[0.344s] Level 1:colcon.colcon_core.package_identification:_identify(src/open_vins/config/rs_d455) by extension 'ignore'
[0.344s] Level 1:colcon.colcon_core.package_identification:_identify(src/open_vins/config/rs_d455) by extension 'ignore_ament_install'
[0.344s] Level 1:colcon.colcon_core.package_identification:_identify(src/open_vins/config/rs_d455) by extensions ['colcon_pkg']
[0.344s] Level 1:colcon.colcon_core.package_identification:_identify(src/open_vins/config/rs_d455) by extension 'colcon_pkg'
[0.344s] Level 1:colcon.colcon_core.package_identification:_identify(src/open_vins/config/rs_d455) by extensions ['colcon_meta']
[0.344s] Level 1:colcon.colcon_core.package_identification:_identify(src/open_vins/config/rs_d455) by extension 'colcon_meta'
[0.344s] Level 1:colcon.colcon_core.package_identification:_identify(src/open_vins/config/rs_d455) by extensions ['ros']
[0.344s] Level 1:colcon.colcon_core.package_identification:_identify(src/open_vins/config/rs_d455) by extension 'ros'
[0.344s] Level 1:colcon.colcon_core.package_identification:_identify(src/open_vins/config/rs_d455) by extensions ['cmake', 'python']
[0.344s] Level 1:colcon.colcon_core.package_identification:_identify(src/open_vins/config/rs_d455) by extension 'cmake'
[0.344s] Level 1:colcon.colcon_core.package_identification:_identify(src/open_vins/config/rs_d455) by extension 'python'
[0.344s] Level 1:colcon.colcon_core.package_identification:_identify(src/open_vins/config/rs_d455) by extensions ['python_setup_py']
[0.344s] Level 1:colcon.colcon_core.package_identification:_identify(src/open_vins/config/rs_d455) by extension 'python_setup_py'
[0.344s] Level 1:colcon.colcon_core.package_identification:_identify(src/open_vins/config/rs_t265) by extensions ['ignore', 'ignore_ament_install']
[0.344s] Level 1:colcon.colcon_core.package_identification:_identify(src/open_vins/config/rs_t265) by extension 'ignore'
[0.344s] Level 1:colcon.colcon_core.package_identification:_identify(src/open_vins/config/rs_t265) by extension 'ignore_ament_install'
[0.344s] Level 1:colcon.colcon_core.package_identification:_identify(src/open_vins/config/rs_t265) by extensions ['colcon_pkg']
[0.344s] Level 1:colcon.colcon_core.package_identification:_identify(src/open_vins/config/rs_t265) by extension 'colcon_pkg'
[0.345s] Level 1:colcon.colcon_core.package_identification:_identify(src/open_vins/config/rs_t265) by extensions ['colcon_meta']
[0.345s] Level 1:colcon.colcon_core.package_identification:_identify(src/open_vins/config/rs_t265) by extension 'colcon_meta'
[0.345s] Level 1:colcon.colcon_core.package_identification:_identify(src/open_vins/config/rs_t265) by extensions ['ros']
[0.345s] Level 1:colcon.colcon_core.package_identification:_identify(src/open_vins/config/rs_t265) by extension 'ros'
[0.345s] Level 1:colcon.colcon_core.package_identification:_identify(src/open_vins/config/rs_t265) by extensions ['cmake', 'python']
[0.345s] Level 1:colcon.colcon_core.package_identification:_identify(src/open_vins/config/rs_t265) by extension 'cmake'
[0.345s] Level 1:colcon.colcon_core.package_identification:_identify(src/open_vins/config/rs_t265) by extension 'python'
[0.345s] Level 1:colcon.colcon_core.package_identification:_identify(src/open_vins/config/rs_t265) by extensions ['python_setup_py']
[0.345s] Level 1:colcon.colcon_core.package_identification:_identify(src/open_vins/config/rs_t265) by extension 'python_setup_py'
[0.345s] Level 1:colcon.colcon_core.package_identification:_identify(src/open_vins/config/tum_vi) by extensions ['ignore', 'ignore_ament_install']
[0.345s] Level 1:colcon.colcon_core.package_identification:_identify(src/open_vins/config/tum_vi) by extension 'ignore'
[0.345s] Level 1:colcon.colcon_core.package_identification:_identify(src/open_vins/config/tum_vi) by extension 'ignore_ament_install'
[0.345s] Level 1:colcon.colcon_core.package_identification:_identify(src/open_vins/config/tum_vi) by extensions ['colcon_pkg']
[0.345s] Level 1:colcon.colcon_core.package_identification:_identify(src/open_vins/config/tum_vi) by extension 'colcon_pkg'
[0.345s] Level 1:colcon.colcon_core.package_identification:_identify(src/open_vins/config/tum_vi) by extensions ['colcon_meta']
[0.345s] Level 1:colcon.colcon_core.package_identification:_identify(src/open_vins/config/tum_vi) by extension 'colcon_meta'
[0.345s] Level 1:colcon.colcon_core.package_identification:_identify(src/open_vins/config/tum_vi) by extensions ['ros']
[0.345s] Level 1:colcon.colcon_core.package_identification:_identify(src/open_vins/config/tum_vi) by extension 'ros'
[0.345s] Level 1:colcon.colcon_core.package_identification:_identify(src/open_vins/config/tum_vi) by extensions ['cmake', 'python']
[0.345s] Level 1:colcon.colcon_core.package_identification:_identify(src/open_vins/config/tum_vi) by extension 'cmake'
[0.345s] Level 1:colcon.colcon_core.package_identification:_identify(src/open_vins/config/tum_vi) by extension 'python'
[0.345s] Level 1:colcon.colcon_core.package_identification:_identify(src/open_vins/config/tum_vi) by extensions ['python_setup_py']
[0.346s] Level 1:colcon.colcon_core.package_identification:_identify(src/open_vins/config/tum_vi) by extension 'python_setup_py'
[0.346s] Level 1:colcon.colcon_core.package_identification:_identify(src/open_vins/config/uzhfpv_indoor) by extensions ['ignore', 'ignore_ament_install']
[0.346s] Level 1:colcon.colcon_core.package_identification:_identify(src/open_vins/config/uzhfpv_indoor) by extension 'ignore'
[0.346s] Level 1:colcon.colcon_core.package_identification:_identify(src/open_vins/config/uzhfpv_indoor) by extension 'ignore_ament_install'
[0.346s] Level 1:colcon.colcon_core.package_identification:_identify(src/open_vins/config/uzhfpv_indoor) by extensions ['colcon_pkg']
[0.346s] Level 1:colcon.colcon_core.package_identification:_identify(src/open_vins/config/uzhfpv_indoor) by extension 'colcon_pkg'
[0.346s] Level 1:colcon.colcon_core.package_identification:_identify(src/open_vins/config/uzhfpv_indoor) by extensions ['colcon_meta']
[0.346s] Level 1:colcon.colcon_core.package_identification:_identify(src/open_vins/config/uzhfpv_indoor) by extension 'colcon_meta'
[0.346s] Level 1:colcon.colcon_core.package_identification:_identify(src/open_vins/config/uzhfpv_indoor) by extensions ['ros']
[0.346s] Level 1:colcon.colcon_core.package_identification:_identify(src/open_vins/config/uzhfpv_indoor) by extension 'ros'
[0.346s] Level 1:colcon.colcon_core.package_identification:_identify(src/open_vins/config/uzhfpv_indoor) by extensions ['cmake', 'python']
[0.346s] Level 1:colcon.colcon_core.package_identification:_identify(src/open_vins/config/uzhfpv_indoor) by extension 'cmake'
[0.346s] Level 1:colcon.colcon_core.package_identification:_identify(src/open_vins/config/uzhfpv_indoor) by extension 'python'
[0.346s] Level 1:colcon.colcon_core.package_identification:_identify(src/open_vins/config/uzhfpv_indoor) by extensions ['python_setup_py']
[0.346s] Level 1:colcon.colcon_core.package_identification:_identify(src/open_vins/config/uzhfpv_indoor) by extension 'python_setup_py'
[0.346s] Level 1:colcon.colcon_core.package_identification:_identify(src/open_vins/config/uzhfpv_indoor_45) by extensions ['ignore', 'ignore_ament_install']
[0.346s] Level 1:colcon.colcon_core.package_identification:_identify(src/open_vins/config/uzhfpv_indoor_45) by extension 'ignore'
[0.346s] Level 1:colcon.colcon_core.package_identification:_identify(src/open_vins/config/uzhfpv_indoor_45) by extension 'ignore_ament_install'
[0.346s] Level 1:colcon.colcon_core.package_identification:_identify(src/open_vins/config/uzhfpv_indoor_45) by extensions ['colcon_pkg']
[0.346s] Level 1:colcon.colcon_core.package_identification:_identify(src/open_vins/config/uzhfpv_indoor_45) by extension 'colcon_pkg'
[0.347s] Level 1:colcon.colcon_core.package_identification:_identify(src/open_vins/config/uzhfpv_indoor_45) by extensions ['colcon_meta']
[0.347s] Level 1:colcon.colcon_core.package_identification:_identify(src/open_vins/config/uzhfpv_indoor_45) by extension 'colcon_meta'
[0.347s] Level 1:colcon.colcon_core.package_identification:_identify(src/open_vins/config/uzhfpv_indoor_45) by extensions ['ros']
[0.347s] Level 1:colcon.colcon_core.package_identification:_identify(src/open_vins/config/uzhfpv_indoor_45) by extension 'ros'
[0.347s] Level 1:colcon.colcon_core.package_identification:_identify(src/open_vins/config/uzhfpv_indoor_45) by extensions ['cmake', 'python']
[0.347s] Level 1:colcon.colcon_core.package_identification:_identify(src/open_vins/config/uzhfpv_indoor_45) by extension 'cmake'
[0.347s] Level 1:colcon.colcon_core.package_identification:_identify(src/open_vins/config/uzhfpv_indoor_45) by extension 'python'
[0.347s] Level 1:colcon.colcon_core.package_identification:_identify(src/open_vins/config/uzhfpv_indoor_45) by extensions ['python_setup_py']
[0.347s] Level 1:colcon.colcon_core.package_identification:_identify(src/open_vins/config/uzhfpv_indoor_45) by extension 'python_setup_py'
[0.347s] Level 1:colcon.colcon_core.package_identification:_identify(src/open_vins/config/uzhfpv_outdoor) by extensions ['ignore', 'ignore_ament_install']
[0.347s] Level 1:colcon.colcon_core.package_identification:_identify(src/open_vins/config/uzhfpv_outdoor) by extension 'ignore'
[0.347s] Level 1:colcon.colcon_core.package_identification:_identify(src/open_vins/config/uzhfpv_outdoor) by extension 'ignore_ament_install'
[0.347s] Level 1:colcon.colcon_core.package_identification:_identify(src/open_vins/config/uzhfpv_outdoor) by extensions ['colcon_pkg']
[0.347s] Level 1:colcon.colcon_core.package_identification:_identify(src/open_vins/config/uzhfpv_outdoor) by extension 'colcon_pkg'
[0.347s] Level 1:colcon.colcon_core.package_identification:_identify(src/open_vins/config/uzhfpv_outdoor) by extensions ['colcon_meta']
[0.347s] Level 1:colcon.colcon_core.package_identification:_identify(src/open_vins/config/uzhfpv_outdoor) by extension 'colcon_meta'
[0.347s] Level 1:colcon.colcon_core.package_identification:_identify(src/open_vins/config/uzhfpv_outdoor) by extensions ['ros']
[0.347s] Level 1:colcon.colcon_core.package_identification:_identify(src/open_vins/config/uzhfpv_outdoor) by extension 'ros'
[0.347s] Level 1:colcon.colcon_core.package_identification:_identify(src/open_vins/config/uzhfpv_outdoor) by extensions ['cmake', 'python']
[0.347s] Level 1:colcon.colcon_core.package_identification:_identify(src/open_vins/config/uzhfpv_outdoor) by extension 'cmake'
[0.347s] Level 1:colcon.colcon_core.package_identification:_identify(src/open_vins/config/uzhfpv_outdoor) by extension 'python'
[0.347s] Level 1:colcon.colcon_core.package_identification:_identify(src/open_vins/config/uzhfpv_outdoor) by extensions ['python_setup_py']
[0.348s] Level 1:colcon.colcon_core.package_identification:_identify(src/open_vins/config/uzhfpv_outdoor) by extension 'python_setup_py'
[0.348s] Level 1:colcon.colcon_core.package_identification:_identify(src/open_vins/config/uzhfpv_outdoor_45) by extensions ['ignore', 'ignore_ament_install']
[0.348s] Level 1:colcon.colcon_core.package_identification:_identify(src/open_vins/config/uzhfpv_outdoor_45) by extension 'ignore'
[0.348s] Level 1:colcon.colcon_core.package_identification:_identify(src/open_vins/config/uzhfpv_outdoor_45) by extension 'ignore_ament_install'
[0.348s] Level 1:colcon.colcon_core.package_identification:_identify(src/open_vins/config/uzhfpv_outdoor_45) by extensions ['colcon_pkg']
[0.348s] Level 1:colcon.colcon_core.package_identification:_identify(src/open_vins/config/uzhfpv_outdoor_45) by extension 'colcon_pkg'
[0.348s] Level 1:colcon.colcon_core.package_identification:_identify(src/open_vins/config/uzhfpv_outdoor_45) by extensions ['colcon_meta']
[0.348s] Level 1:colcon.colcon_core.package_identification:_identify(src/open_vins/config/uzhfpv_outdoor_45) by extension 'colcon_meta'
[0.348s] Level 1:colcon.colcon_core.package_identification:_identify(src/open_vins/config/uzhfpv_outdoor_45) by extensions ['ros']
[0.348s] Level 1:colcon.colcon_core.package_identification:_identify(src/open_vins/config/uzhfpv_outdoor_45) by extension 'ros'
[0.348s] Level 1:colcon.colcon_core.package_identification:_identify(src/open_vins/config/uzhfpv_outdoor_45) by extensions ['cmake', 'python']
[0.348s] Level 1:colcon.colcon_core.package_identification:_identify(src/open_vins/config/uzhfpv_outdoor_45) by extension 'cmake'
[0.348s] Level 1:colcon.colcon_core.package_identification:_identify(src/open_vins/config/uzhfpv_outdoor_45) by extension 'python'
[0.348s] Level 1:colcon.colcon_core.package_identification:_identify(src/open_vins/config/uzhfpv_outdoor_45) by extensions ['python_setup_py']
[0.348s] Level 1:colcon.colcon_core.package_identification:_identify(src/open_vins/config/uzhfpv_outdoor_45) by extension 'python_setup_py'
[0.348s] Level 1:colcon.colcon_core.package_identification:_identify(src/open_vins/docs) by extensions ['ignore', 'ignore_ament_install']
[0.348s] Level 1:colcon.colcon_core.package_identification:_identify(src/open_vins/docs) by extension 'ignore'
[0.348s] Level 1:colcon.colcon_core.package_identification:_identify(src/open_vins/docs) by extension 'ignore_ament_install'
[0.348s] Level 1:colcon.colcon_core.package_identification:_identify(src/open_vins/docs) by extensions ['colcon_pkg']
[0.349s] Level 1:colcon.colcon_core.package_identification:_identify(src/open_vins/docs) by extension 'colcon_pkg'
[0.349s] Level 1:colcon.colcon_core.package_identification:_identify(src/open_vins/docs) by extensions ['colcon_meta']
[0.349s] Level 1:colcon.colcon_core.package_identification:_identify(src/open_vins/docs) by extension 'colcon_meta'
[0.349s] Level 1:colcon.colcon_core.package_identification:_identify(src/open_vins/docs) by extensions ['ros']
[0.349s] Level 1:colcon.colcon_core.package_identification:_identify(src/open_vins/docs) by extension 'ros'
[0.349s] Level 1:colcon.colcon_core.package_identification:_identify(src/open_vins/docs) by extensions ['cmake', 'python']
[0.349s] Level 1:colcon.colcon_core.package_identification:_identify(src/open_vins/docs) by extension 'cmake'
[0.349s] Level 1:colcon.colcon_core.package_identification:_identify(src/open_vins/docs) by extension 'python'
[0.349s] Level 1:colcon.colcon_core.package_identification:_identify(src/open_vins/docs) by extensions ['python_setup_py']
[0.349s] Level 1:colcon.colcon_core.package_identification:_identify(src/open_vins/docs) by extension 'python_setup_py'
[0.349s] Level 1:colcon.colcon_core.package_identification:_identify(src/open_vins/docs/bib) by extensions ['ignore', 'ignore_ament_install']
[0.349s] Level 1:colcon.colcon_core.package_identification:_identify(src/open_vins/docs/bib) by extension 'ignore'
[0.349s] Level 1:colcon.colcon_core.package_identification:_identify(src/open_vins/docs/bib) by extension 'ignore_ament_install'
[0.349s] Level 1:colcon.colcon_core.package_identification:_identify(src/open_vins/docs/bib) by extensions ['colcon_pkg']
[0.349s] Level 1:colcon.colcon_core.package_identification:_identify(src/open_vins/docs/bib) by extension 'colcon_pkg'
[0.349s] Level 1:colcon.colcon_core.package_identification:_identify(src/open_vins/docs/bib) by extensions ['colcon_meta']
[0.349s] Level 1:colcon.colcon_core.package_identification:_identify(src/open_vins/docs/bib) by extension 'colcon_meta'
[0.349s] Level 1:colcon.colcon_core.package_identification:_identify(src/open_vins/docs/bib) by extensions ['ros']
[0.349s] Level 1:colcon.colcon_core.package_identification:_identify(src/open_vins/docs/bib) by extension 'ros'
[0.349s] Level 1:colcon.colcon_core.package_identification:_identify(src/open_vins/docs/bib) by extensions ['cmake', 'python']
[0.349s] Level 1:colcon.colcon_core.package_identification:_identify(src/open_vins/docs/bib) by extension 'cmake'
[0.349s] Level 1:colcon.colcon_core.package_identification:_identify(src/open_vins/docs/bib) by extension 'python'
[0.350s] Level 1:colcon.colcon_core.package_identification:_identify(src/open_vins/docs/bib) by extensions ['python_setup_py']
[0.350s] Level 1:colcon.colcon_core.package_identification:_identify(src/open_vins/docs/bib) by extension 'python_setup_py'
[0.350s] Level 1:colcon.colcon_core.package_identification:_identify(src/open_vins/docs/css) by extensions ['ignore', 'ignore_ament_install']
[0.350s] Level 1:colcon.colcon_core.package_identification:_identify(src/open_vins/docs/css) by extension 'ignore'
[0.350s] Level 1:colcon.colcon_core.package_identification:_identify(src/open_vins/docs/css) by extension 'ignore_ament_install'
[0.350s] Level 1:colcon.colcon_core.package_identification:_identify(src/open_vins/docs/css) by extensions ['colcon_pkg']
[0.350s] Level 1:colcon.colcon_core.package_identification:_identify(src/open_vins/docs/css) by extension 'colcon_pkg'
[0.350s] Level 1:colcon.colcon_core.package_identification:_identify(src/open_vins/docs/css) by extensions ['colcon_meta']
[0.350s] Level 1:colcon.colcon_core.package_identification:_identify(src/open_vins/docs/css) by extension 'colcon_meta'
[0.350s] Level 1:colcon.colcon_core.package_identification:_identify(src/open_vins/docs/css) by extensions ['ros']
[0.350s] Level 1:colcon.colcon_core.package_identification:_identify(src/open_vins/docs/css) by extension 'ros'
[0.350s] Level 1:colcon.colcon_core.package_identification:_identify(src/open_vins/docs/css) by extensions ['cmake', 'python']
[0.350s] Level 1:colcon.colcon_core.package_identification:_identify(src/open_vins/docs/css) by extension 'cmake'
[0.350s] Level 1:colcon.colcon_core.package_identification:_identify(src/open_vins/docs/css) by extension 'python'
[0.350s] Level 1:colcon.colcon_core.package_identification:_identify(src/open_vins/docs/css) by extensions ['python_setup_py']
[0.350s] Level 1:colcon.colcon_core.package_identification:_identify(src/open_vins/docs/css) by extension 'python_setup_py'
[0.350s] Level 1:colcon.colcon_core.package_identification:_identify(src/open_vins/docs/img) by extensions ['ignore', 'ignore_ament_install']
[0.350s] Level 1:colcon.colcon_core.package_identification:_identify(src/open_vins/docs/img) by extension 'ignore'
[0.350s] Level 1:colcon.colcon_core.package_identification:_identify(src/open_vins/docs/img) by extension 'ignore_ament_install'
[0.351s] Level 1:colcon.colcon_core.package_identification:_identify(src/open_vins/docs/img) by extensions ['colcon_pkg']
[0.351s] Level 1:colcon.colcon_core.package_identification:_identify(src/open_vins/docs/img) by extension 'colcon_pkg'
[0.351s] Level 1:colcon.colcon_core.package_identification:_identify(src/open_vins/docs/img) by extensions ['colcon_meta']
[0.351s] Level 1:colcon.colcon_core.package_identification:_identify(src/open_vins/docs/img) by extension 'colcon_meta'
[0.351s] Level 1:colcon.colcon_core.package_identification:_identify(src/open_vins/docs/img) by extensions ['ros']
[0.351s] Level 1:colcon.colcon_core.package_identification:_identify(src/open_vins/docs/img) by extension 'ros'
[0.351s] Level 1:colcon.colcon_core.package_identification:_identify(src/open_vins/docs/img) by extensions ['cmake', 'python']
[0.351s] Level 1:colcon.colcon_core.package_identification:_identify(src/open_vins/docs/img) by extension 'cmake'
[0.351s] Level 1:colcon.colcon_core.package_identification:_identify(src/open_vins/docs/img) by extension 'python'
[0.351s] Level 1:colcon.colcon_core.package_identification:_identify(src/open_vins/docs/img) by extensions ['python_setup_py']
[0.351s] Level 1:colcon.colcon_core.package_identification:_identify(src/open_vins/docs/img) by extension 'python_setup_py'
[0.351s] Level 1:colcon.colcon_core.package_identification:_identify(src/open_vins/docs/img/datasets) by extensions ['ignore', 'ignore_ament_install']
[0.351s] Level 1:colcon.colcon_core.package_identification:_identify(src/open_vins/docs/img/datasets) by extension 'ignore'
[0.351s] Level 1:colcon.colcon_core.package_identification:_identify(src/open_vins/docs/img/datasets) by extension 'ignore_ament_install'
[0.351s] Level 1:colcon.colcon_core.package_identification:_identify(src/open_vins/docs/img/datasets) by extensions ['colcon_pkg']
[0.351s] Level 1:colcon.colcon_core.package_identification:_identify(src/open_vins/docs/img/datasets) by extension 'colcon_pkg'
[0.351s] Level 1:colcon.colcon_core.package_identification:_identify(src/open_vins/docs/img/datasets) by extensions ['colcon_meta']
[0.351s] Level 1:colcon.colcon_core.package_identification:_identify(src/open_vins/docs/img/datasets) by extension 'colcon_meta'
[0.351s] Level 1:colcon.colcon_core.package_identification:_identify(src/open_vins/docs/img/datasets) by extensions ['ros']
[0.351s] Level 1:colcon.colcon_core.package_identification:_identify(src/open_vins/docs/img/datasets) by extension 'ros'
[0.351s] Level 1:colcon.colcon_core.package_identification:_identify(src/open_vins/docs/img/datasets) by extensions ['cmake', 'python']
[0.351s] Level 1:colcon.colcon_core.package_identification:_identify(src/open_vins/docs/img/datasets) by extension 'cmake'
[0.352s] Level 1:colcon.colcon_core.package_identification:_identify(src/open_vins/docs/img/datasets) by extension 'python'
[0.352s] Level 1:colcon.colcon_core.package_identification:_identify(src/open_vins/docs/img/datasets) by extensions ['python_setup_py']
[0.352s] Level 1:colcon.colcon_core.package_identification:_identify(src/open_vins/docs/img/datasets) by extension 'python_setup_py'
[0.352s] Level 1:colcon.colcon_core.package_identification:_identify(src/open_vins/docs/img/eval) by extensions ['ignore', 'ignore_ament_install']
[0.352s] Level 1:colcon.colcon_core.package_identification:_identify(src/open_vins/docs/img/eval) by extension 'ignore'
[0.352s] Level 1:colcon.colcon_core.package_identification:_identify(src/open_vins/docs/img/eval) by extension 'ignore_ament_install'
[0.352s] Level 1:colcon.colcon_core.package_identification:_identify(src/open_vins/docs/img/eval) by extensions ['colcon_pkg']
[0.352s] Level 1:colcon.colcon_core.package_identification:_identify(src/open_vins/docs/img/eval) by extension 'colcon_pkg'
[0.352s] Level 1:colcon.colcon_core.package_identification:_identify(src/open_vins/docs/img/eval) by extensions ['colcon_meta']
[0.352s] Level 1:colcon.colcon_core.package_identification:_identify(src/open_vins/docs/img/eval) by extension 'colcon_meta'
[0.352s] Level 1:colcon.colcon_core.package_identification:_identify(src/open_vins/docs/img/eval) by extensions ['ros']
[0.352s] Level 1:colcon.colcon_core.package_identification:_identify(src/open_vins/docs/img/eval) by extension 'ros'
[0.352s] Level 1:colcon.colcon_core.package_identification:_identify(src/open_vins/docs/img/eval) by extensions ['cmake', 'python']
[0.352s] Level 1:colcon.colcon_core.package_identification:_identify(src/open_vins/docs/img/eval) by extension 'cmake'
[0.352s] Level 1:colcon.colcon_core.package_identification:_identify(src/open_vins/docs/img/eval) by extension 'python'
[0.352s] Level 1:colcon.colcon_core.package_identification:_identify(src/open_vins/docs/img/eval) by extensions ['python_setup_py']
[0.352s] Level 1:colcon.colcon_core.package_identification:_identify(src/open_vins/docs/img/eval) by extension 'python_setup_py'
[0.352s] Level 1:colcon.colcon_core.package_identification:_identify(src/open_vins/docs/mcss_theme) by extensions ['ignore', 'ignore_ament_install']
[0.352s] Level 1:colcon.colcon_core.package_identification:_identify(src/open_vins/docs/mcss_theme) by extension 'ignore'
[0.352s] Level 1:colcon.colcon_core.package_identification:_identify(src/open_vins/docs/mcss_theme) by extension 'ignore_ament_install'
[0.353s] Level 1:colcon.colcon_core.package_identification:_identify(src/open_vins/docs/mcss_theme) by extensions ['colcon_pkg']
[0.353s] Level 1:colcon.colcon_core.package_identification:_identify(src/open_vins/docs/mcss_theme) by extension 'colcon_pkg'
[0.353s] Level 1:colcon.colcon_core.package_identification:_identify(src/open_vins/docs/mcss_theme) by extensions ['colcon_meta']
[0.353s] Level 1:colcon.colcon_core.package_identification:_identify(src/open_vins/docs/mcss_theme) by extension 'colcon_meta'
[0.353s] Level 1:colcon.colcon_core.package_identification:_identify(src/open_vins/docs/mcss_theme) by extensions ['ros']
[0.353s] Level 1:colcon.colcon_core.package_identification:_identify(src/open_vins/docs/mcss_theme) by extension 'ros'
[0.353s] Level 1:colcon.colcon_core.package_identification:_identify(src/open_vins/docs/mcss_theme) by extensions ['cmake', 'python']
[0.353s] Level 1:colcon.colcon_core.package_identification:_identify(src/open_vins/docs/mcss_theme) by extension 'cmake'
[0.353s] Level 1:colcon.colcon_core.package_identification:_identify(src/open_vins/docs/mcss_theme) by extension 'python'
[0.353s] Level 1:colcon.colcon_core.package_identification:_identify(src/open_vins/docs/mcss_theme) by extensions ['python_setup_py']
[0.353s] Level 1:colcon.colcon_core.package_identification:_identify(src/open_vins/docs/mcss_theme) by extension 'python_setup_py'
[0.353s] Level 1:colcon.colcon_core.package_identification:_identify(src/open_vins/docs/youtube) by extensions ['ignore', 'ignore_ament_install']
[0.353s] Level 1:colcon.colcon_core.package_identification:_identify(src/open_vins/docs/youtube) by extension 'ignore'
[0.353s] Level 1:colcon.colcon_core.package_identification:_identify(src/open_vins/docs/youtube) by extension 'ignore_ament_install'
[0.353s] Level 1:colcon.colcon_core.package_identification:_identify(src/open_vins/docs/youtube) by extensions ['colcon_pkg']
[0.353s] Level 1:colcon.colcon_core.package_identification:_identify(src/open_vins/docs/youtube) by extension 'colcon_pkg'
[0.353s] Level 1:colcon.colcon_core.package_identification:_identify(src/open_vins/docs/youtube) by extensions ['colcon_meta']
[0.353s] Level 1:colcon.colcon_core.package_identification:_identify(src/open_vins/docs/youtube) by extension 'colcon_meta'
[0.353s] Level 1:colcon.colcon_core.package_identification:_identify(src/open_vins/docs/youtube) by extensions ['ros']
[0.353s] Level 1:colcon.colcon_core.package_identification:_identify(src/open_vins/docs/youtube) by extension 'ros'
[0.353s] Level 1:colcon.colcon_core.package_identification:_identify(src/open_vins/docs/youtube) by extensions ['cmake', 'python']
[0.353s] Level 1:colcon.colcon_core.package_identification:_identify(src/open_vins/docs/youtube) by extension 'cmake'
[0.354s] Level 1:colcon.colcon_core.package_identification:_identify(src/open_vins/docs/youtube) by extension 'python'
[0.354s] Level 1:colcon.colcon_core.package_identification:_identify(src/open_vins/docs/youtube) by extensions ['python_setup_py']
[0.354s] Level 1:colcon.colcon_core.package_identification:_identify(src/open_vins/docs/youtube) by extension 'python_setup_py'
[0.354s] Level 1:colcon.colcon_core.package_identification:_identify(src/open_vins/ov_core) by extensions ['ignore', 'ignore_ament_install']
[0.354s] Level 1:colcon.colcon_core.package_identification:_identify(src/open_vins/ov_core) by extension 'ignore'
[0.354s] Level 1:colcon.colcon_core.package_identification:_identify(src/open_vins/ov_core) by extension 'ignore_ament_install'
[0.354s] Level 1:colcon.colcon_core.package_identification:_identify(src/open_vins/ov_core) by extensions ['colcon_pkg']
[0.354s] Level 1:colcon.colcon_core.package_identification:_identify(src/open_vins/ov_core) by extension 'colcon_pkg'
[0.354s] Level 1:colcon.colcon_core.package_identification:_identify(src/open_vins/ov_core) by extensions ['colcon_meta']
[0.354s] Level 1:colcon.colcon_core.package_identification:_identify(src/open_vins/ov_core) by extension 'colcon_meta'
[0.354s] Level 1:colcon.colcon_core.package_identification:_identify(src/open_vins/ov_core) by extensions ['ros']
[0.354s] Level 1:colcon.colcon_core.package_identification:_identify(src/open_vins/ov_core) by extension 'ros'
[0.372s] DEBUG:colcon.colcon_core.package_identification:Package 'src/open_vins/ov_core' with type 'ros.ament_cmake' and name 'ov_core'
[0.372s] Level 1:colcon.colcon_core.package_identification:_identify(src/open_vins/ov_data) by extensions ['ignore', 'ignore_ament_install']
[0.373s] Level 1:colcon.colcon_core.package_identification:_identify(src/open_vins/ov_data) by extension 'ignore'
[0.373s] Level 1:colcon.colcon_core.package_identification:_identify(src/open_vins/ov_data) by extension 'ignore_ament_install'
[0.373s] Level 1:colcon.colcon_core.package_identification:_identify(src/open_vins/ov_data) by extensions ['colcon_pkg']
[0.373s] Level 1:colcon.colcon_core.package_identification:_identify(src/open_vins/ov_data) by extension 'colcon_pkg'
[0.373s] Level 1:colcon.colcon_core.package_identification:_identify(src/open_vins/ov_data) by extensions ['colcon_meta']
[0.373s] Level 1:colcon.colcon_core.package_identification:_identify(src/open_vins/ov_data) by extension 'colcon_meta'
[0.373s] Level 1:colcon.colcon_core.package_identification:_identify(src/open_vins/ov_data) by extensions ['ros']
[0.373s] Level 1:colcon.colcon_core.package_identification:_identify(src/open_vins/ov_data) by extension 'ros'
[0.375s] DEBUG:colcon.colcon_core.package_identification:Package 'src/open_vins/ov_data' with type 'ros.ament_cmake' and name 'ov_data'
[0.375s] Level 1:colcon.colcon_core.package_identification:_identify(src/open_vins/ov_eval) by extensions ['ignore', 'ignore_ament_install']
[0.375s] Level 1:colcon.colcon_core.package_identification:_identify(src/open_vins/ov_eval) by extension 'ignore'
[0.375s] Level 1:colcon.colcon_core.package_identification:_identify(src/open_vins/ov_eval) by extension 'ignore_ament_install'
[0.375s] Level 1:colcon.colcon_core.package_identification:_identify(src/open_vins/ov_eval) by extensions ['colcon_pkg']
[0.375s] Level 1:colcon.colcon_core.package_identification:_identify(src/open_vins/ov_eval) by extension 'colcon_pkg'
[0.375s] Level 1:colcon.colcon_core.package_identification:_identify(src/open_vins/ov_eval) by extensions ['colcon_meta']
[0.375s] Level 1:colcon.colcon_core.package_identification:_identify(src/open_vins/ov_eval) by extension 'colcon_meta'
[0.375s] Level 1:colcon.colcon_core.package_identification:_identify(src/open_vins/ov_eval) by extensions ['ros']
[0.375s] Level 1:colcon.colcon_core.package_identification:_identify(src/open_vins/ov_eval) by extension 'ros'
[0.384s] DEBUG:colcon.colcon_core.package_identification:Package 'src/open_vins/ov_eval' with type 'ros.ament_cmake' and name 'ov_eval'
[0.384s] Level 1:colcon.colcon_core.package_identification:_identify(src/open_vins/ov_init) by extensions ['ignore', 'ignore_ament_install']
[0.384s] Level 1:colcon.colcon_core.package_identification:_identify(src/open_vins/ov_init) by extension 'ignore'
[0.384s] Level 1:colcon.colcon_core.package_identification:_identify(src/open_vins/ov_init) by extension 'ignore_ament_install'
[0.384s] Level 1:colcon.colcon_core.package_identification:_identify(src/open_vins/ov_init) by extensions ['colcon_pkg']
[0.384s] Level 1:colcon.colcon_core.package_identification:_identify(src/open_vins/ov_init) by extension 'colcon_pkg'
[0.384s] Level 1:colcon.colcon_core.package_identification:_identify(src/open_vins/ov_init) by extensions ['colcon_meta']
[0.384s] Level 1:colcon.colcon_core.package_identification:_identify(src/open_vins/ov_init) by extension 'colcon_meta'
[0.384s] Level 1:colcon.colcon_core.package_identification:_identify(src/open_vins/ov_init) by extensions ['ros']
[0.384s] Level 1:colcon.colcon_core.package_identification:_identify(src/open_vins/ov_init) by extension 'ros'
[0.391s] DEBUG:colcon.colcon_core.package_identification:Package 'src/open_vins/ov_init' with type 'ros.ament_cmake' and name 'ov_init'
[0.391s] Level 1:colcon.colcon_core.package_identification:_identify(src/open_vins/ov_msckf) by extensions ['ignore', 'ignore_ament_install']
[0.391s] Level 1:colcon.colcon_core.package_identification:_identify(src/open_vins/ov_msckf) by extension 'ignore'
[0.391s] Level 1:colcon.colcon_core.package_identification:_identify(src/open_vins/ov_msckf) by extension 'ignore_ament_install'
[0.391s] Level 1:colcon.colcon_core.package_identification:_identify(src/open_vins/ov_msckf) by extensions ['colcon_pkg']
[0.392s] Level 1:colcon.colcon_core.package_identification:_identify(src/open_vins/ov_msckf) by extension 'colcon_pkg'
[0.392s] Level 1:colcon.colcon_core.package_identification:_identify(src/open_vins/ov_msckf) by extensions ['colcon_meta']
[0.392s] Level 1:colcon.colcon_core.package_identification:_identify(src/open_vins/ov_msckf) by extension 'colcon_meta'
[0.392s] Level 1:colcon.colcon_core.package_identification:_identify(src/open_vins/ov_msckf) by extensions ['ros']
[0.392s] Level 1:colcon.colcon_core.package_identification:_identify(src/open_vins/ov_msckf) by extension 'ros'
[0.410s] DEBUG:colcon.colcon_core.package_identification:Package 'src/open_vins/ov_msckf' with type 'ros.ament_cmake' and name 'ov_msckf'
[0.410s] Level 1:colcon.colcon_core.package_discovery:discover_packages(recursive) using defaults
[0.410s] Level 1:colcon.colcon_core.package_discovery:discover_packages(ignore) discover
[0.410s] Level 1:colcon.colcon_core.package_discovery:discover_packages(ignore) using defaults
[0.410s] Level 1:colcon.colcon_core.package_discovery:discover_packages(path) discover
[0.410s] Level 1:colcon.colcon_core.package_discovery:discover_packages(path) using defaults
[0.435s] Level 1:colcon.colcon_core.package_discovery:discover_packages(prefix_path) check parameters
[0.436s] Level 1:colcon.colcon_core.package_discovery:discover_packages(prefix_path) discover
[0.445s] DEBUG:colcon.colcon_installed_package_information.package_discovery:Found 278 installed packages in /opt/ros/humble
[0.448s] Level 1:colcon.colcon_core.package_discovery:discover_packages(prefix_path) using defaults
[0.497s] Level 5:colcon.colcon_core.verb:set package 'challenge_tools_ros' build argument 'cmake_args' from command line to 'None'
[0.497s] Level 5:colcon.colcon_core.verb:set package 'challenge_tools_ros' build argument 'cmake_target' from command line to 'None'
[0.497s] Level 5:colcon.colcon_core.verb:set package 'challenge_tools_ros' build argument 'cmake_target_skip_unavailable' from command line to 'False'
[0.497s] Level 5:colcon.colcon_core.verb:set package 'challenge_tools_ros' build argument 'cmake_clean_cache' from command line to 'False'
[0.497s] Level 5:colcon.colcon_core.verb:set package 'challenge_tools_ros' build argument 'cmake_clean_first' from command line to 'False'
[0.497s] Level 5:colcon.colcon_core.verb:set package 'challenge_tools_ros' build argument 'cmake_force_configure' from command line to 'False'
[0.498s] Level 5:colcon.colcon_core.verb:set package 'challenge_tools_ros' build argument 'ament_cmake_args' from command line to 'None'
[0.498s] Level 5:colcon.colcon_core.verb:set package 'challenge_tools_ros' build argument 'catkin_cmake_args' from command line to 'None'
[0.498s] Level 5:colcon.colcon_core.verb:set package 'challenge_tools_ros' build argument 'catkin_skip_building_tests' from command line to 'False'
[0.498s] DEBUG:colcon.colcon_core.verb:Building package 'challenge_tools_ros' with the following arguments: {'ament_cmake_args': None, 'build_base': '/home/subbu/slam_ws/build/challenge_tools_ros', 'catkin_cmake_args': None, 'catkin_skip_building_tests': False, 'cmake_args': None, 'cmake_clean_cache': False, 'cmake_clean_first': False, 'cmake_force_configure': False, 'cmake_target': None, 'cmake_target_skip_unavailable': False, 'install_base': '/home/subbu/slam_ws/install/challenge_tools_ros', 'merge_install': False, 'path': '/home/subbu/slam_ws/src/hilti-trimble-slam-challenge-2026', 'symlink_install': True, 'test_result_base': None}
[0.498s] Level 5:colcon.colcon_core.verb:set package 'ov_core' build argument 'cmake_args' from command line to 'None'
[0.498s] Level 5:colcon.colcon_core.verb:set package 'ov_core' build argument 'cmake_target' from command line to 'None'
[0.498s] Level 5:colcon.colcon_core.verb:set package 'ov_core' build argument 'cmake_target_skip_unavailable' from command line to 'False'
[0.498s] Level 5:colcon.colcon_core.verb:set package 'ov_core' build argument 'cmake_clean_cache' from command line to 'False'
[0.498s] Level 5:colcon.colcon_core.verb:set package 'ov_core' build argument 'cmake_clean_first' from command line to 'False'
[0.498s] Level 5:colcon.colcon_core.verb:set package 'ov_core' build argument 'cmake_force_configure' from command line to 'False'
[0.498s] Level 5:colcon.colcon_core.verb:set package 'ov_core' build argument 'ament_cmake_args' from command line to 'None'
[0.498s] Level 5:colcon.colcon_core.verb:set package 'ov_core' build argument 'catkin_cmake_args' from command line to 'None'
[0.498s] Level 5:colcon.colcon_core.verb:set package 'ov_core' build argument 'catkin_skip_building_tests' from command line to 'False'
[0.498s] DEBUG:colcon.colcon_core.verb:Building package 'ov_core' with the following arguments: {'ament_cmake_args': None, 'build_base': '/home/subbu/slam_ws/build/ov_core', 'catkin_cmake_args': None, 'catkin_skip_building_tests': False, 'cmake_args': None, 'cmake_clean_cache': False, 'cmake_clean_first': False, 'cmake_force_configure': False, 'cmake_target': None, 'cmake_target_skip_unavailable': False, 'install_base': '/home/subbu/slam_ws/install/ov_core', 'merge_install': False, 'path': '/home/subbu/slam_ws/src/open_vins/ov_core', 'symlink_install': True, 'test_result_base': None}
[0.499s] Level 5:colcon.colcon_core.verb:set package 'ov_data' build argument 'cmake_args' from command line to 'None'
[0.499s] Level 5:colcon.colcon_core.verb:set package 'ov_data' build argument 'cmake_target' from command line to 'None'
[0.499s] Level 5:colcon.colcon_core.verb:set package 'ov_data' build argument 'cmake_target_skip_unavailable' from command line to 'False'
[0.499s] Level 5:colcon.colcon_core.verb:set package 'ov_data' build argument 'cmake_clean_cache' from command line to 'False'
[0.499s] Level 5:colcon.colcon_core.verb:set package 'ov_data' build argument 'cmake_clean_first' from command line to 'False'
[0.499s] Level 5:colcon.colcon_core.verb:set package 'ov_data' build argument 'cmake_force_configure' from command line to 'False'
[0.499s] Level 5:colcon.colcon_core.verb:set package 'ov_data' build argument 'ament_cmake_args' from command line to 'None'
[0.499s] Level 5:colcon.colcon_core.verb:set package 'ov_data' build argument 'catkin_cmake_args' from command line to 'None'
[0.499s] Level 5:colcon.colcon_core.verb:set package 'ov_data' build argument 'catkin_skip_building_tests' from command line to 'False'
[0.499s] DEBUG:colcon.colcon_core.verb:Building package 'ov_data' with the following arguments: {'ament_cmake_args': None, 'build_base': '/home/subbu/slam_ws/build/ov_data', 'catkin_cmake_args': None, 'catkin_skip_building_tests': False, 'cmake_args': None, 'cmake_clean_cache': False, 'cmake_clean_first': False, 'cmake_force_configure': False, 'cmake_target': None, 'cmake_target_skip_unavailable': False, 'install_base': '/home/subbu/slam_ws/install/ov_data', 'merge_install': False, 'path': '/home/subbu/slam_ws/src/open_vins/ov_data', 'symlink_install': True, 'test_result_base': None}
[0.499s] Level 5:colcon.colcon_core.verb:set package 'ov_eval' build argument 'cmake_args' from command line to 'None'
[0.499s] Level 5:colcon.colcon_core.verb:set package 'ov_eval' build argument 'cmake_target' from command line to 'None'
[0.499s] Level 5:colcon.colcon_core.verb:set package 'ov_eval' build argument 'cmake_target_skip_unavailable' from command line to 'False'
[0.499s] Level 5:colcon.colcon_core.verb:set package 'ov_eval' build argument 'cmake_clean_cache' from command line to 'False'
[0.499s] Level 5:colcon.colcon_core.verb:set package 'ov_eval' build argument 'cmake_clean_first' from command line to 'False'
[0.499s] Level 5:colcon.colcon_core.verb:set package 'ov_eval' build argument 'cmake_force_configure' from command line to 'False'
[0.499s] Level 5:colcon.colcon_core.verb:set package 'ov_eval' build argument 'ament_cmake_args' from command line to 'None'
[0.499s] Level 5:colcon.colcon_core.verb:set package 'ov_eval' build argument 'catkin_cmake_args' from command line to 'None'
[0.499s] Level 5:colcon.colcon_core.verb:set package 'ov_eval' build argument 'catkin_skip_building_tests' from command line to 'False'
[0.499s] DEBUG:colcon.colcon_core.verb:Building package 'ov_eval' with the following arguments: {'ament_cmake_args': None, 'build_base': '/home/subbu/slam_ws/build/ov_eval', 'catkin_cmake_args': None, 'catkin_skip_building_tests': False, 'cmake_args': None, 'cmake_clean_cache': False, 'cmake_clean_first': False, 'cmake_force_configure': False, 'cmake_target': None, 'cmake_target_skip_unavailable': False, 'install_base': '/home/subbu/slam_ws/install/ov_eval', 'merge_install': False, 'path': '/home/subbu/slam_ws/src/open_vins/ov_eval', 'symlink_install': True, 'test_result_base': None}
[0.500s] Level 5:colcon.colcon_core.verb:set package 'ov_init' build argument 'cmake_args' from command line to 'None'
[0.500s] Level 5:colcon.colcon_core.verb:set package 'ov_init' build argument 'cmake_target' from command line to 'None'
[0.500s] Level 5:colcon.colcon_core.verb:set package 'ov_init' build argument 'cmake_target_skip_unavailable' from command line to 'False'
[0.500s] Level 5:colcon.colcon_core.verb:set package 'ov_init' build argument 'cmake_clean_cache' from command line to 'False'
[0.500s] Level 5:colcon.colcon_core.verb:set package 'ov_init' build argument 'cmake_clean_first' from command line to 'False'
[0.500s] Level 5:colcon.colcon_core.verb:set package 'ov_init' build argument 'cmake_force_configure' from command line to 'False'
[0.500s] Level 5:colcon.colcon_core.verb:set package 'ov_init' build argument 'ament_cmake_args' from command line to 'None'
[0.500s] Level 5:colcon.colcon_core.verb:set package 'ov_init' build argument 'catkin_cmake_args' from command line to 'None'
[0.500s] Level 5:colcon.colcon_core.verb:set package 'ov_init' build argument 'catkin_skip_building_tests' from command line to 'False'
[0.500s] DEBUG:colcon.colcon_core.verb:Building package 'ov_init' with the following arguments: {'ament_cmake_args': None, 'build_base': '/home/subbu/slam_ws/build/ov_init', 'catkin_cmake_args': None, 'catkin_skip_building_tests': False, 'cmake_args': None, 'cmake_clean_cache': False, 'cmake_clean_first': False, 'cmake_force_configure': False, 'cmake_target': None, 'cmake_target_skip_unavailable': False, 'install_base': '/home/subbu/slam_ws/install/ov_init', 'merge_install': False, 'path': '/home/subbu/slam_ws/src/open_vins/ov_init', 'symlink_install': True, 'test_result_base': None}
[0.500s] Level 5:colcon.colcon_core.verb:set package 'ov_msckf' build argument 'cmake_args' from command line to 'None'
[0.500s] Level 5:colcon.colcon_core.verb:set package 'ov_msckf' build argument 'cmake_target' from command line to 'None'
[0.500s] Level 5:colcon.colcon_core.verb:set package 'ov_msckf' build argument 'cmake_target_skip_unavailable' from command line to 'False'
[0.500s] Level 5:colcon.colcon_core.verb:set package 'ov_msckf' build argument 'cmake_clean_cache' from command line to 'False'
[0.500s] Level 5:colcon.colcon_core.verb:set package 'ov_msckf' build argument 'cmake_clean_first' from command line to 'False'
[0.500s] Level 5:colcon.colcon_core.verb:set package 'ov_msckf' build argument 'cmake_force_configure' from command line to 'False'
[0.500s] Level 5:colcon.colcon_core.verb:set package 'ov_msckf' build argument 'ament_cmake_args' from command line to 'None'
[0.500s] Level 5:colcon.colcon_core.verb:set package 'ov_msckf' build argument 'catkin_cmake_args' from command line to 'None'
[0.500s] Level 5:colcon.colcon_core.verb:set package 'ov_msckf' build argument 'catkin_skip_building_tests' from command line to 'False'
[0.500s] DEBUG:colcon.colcon_core.verb:Building package 'ov_msckf' with the following arguments: {'ament_cmake_args': None, 'build_base': '/home/subbu/slam_ws/build/ov_msckf', 'catkin_cmake_args': None, 'catkin_skip_building_tests': False, 'cmake_args': None, 'cmake_clean_cache': False, 'cmake_clean_first': False, 'cmake_force_configure': False, 'cmake_target': None, 'cmake_target_skip_unavailable': False, 'install_base': '/home/subbu/slam_ws/install/ov_msckf', 'merge_install': False, 'path': '/home/subbu/slam_ws/src/open_vins/ov_msckf', 'symlink_install': True, 'test_result_base': None}
[0.501s] INFO:colcon.colcon_core.executor:Executing jobs using 'parallel' executor
[0.502s] DEBUG:colcon.colcon_parallel_executor.executor.parallel:run_until_complete
[0.503s] INFO:colcon.colcon_ros.task.ament_cmake.build:Building ROS package in '/home/subbu/slam_ws/src/open_vins/ov_core' with build type 'ament_cmake'
[0.503s] INFO:colcon.colcon_cmake.task.cmake.build:Building CMake package in '/home/subbu/slam_ws/src/open_vins/ov_core'
[0.511s] INFO:colcon.colcon_core.plugin_system:Skipping extension 'colcon_core.shell.bat': Not used on non-Windows systems
[0.511s] INFO:colcon.colcon_core.shell:Skip shell extension 'powershell' for command environment: Not usable outside of PowerShell
[0.511s] DEBUG:colcon.colcon_core.shell:Skip shell extension 'dsv' for command environment
[0.518s] INFO:colcon.colcon_ros.task.ament_cmake.build:Building ROS package in '/home/subbu/slam_ws/src/hilti-trimble-slam-challenge-2026' with build type 'ament_cmake'
[0.518s] INFO:colcon.colcon_cmake.task.cmake.build:Building CMake package in '/home/subbu/slam_ws/src/hilti-trimble-slam-challenge-2026'
[0.518s] INFO:colcon.colcon_core.shell:Skip shell extension 'powershell' for command environment: Not usable outside of PowerShell
[0.519s] DEBUG:colcon.colcon_core.shell:Skip shell extension 'dsv' for command environment
[0.524s] INFO:colcon.colcon_ros.task.ament_cmake.build:Building ROS package in '/home/subbu/slam_ws/src/open_vins/ov_data' with build type 'ament_cmake'
[0.524s] INFO:colcon.colcon_cmake.task.cmake.build:Building CMake package in '/home/subbu/slam_ws/src/open_vins/ov_data'
[0.524s] INFO:colcon.colcon_core.shell:Skip shell extension 'powershell' for command environment: Not usable outside of PowerShell
[0.525s] DEBUG:colcon.colcon_core.shell:Skip shell extension 'dsv' for command environment
[0.538s] DEBUG:colcon.colcon_core.event_handler.log_command:Invoking command in '/home/subbu/slam_ws/build/ov_core': CMAKE_PREFIX_PATH=/opt/ros/humble /usr/bin/cmake /home/subbu/slam_ws/src/open_vins/ov_core -DAMENT_CMAKE_SYMLINK_INSTALL=1 -DCMAKE_INSTALL_PREFIX=/home/subbu/slam_ws/install/ov_core
[0.549s] DEBUG:colcon.colcon_core.event_handler.log_command:Invoking command in '/home/subbu/slam_ws/build/challenge_tools_ros': CMAKE_PREFIX_PATH=/opt/ros/humble /usr/bin/cmake /home/subbu/slam_ws/src/hilti-trimble-slam-challenge-2026 -DAMENT_CMAKE_SYMLINK_INSTALL=1 -DCMAKE_INSTALL_PREFIX=/home/subbu/slam_ws/install/challenge_tools_ros
[0.557s] DEBUG:colcon.colcon_core.event_handler.log_command:Invoking command in '/home/subbu/slam_ws/build/ov_data': CMAKE_PREFIX_PATH=/opt/ros/humble /usr/bin/cmake /home/subbu/slam_ws/src/open_vins/ov_data -DAMENT_CMAKE_SYMLINK_INSTALL=1 -DCMAKE_INSTALL_PREFIX=/home/subbu/slam_ws/install/ov_data
[1.008s] DEBUG:colcon.colcon_core.event_handler.log_command:Invoked command in '/home/subbu/slam_ws/build/ov_data' returned '0': CMAKE_PREFIX_PATH=/opt/ros/humble /usr/bin/cmake /home/subbu/slam_ws/src/open_vins/ov_data -DAMENT_CMAKE_SYMLINK_INSTALL=1 -DCMAKE_INSTALL_PREFIX=/home/subbu/slam_ws/install/ov_data
[1.011s] DEBUG:colcon.colcon_core.event_handler.log_command:Invoking command in '/home/subbu/slam_ws/build/ov_data': CMAKE_PREFIX_PATH=/opt/ros/humble /usr/bin/cmake --build /home/subbu/slam_ws/build/ov_data -- -j8 -l8
[1.072s] DEBUG:colcon.colcon_core.event_handler.log_command:Invoked command in '/home/subbu/slam_ws/build/ov_data' returned '0': CMAKE_PREFIX_PATH=/opt/ros/humble /usr/bin/cmake --build /home/subbu/slam_ws/build/ov_data -- -j8 -l8
[1.088s] DEBUG:colcon.colcon_core.event_handler.log_command:Invoking command in '/home/subbu/slam_ws/build/ov_data': CMAKE_PREFIX_PATH=/opt/ros/humble /usr/bin/cmake --install /home/subbu/slam_ws/build/ov_data
[1.126s] Level 1:colcon.colcon_core.environment:create_environment_scripts_only(ov_data)
[1.127s] DEBUG:colcon.colcon_core.event_handler.log_command:Invoked command in '/home/subbu/slam_ws/build/ov_data' returned '0': CMAKE_PREFIX_PATH=/opt/ros/humble /usr/bin/cmake --install /home/subbu/slam_ws/build/ov_data
[1.135s] Level 1:colcon.colcon_core.environment:checking '/home/subbu/slam_ws/install/ov_data' for CMake module files
[1.137s] Level 1:colcon.colcon_core.environment:checking '/home/subbu/slam_ws/install/ov_data' for CMake config files
[1.138s] Level 1:colcon.colcon_core.shell:create_environment_hook('ov_data', 'cmake_prefix_path')
[1.139s] INFO:colcon.colcon_core.shell:Creating environment hook '/home/subbu/slam_ws/install/ov_data/share/ov_data/hook/cmake_prefix_path.ps1'
[1.141s] INFO:colcon.colcon_core.shell:Creating environment descriptor '/home/subbu/slam_ws/install/ov_data/share/ov_data/hook/cmake_prefix_path.dsv'
[1.141s] INFO:colcon.colcon_core.shell:Creating environment hook '/home/subbu/slam_ws/install/ov_data/share/ov_data/hook/cmake_prefix_path.sh'
[1.143s] Level 1:colcon.colcon_core.environment:checking '/home/subbu/slam_ws/install/ov_data/bin'
[1.143s] Level 1:colcon.colcon_core.environment:checking '/home/subbu/slam_ws/install/ov_data/lib/pkgconfig/ov_data.pc'
[1.144s] Level 1:colcon.colcon_core.environment:checking '/home/subbu/slam_ws/install/ov_data/lib/python3.10/site-packages'
[1.144s] Level 1:colcon.colcon_core.environment:checking '/home/subbu/slam_ws/install/ov_data/bin'
[1.145s] INFO:colcon.colcon_core.shell:Creating package script '/home/subbu/slam_ws/install/ov_data/share/ov_data/package.ps1'
[1.147s] INFO:colcon.colcon_core.shell:Creating package descriptor '/home/subbu/slam_ws/install/ov_data/share/ov_data/package.dsv'
[1.148s] INFO:colcon.colcon_core.shell:Creating package script '/home/subbu/slam_ws/install/ov_data/share/ov_data/package.sh'
[1.149s] INFO:colcon.colcon_core.shell:Creating package script '/home/subbu/slam_ws/install/ov_data/share/ov_data/package.bash'
[1.151s] INFO:colcon.colcon_core.shell:Creating package script '/home/subbu/slam_ws/install/ov_data/share/ov_data/package.zsh'
[1.153s] Level 1:colcon.colcon_core.environment:create_file_with_runtime_dependencies(/home/subbu/slam_ws/install/ov_data/share/colcon-core/packages/ov_data)
[1.154s] Level 1:colcon.colcon_core.environment:create_environment_scripts_only(ov_data)
[1.154s] Level 1:colcon.colcon_core.environment:checking '/home/subbu/slam_ws/install/ov_data' for CMake module files
[1.155s] Level 1:colcon.colcon_core.environment:checking '/home/subbu/slam_ws/install/ov_data' for CMake config files
[1.156s] Level 1:colcon.colcon_core.shell:create_environment_hook('ov_data', 'cmake_prefix_path')
[1.156s] INFO:colcon.colcon_core.shell:Creating environment hook '/home/subbu/slam_ws/install/ov_data/share/ov_data/hook/cmake_prefix_path.ps1'
[1.157s] INFO:colcon.colcon_core.shell:Creating environment descriptor '/home/subbu/slam_ws/install/ov_data/share/ov_data/hook/cmake_prefix_path.dsv'
[1.157s] INFO:colcon.colcon_core.shell:Creating environment hook '/home/subbu/slam_ws/install/ov_data/share/ov_data/hook/cmake_prefix_path.sh'
[1.158s] Level 1:colcon.colcon_core.environment:checking '/home/subbu/slam_ws/install/ov_data/bin'
[1.158s] Level 1:colcon.colcon_core.environment:checking '/home/subbu/slam_ws/install/ov_data/lib/pkgconfig/ov_data.pc'
[1.159s] Level 1:colcon.colcon_core.environment:checking '/home/subbu/slam_ws/install/ov_data/lib/python3.10/site-packages'
[1.160s] Level 1:colcon.colcon_core.environment:checking '/home/subbu/slam_ws/install/ov_data/bin'
[1.160s] INFO:colcon.colcon_core.shell:Creating package script '/home/subbu/slam_ws/install/ov_data/share/ov_data/package.ps1'
[1.161s] INFO:colcon.colcon_core.shell:Creating package descriptor '/home/subbu/slam_ws/install/ov_data/share/ov_data/package.dsv'
[1.162s] INFO:colcon.colcon_core.shell:Creating package script '/home/subbu/slam_ws/install/ov_data/share/ov_data/package.sh'
[1.163s] INFO:colcon.colcon_core.shell:Creating package script '/home/subbu/slam_ws/install/ov_data/share/ov_data/package.bash'
[1.163s] INFO:colcon.colcon_core.shell:Creating package script '/home/subbu/slam_ws/install/ov_data/share/ov_data/package.zsh'
[1.164s] Level 1:colcon.colcon_core.environment:create_file_with_runtime_dependencies(/home/subbu/slam_ws/install/ov_data/share/colcon-core/packages/ov_data)
[1.678s] DEBUG:colcon.colcon_core.event_handler.log_command:Invoked command in '/home/subbu/slam_ws/build/ov_core' returned '0': CMAKE_PREFIX_PATH=/opt/ros/humble /usr/bin/cmake /home/subbu/slam_ws/src/open_vins/ov_core -DAMENT_CMAKE_SYMLINK_INSTALL=1 -DCMAKE_INSTALL_PREFIX=/home/subbu/slam_ws/install/ov_core
[1.681s] DEBUG:colcon.colcon_core.event_handler.log_command:Invoking command in '/home/subbu/slam_ws/build/ov_core': CMAKE_PREFIX_PATH=/opt/ros/humble /usr/bin/cmake --build /home/subbu/slam_ws/build/ov_core -- -j8 -l8
[1.982s] DEBUG:colcon.colcon_core.event_handler.log_command:Invoked command in '/home/subbu/slam_ws/build/ov_core' returned '0': CMAKE_PREFIX_PATH=/opt/ros/humble /usr/bin/cmake --build /home/subbu/slam_ws/build/ov_core -- -j8 -l8
[1.985s] DEBUG:colcon.colcon_core.event_handler.log_command:Invoking command in '/home/subbu/slam_ws/build/ov_core': CMAKE_PREFIX_PATH=/opt/ros/humble /usr/bin/cmake --install /home/subbu/slam_ws/build/ov_core
[2.028s] Level 1:colcon.colcon_core.environment:create_environment_scripts_only(ov_core)
[2.028s] Level 1:colcon.colcon_core.environment:checking '/home/subbu/slam_ws/install/ov_core' for CMake module files
[2.029s] DEBUG:colcon.colcon_core.event_handler.log_command:Invoked command in '/home/subbu/slam_ws/build/ov_core' returned '0': CMAKE_PREFIX_PATH=/opt/ros/humble /usr/bin/cmake --install /home/subbu/slam_ws/build/ov_core
[2.030s] Level 1:colcon.colcon_core.environment:checking '/home/subbu/slam_ws/install/ov_core' for CMake config files
[2.031s] Level 1:colcon.colcon_core.shell:create_environment_hook('ov_core', 'cmake_prefix_path')
[2.032s] INFO:colcon.colcon_core.shell:Creating environment hook '/home/subbu/slam_ws/install/ov_core/share/ov_core/hook/cmake_prefix_path.ps1'
[2.032s] INFO:colcon.colcon_core.shell:Creating environment descriptor '/home/subbu/slam_ws/install/ov_core/share/ov_core/hook/cmake_prefix_path.dsv'
[2.033s] INFO:colcon.colcon_core.shell:Creating environment hook '/home/subbu/slam_ws/install/ov_core/share/ov_core/hook/cmake_prefix_path.sh'
[2.033s] Level 1:colcon.colcon_core.environment:checking '/home/subbu/slam_ws/install/ov_core/lib'
[2.034s] Level 1:colcon.colcon_core.shell:create_environment_hook('ov_core', 'ld_library_path_lib')
[2.034s] INFO:colcon.colcon_core.shell:Creating environment hook '/home/subbu/slam_ws/install/ov_core/share/ov_core/hook/ld_library_path_lib.ps1'
[2.035s] INFO:colcon.colcon_core.shell:Creating environment descriptor '/home/subbu/slam_ws/install/ov_core/share/ov_core/hook/ld_library_path_lib.dsv'
[2.036s] INFO:colcon.colcon_core.shell:Creating environment hook '/home/subbu/slam_ws/install/ov_core/share/ov_core/hook/ld_library_path_lib.sh'
[2.037s] Level 1:colcon.colcon_core.environment:checking '/home/subbu/slam_ws/install/ov_core/bin'
[2.037s] Level 1:colcon.colcon_core.environment:checking '/home/subbu/slam_ws/install/ov_core/lib/pkgconfig/ov_core.pc'
[2.037s] Level 1:colcon.colcon_core.environment:checking '/home/subbu/slam_ws/install/ov_core/lib/python3.10/site-packages'
[2.038s] Level 1:colcon.colcon_core.environment:checking '/home/subbu/slam_ws/install/ov_core/bin'
[2.038s] INFO:colcon.colcon_core.shell:Creating package script '/home/subbu/slam_ws/install/ov_core/share/ov_core/package.ps1'
[2.039s] INFO:colcon.colcon_core.shell:Creating package descriptor '/home/subbu/slam_ws/install/ov_core/share/ov_core/package.dsv'
[2.040s] INFO:colcon.colcon_core.shell:Creating package script '/home/subbu/slam_ws/install/ov_core/share/ov_core/package.sh'
[2.041s] INFO:colcon.colcon_core.shell:Creating package script '/home/subbu/slam_ws/install/ov_core/share/ov_core/package.bash'
[2.041s] INFO:colcon.colcon_core.shell:Creating package script '/home/subbu/slam_ws/install/ov_core/share/ov_core/package.zsh'
[2.042s] Level 1:colcon.colcon_core.environment:create_file_with_runtime_dependencies(/home/subbu/slam_ws/install/ov_core/share/colcon-core/packages/ov_core)
[2.043s] Level 1:colcon.colcon_core.environment:create_environment_scripts_only(ov_core)
[2.043s] Level 1:colcon.colcon_core.environment:checking '/home/subbu/slam_ws/install/ov_core' for CMake module files
[2.044s] Level 1:colcon.colcon_core.environment:checking '/home/subbu/slam_ws/install/ov_core' for CMake config files
[2.044s] Level 1:colcon.colcon_core.shell:create_environment_hook('ov_core', 'cmake_prefix_path')
[2.045s] INFO:colcon.colcon_core.shell:Creating environment hook '/home/subbu/slam_ws/install/ov_core/share/ov_core/hook/cmake_prefix_path.ps1'
[2.045s] INFO:colcon.colcon_core.shell:Creating environment descriptor '/home/subbu/slam_ws/install/ov_core/share/ov_core/hook/cmake_prefix_path.dsv'
[2.046s] INFO:colcon.colcon_core.shell:Creating environment hook '/home/subbu/slam_ws/install/ov_core/share/ov_core/hook/cmake_prefix_path.sh'
[2.047s] Level 1:colcon.colcon_core.environment:checking '/home/subbu/slam_ws/install/ov_core/lib'
[2.047s] Level 1:colcon.colcon_core.shell:create_environment_hook('ov_core', 'ld_library_path_lib')
[2.047s] INFO:colcon.colcon_core.shell:Creating environment hook '/home/subbu/slam_ws/install/ov_core/share/ov_core/hook/ld_library_path_lib.ps1'
[2.047s] INFO:colcon.colcon_core.shell:Creating environment descriptor '/home/subbu/slam_ws/install/ov_core/share/ov_core/hook/ld_library_path_lib.dsv'
[2.048s] INFO:colcon.colcon_core.shell:Creating environment hook '/home/subbu/slam_ws/install/ov_core/share/ov_core/hook/ld_library_path_lib.sh'
[2.048s] Level 1:colcon.colcon_core.environment:checking '/home/subbu/slam_ws/install/ov_core/bin'
[2.049s] Level 1:colcon.colcon_core.environment:checking '/home/subbu/slam_ws/install/ov_core/lib/pkgconfig/ov_core.pc'
[2.049s] Level 1:colcon.colcon_core.environment:checking '/home/subbu/slam_ws/install/ov_core/lib/python3.10/site-packages'
[2.049s] Level 1:colcon.colcon_core.environment:checking '/home/subbu/slam_ws/install/ov_core/bin'
[2.050s] INFO:colcon.colcon_core.shell:Creating package script '/home/subbu/slam_ws/install/ov_core/share/ov_core/package.ps1'
[2.051s] INFO:colcon.colcon_core.shell:Creating package descriptor '/home/subbu/slam_ws/install/ov_core/share/ov_core/package.dsv'
[2.051s] INFO:colcon.colcon_core.shell:Creating package script '/home/subbu/slam_ws/install/ov_core/share/ov_core/package.sh'
[2.052s] INFO:colcon.colcon_core.shell:Creating package script '/home/subbu/slam_ws/install/ov_core/share/ov_core/package.bash'
[2.052s] INFO:colcon.colcon_core.shell:Creating package script '/home/subbu/slam_ws/install/ov_core/share/ov_core/package.zsh'
[2.053s] Level 1:colcon.colcon_core.environment:create_file_with_runtime_dependencies(/home/subbu/slam_ws/install/ov_core/share/colcon-core/packages/ov_core)
[2.053s] INFO:colcon.colcon_ros.task.ament_cmake.build:Building ROS package in '/home/subbu/slam_ws/src/open_vins/ov_init' with build type 'ament_cmake'
[2.054s] INFO:colcon.colcon_cmake.task.cmake.build:Building CMake package in '/home/subbu/slam_ws/src/open_vins/ov_init'
[2.054s] INFO:colcon.colcon_core.shell:Skip shell extension 'powershell' for command environment: Not usable outside of PowerShell
[2.054s] DEBUG:colcon.colcon_core.shell:Skip shell extension 'dsv' for command environment
[2.059s] INFO:colcon.colcon_ros.task.ament_cmake.build:Building ROS package in '/home/subbu/slam_ws/src/open_vins/ov_eval' with build type 'ament_cmake'
[2.060s] INFO:colcon.colcon_cmake.task.cmake.build:Building CMake package in '/home/subbu/slam_ws/src/open_vins/ov_eval'
[2.060s] INFO:colcon.colcon_core.shell:Skip shell extension 'powershell' for command environment: Not usable outside of PowerShell
[2.060s] DEBUG:colcon.colcon_core.shell:Skip shell extension 'dsv' for command environment
[2.077s] DEBUG:colcon.colcon_core.event_handler.log_command:Invoking command in '/home/subbu/slam_ws/build/ov_init': AMENT_PREFIX_PATH=/home/subbu/slam_ws/install/ov_core:${AMENT_PREFIX_PATH} CMAKE_PREFIX_PATH=/home/subbu/slam_ws/install/ov_core:/opt/ros/humble LD_LIBRARY_PATH=/home/subbu/slam_ws/install/ov_core/lib:${LD_LIBRARY_PATH} /usr/bin/cmake /home/subbu/slam_ws/src/open_vins/ov_init -DAMENT_CMAKE_SYMLINK_INSTALL=1 -DCMAKE_INSTALL_PREFIX=/home/subbu/slam_ws/install/ov_init
[2.083s] DEBUG:colcon.colcon_core.event_handler.log_command:Invoking command in '/home/subbu/slam_ws/build/ov_eval': AMENT_PREFIX_PATH=/home/subbu/slam_ws/install/ov_core:${AMENT_PREFIX_PATH} CMAKE_PREFIX_PATH=/home/subbu/slam_ws/install/ov_core:/opt/ros/humble LD_LIBRARY_PATH=/home/subbu/slam_ws/install/ov_core/lib:${LD_LIBRARY_PATH} /usr/bin/cmake /home/subbu/slam_ws/src/open_vins/ov_eval -DAMENT_CMAKE_SYMLINK_INSTALL=1 -DCMAKE_INSTALL_PREFIX=/home/subbu/slam_ws/install/ov_eval
[3.070s] DEBUG:colcon.colcon_core.event_handler.log_command:Invoked command in '/home/subbu/slam_ws/build/ov_eval' returned '0': AMENT_PREFIX_PATH=/home/subbu/slam_ws/install/ov_core:${AMENT_PREFIX_PATH} CMAKE_PREFIX_PATH=/home/subbu/slam_ws/install/ov_core:/opt/ros/humble LD_LIBRARY_PATH=/home/subbu/slam_ws/install/ov_core/lib:${LD_LIBRARY_PATH} /usr/bin/cmake /home/subbu/slam_ws/src/open_vins/ov_eval -DAMENT_CMAKE_SYMLINK_INSTALL=1 -DCMAKE_INSTALL_PREFIX=/home/subbu/slam_ws/install/ov_eval
[3.073s] DEBUG:colcon.colcon_core.event_handler.log_command:Invoking command in '/home/subbu/slam_ws/build/ov_eval': AMENT_PREFIX_PATH=/home/subbu/slam_ws/install/ov_core:${AMENT_PREFIX_PATH} CMAKE_PREFIX_PATH=/home/subbu/slam_ws/install/ov_core:/opt/ros/humble LD_LIBRARY_PATH=/home/subbu/slam_ws/install/ov_core/lib:${LD_LIBRARY_PATH} /usr/bin/cmake --build /home/subbu/slam_ws/build/ov_eval -- -j8 -l8
[3.130s] DEBUG:colcon.colcon_core.event_handler.log_command:Invoked command in '/home/subbu/slam_ws/build/ov_init' returned '0': AMENT_PREFIX_PATH=/home/subbu/slam_ws/install/ov_core:${AMENT_PREFIX_PATH} CMAKE_PREFIX_PATH=/home/subbu/slam_ws/install/ov_core:/opt/ros/humble LD_LIBRARY_PATH=/home/subbu/slam_ws/install/ov_core/lib:${LD_LIBRARY_PATH} /usr/bin/cmake /home/subbu/slam_ws/src/open_vins/ov_init -DAMENT_CMAKE_SYMLINK_INSTALL=1 -DCMAKE_INSTALL_PREFIX=/home/subbu/slam_ws/install/ov_init
[3.133s] DEBUG:colcon.colcon_core.event_handler.log_command:Invoking command in '/home/subbu/slam_ws/build/ov_init': AMENT_PREFIX_PATH=/home/subbu/slam_ws/install/ov_core:${AMENT_PREFIX_PATH} CMAKE_PREFIX_PATH=/home/subbu/slam_ws/install/ov_core:/opt/ros/humble LD_LIBRARY_PATH=/home/subbu/slam_ws/install/ov_core/lib:${LD_LIBRARY_PATH} /usr/bin/cmake --build /home/subbu/slam_ws/build/ov_init -- -j8 -l8
[3.329s] DEBUG:colcon.colcon_core.event_handler.log_command:Invoked command in '/home/subbu/slam_ws/build/challenge_tools_ros' returned '0': CMAKE_PREFIX_PATH=/opt/ros/humble /usr/bin/cmake /home/subbu/slam_ws/src/hilti-trimble-slam-challenge-2026 -DAMENT_CMAKE_SYMLINK_INSTALL=1 -DCMAKE_INSTALL_PREFIX=/home/subbu/slam_ws/install/challenge_tools_ros
[3.334s] DEBUG:colcon.colcon_core.event_handler.log_command:Invoking command in '/home/subbu/slam_ws/build/challenge_tools_ros': CMAKE_PREFIX_PATH=/opt/ros/humble /usr/bin/cmake --build /home/subbu/slam_ws/build/challenge_tools_ros -- -j8 -l8
[3.363s] DEBUG:colcon.colcon_core.event_handler.log_command:Invoked command in '/home/subbu/slam_ws/build/ov_eval' returned '0': AMENT_PREFIX_PATH=/home/subbu/slam_ws/install/ov_core:${AMENT_PREFIX_PATH} CMAKE_PREFIX_PATH=/home/subbu/slam_ws/install/ov_core:/opt/ros/humble LD_LIBRARY_PATH=/home/subbu/slam_ws/install/ov_core/lib:${LD_LIBRARY_PATH} /usr/bin/cmake --build /home/subbu/slam_ws/build/ov_eval -- -j8 -l8
[3.366s] DEBUG:colcon.colcon_core.event_handler.log_command:Invoking command in '/home/subbu/slam_ws/build/ov_eval': AMENT_PREFIX_PATH=/home/subbu/slam_ws/install/ov_core:${AMENT_PREFIX_PATH} CMAKE_PREFIX_PATH=/home/subbu/slam_ws/install/ov_core:/opt/ros/humble LD_LIBRARY_PATH=/home/subbu/slam_ws/install/ov_core/lib:${LD_LIBRARY_PATH} /usr/bin/cmake --install /home/subbu/slam_ws/build/ov_eval
[3.430s] Level 1:colcon.colcon_core.environment:create_environment_scripts_only(ov_eval)
[3.431s] Level 1:colcon.colcon_core.environment:checking '/home/subbu/slam_ws/install/ov_eval' for CMake module files
[3.431s] DEBUG:colcon.colcon_core.event_handler.log_command:Invoked command in '/home/subbu/slam_ws/build/ov_eval' returned '0': AMENT_PREFIX_PATH=/home/subbu/slam_ws/install/ov_core:${AMENT_PREFIX_PATH} CMAKE_PREFIX_PATH=/home/subbu/slam_ws/install/ov_core:/opt/ros/humble LD_LIBRARY_PATH=/home/subbu/slam_ws/install/ov_core/lib:${LD_LIBRARY_PATH} /usr/bin/cmake --install /home/subbu/slam_ws/build/ov_eval
[3.434s] Level 1:colcon.colcon_core.environment:checking '/home/subbu/slam_ws/install/ov_eval' for CMake config files
[3.436s] Level 1:colcon.colcon_core.shell:create_environment_hook('ov_eval', 'cmake_prefix_path')
[3.437s] INFO:colcon.colcon_core.shell:Creating environment hook '/home/subbu/slam_ws/install/ov_eval/share/ov_eval/hook/cmake_prefix_path.ps1'
[3.438s] INFO:colcon.colcon_core.shell:Creating environment descriptor '/home/subbu/slam_ws/install/ov_eval/share/ov_eval/hook/cmake_prefix_path.dsv'
[3.438s] INFO:colcon.colcon_core.shell:Creating environment hook '/home/subbu/slam_ws/install/ov_eval/share/ov_eval/hook/cmake_prefix_path.sh'
[3.439s] Level 1:colcon.colcon_core.environment:checking '/home/subbu/slam_ws/install/ov_eval/lib'
[3.439s] Level 1:colcon.colcon_core.shell:create_environment_hook('ov_eval', 'ld_library_path_lib')
[3.440s] INFO:colcon.colcon_core.shell:Creating environment hook '/home/subbu/slam_ws/install/ov_eval/share/ov_eval/hook/ld_library_path_lib.ps1'
[3.440s] INFO:colcon.colcon_core.shell:Creating environment descriptor '/home/subbu/slam_ws/install/ov_eval/share/ov_eval/hook/ld_library_path_lib.dsv'
[3.441s] INFO:colcon.colcon_core.shell:Creating environment hook '/home/subbu/slam_ws/install/ov_eval/share/ov_eval/hook/ld_library_path_lib.sh'
[3.442s] Level 1:colcon.colcon_core.environment:checking '/home/subbu/slam_ws/install/ov_eval/bin'
[3.442s] Level 1:colcon.colcon_core.environment:checking '/home/subbu/slam_ws/install/ov_eval/lib/pkgconfig/ov_eval.pc'
[3.443s] Level 1:colcon.colcon_core.environment:checking '/home/subbu/slam_ws/install/ov_eval/lib/python3.10/site-packages'
[3.443s] Level 1:colcon.colcon_core.environment:checking '/home/subbu/slam_ws/install/ov_eval/bin'
[3.444s] INFO:colcon.colcon_core.shell:Creating package script '/home/subbu/slam_ws/install/ov_eval/share/ov_eval/package.ps1'
[3.445s] INFO:colcon.colcon_core.shell:Creating package descriptor '/home/subbu/slam_ws/install/ov_eval/share/ov_eval/package.dsv'
[3.445s] INFO:colcon.colcon_core.shell:Creating package script '/home/subbu/slam_ws/install/ov_eval/share/ov_eval/package.sh'
[3.446s] INFO:colcon.colcon_core.shell:Creating package script '/home/subbu/slam_ws/install/ov_eval/share/ov_eval/package.bash'
[3.447s] INFO:colcon.colcon_core.shell:Creating package script '/home/subbu/slam_ws/install/ov_eval/share/ov_eval/package.zsh'
[3.447s] Level 1:colcon.colcon_core.environment:create_file_with_runtime_dependencies(/home/subbu/slam_ws/install/ov_eval/share/colcon-core/packages/ov_eval)
[3.449s] Level 1:colcon.colcon_core.environment:create_environment_scripts_only(ov_eval)
[3.449s] Level 1:colcon.colcon_core.environment:checking '/home/subbu/slam_ws/install/ov_eval' for CMake module files
[3.450s] Level 1:colcon.colcon_core.environment:checking '/home/subbu/slam_ws/install/ov_eval' for CMake config files
[3.451s] Level 1:colcon.colcon_core.shell:create_environment_hook('ov_eval', 'cmake_prefix_path')
[3.452s] INFO:colcon.colcon_core.shell:Creating environment hook '/home/subbu/slam_ws/install/ov_eval/share/ov_eval/hook/cmake_prefix_path.ps1'
[3.453s] INFO:colcon.colcon_core.shell:Creating environment descriptor '/home/subbu/slam_ws/install/ov_eval/share/ov_eval/hook/cmake_prefix_path.dsv'
[3.453s] INFO:colcon.colcon_core.shell:Creating environment hook '/home/subbu/slam_ws/install/ov_eval/share/ov_eval/hook/cmake_prefix_path.sh'
[3.454s] Level 1:colcon.colcon_core.environment:checking '/home/subbu/slam_ws/install/ov_eval/lib'
[3.454s] Level 1:colcon.colcon_core.shell:create_environment_hook('ov_eval', 'ld_library_path_lib')
[3.455s] INFO:colcon.colcon_core.shell:Creating environment hook '/home/subbu/slam_ws/install/ov_eval/share/ov_eval/hook/ld_library_path_lib.ps1'
[3.456s] INFO:colcon.colcon_core.shell:Creating environment descriptor '/home/subbu/slam_ws/install/ov_eval/share/ov_eval/hook/ld_library_path_lib.dsv'
[3.456s] INFO:colcon.colcon_core.shell:Creating environment hook '/home/subbu/slam_ws/install/ov_eval/share/ov_eval/hook/ld_library_path_lib.sh'
[3.457s] Level 1:colcon.colcon_core.environment:checking '/home/subbu/slam_ws/install/ov_eval/bin'
[3.457s] Level 1:colcon.colcon_core.environment:checking '/home/subbu/slam_ws/install/ov_eval/lib/pkgconfig/ov_eval.pc'
[3.457s] Level 1:colcon.colcon_core.environment:checking '/home/subbu/slam_ws/install/ov_eval/lib/python3.10/site-packages'
[3.458s] Level 1:colcon.colcon_core.environment:checking '/home/subbu/slam_ws/install/ov_eval/bin'
[3.458s] INFO:colcon.colcon_core.shell:Creating package script '/home/subbu/slam_ws/install/ov_eval/share/ov_eval/package.ps1'
[3.459s] INFO:colcon.colcon_core.shell:Creating package descriptor '/home/subbu/slam_ws/install/ov_eval/share/ov_eval/package.dsv'
[3.460s] INFO:colcon.colcon_core.shell:Creating package script '/home/subbu/slam_ws/install/ov_eval/share/ov_eval/package.sh'
[3.461s] INFO:colcon.colcon_core.shell:Creating package script '/home/subbu/slam_ws/install/ov_eval/share/ov_eval/package.bash'
[3.461s] INFO:colcon.colcon_core.shell:Creating package script '/home/subbu/slam_ws/install/ov_eval/share/ov_eval/package.zsh'
[3.462s] Level 1:colcon.colcon_core.environment:create_file_with_runtime_dependencies(/home/subbu/slam_ws/install/ov_eval/share/colcon-core/packages/ov_eval)
[3.466s] DEBUG:colcon.colcon_core.event_handler.log_command:Invoked command in '/home/subbu/slam_ws/build/ov_init' returned '0': AMENT_PREFIX_PATH=/home/subbu/slam_ws/install/ov_core:${AMENT_PREFIX_PATH} CMAKE_PREFIX_PATH=/home/subbu/slam_ws/install/ov_core:/opt/ros/humble LD_LIBRARY_PATH=/home/subbu/slam_ws/install/ov_core/lib:${LD_LIBRARY_PATH} /usr/bin/cmake --build /home/subbu/slam_ws/build/ov_init -- -j8 -l8
[3.469s] DEBUG:colcon.colcon_core.event_handler.log_command:Invoking command in '/home/subbu/slam_ws/build/ov_init': AMENT_PREFIX_PATH=/home/subbu/slam_ws/install/ov_core:${AMENT_PREFIX_PATH} CMAKE_PREFIX_PATH=/home/subbu/slam_ws/install/ov_core:/opt/ros/humble LD_LIBRARY_PATH=/home/subbu/slam_ws/install/ov_core/lib:${LD_LIBRARY_PATH} /usr/bin/cmake --install /home/subbu/slam_ws/build/ov_init
[3.518s] Level 1:colcon.colcon_core.environment:create_environment_scripts_only(ov_init)
[3.518s] DEBUG:colcon.colcon_core.event_handler.log_command:Invoked command in '/home/subbu/slam_ws/build/ov_init' returned '0': AMENT_PREFIX_PATH=/home/subbu/slam_ws/install/ov_core:${AMENT_PREFIX_PATH} CMAKE_PREFIX_PATH=/home/subbu/slam_ws/install/ov_core:/opt/ros/humble LD_LIBRARY_PATH=/home/subbu/slam_ws/install/ov_core/lib:${LD_LIBRARY_PATH} /usr/bin/cmake --install /home/subbu/slam_ws/build/ov_init
[3.519s] Level 1:colcon.colcon_core.environment:checking '/home/subbu/slam_ws/install/ov_init' for CMake module files
[3.520s] Level 1:colcon.colcon_core.environment:checking '/home/subbu/slam_ws/install/ov_init' for CMake config files
[3.521s] Level 1:colcon.colcon_core.shell:create_environment_hook('ov_init', 'cmake_prefix_path')
[3.522s] INFO:colcon.colcon_core.shell:Creating environment hook '/home/subbu/slam_ws/install/ov_init/share/ov_init/hook/cmake_prefix_path.ps1'
[3.523s] INFO:colcon.colcon_core.shell:Creating environment descriptor '/home/subbu/slam_ws/install/ov_init/share/ov_init/hook/cmake_prefix_path.dsv'
[3.523s] INFO:colcon.colcon_core.shell:Creating environment hook '/home/subbu/slam_ws/install/ov_init/share/ov_init/hook/cmake_prefix_path.sh'
[3.525s] Level 1:colcon.colcon_core.environment:checking '/home/subbu/slam_ws/install/ov_init/lib'
[3.525s] Level 1:colcon.colcon_core.shell:create_environment_hook('ov_init', 'ld_library_path_lib')
[3.525s] INFO:colcon.colcon_core.shell:Creating environment hook '/home/subbu/slam_ws/install/ov_init/share/ov_init/hook/ld_library_path_lib.ps1'
[3.525s] INFO:colcon.colcon_core.shell:Creating environment descriptor '/home/subbu/slam_ws/install/ov_init/share/ov_init/hook/ld_library_path_lib.dsv'
[3.526s] INFO:colcon.colcon_core.shell:Creating environment hook '/home/subbu/slam_ws/install/ov_init/share/ov_init/hook/ld_library_path_lib.sh'
[3.527s] Level 1:colcon.colcon_core.environment:checking '/home/subbu/slam_ws/install/ov_init/bin'
[3.527s] Level 1:colcon.colcon_core.environment:checking '/home/subbu/slam_ws/install/ov_init/lib/pkgconfig/ov_init.pc'
[3.527s] Level 1:colcon.colcon_core.environment:checking '/home/subbu/slam_ws/install/ov_init/lib/python3.10/site-packages'
[3.528s] Level 1:colcon.colcon_core.environment:checking '/home/subbu/slam_ws/install/ov_init/bin'
[3.528s] INFO:colcon.colcon_core.shell:Creating package script '/home/subbu/slam_ws/install/ov_init/share/ov_init/package.ps1'
[3.529s] INFO:colcon.colcon_core.shell:Creating package descriptor '/home/subbu/slam_ws/install/ov_init/share/ov_init/package.dsv'
[3.530s] INFO:colcon.colcon_core.shell:Creating package script '/home/subbu/slam_ws/install/ov_init/share/ov_init/package.sh'
[3.530s] INFO:colcon.colcon_core.shell:Creating package script '/home/subbu/slam_ws/install/ov_init/share/ov_init/package.bash'
[3.531s] INFO:colcon.colcon_core.shell:Creating package script '/home/subbu/slam_ws/install/ov_init/share/ov_init/package.zsh'
[3.531s] Level 1:colcon.colcon_core.environment:create_file_with_runtime_dependencies(/home/subbu/slam_ws/install/ov_init/share/colcon-core/packages/ov_init)
[3.532s] Level 1:colcon.colcon_core.environment:create_environment_scripts_only(ov_init)
[3.533s] Level 1:colcon.colcon_core.environment:checking '/home/subbu/slam_ws/install/ov_init' for CMake module files
[3.533s] Level 1:colcon.colcon_core.environment:checking '/home/subbu/slam_ws/install/ov_init' for CMake config files
[3.534s] Level 1:colcon.colcon_core.shell:create_environment_hook('ov_init', 'cmake_prefix_path')
[3.535s] INFO:colcon.colcon_core.shell:Creating environment hook '/home/subbu/slam_ws/install/ov_init/share/ov_init/hook/cmake_prefix_path.ps1'
[3.536s] INFO:colcon.colcon_core.shell:Creating environment descriptor '/home/subbu/slam_ws/install/ov_init/share/ov_init/hook/cmake_prefix_path.dsv'
[3.536s] INFO:colcon.colcon_core.shell:Creating environment hook '/home/subbu/slam_ws/install/ov_init/share/ov_init/hook/cmake_prefix_path.sh'
[3.537s] Level 1:colcon.colcon_core.environment:checking '/home/subbu/slam_ws/install/ov_init/lib'
[3.537s] Level 1:colcon.colcon_core.shell:create_environment_hook('ov_init', 'ld_library_path_lib')
[3.538s] INFO:colcon.colcon_core.shell:Creating environment hook '/home/subbu/slam_ws/install/ov_init/share/ov_init/hook/ld_library_path_lib.ps1'
[3.538s] INFO:colcon.colcon_core.shell:Creating environment descriptor '/home/subbu/slam_ws/install/ov_init/share/ov_init/hook/ld_library_path_lib.dsv'
[3.539s] INFO:colcon.colcon_core.shell:Creating environment hook '/home/subbu/slam_ws/install/ov_init/share/ov_init/hook/ld_library_path_lib.sh'
[3.539s] Level 1:colcon.colcon_core.environment:checking '/home/subbu/slam_ws/install/ov_init/bin'
[3.540s] Level 1:colcon.colcon_core.environment:checking '/home/subbu/slam_ws/install/ov_init/lib/pkgconfig/ov_init.pc'
[3.540s] Level 1:colcon.colcon_core.environment:checking '/home/subbu/slam_ws/install/ov_init/lib/python3.10/site-packages'
[3.541s] Level 1:colcon.colcon_core.environment:checking '/home/subbu/slam_ws/install/ov_init/bin'
[3.541s] INFO:colcon.colcon_core.shell:Creating package script '/home/subbu/slam_ws/install/ov_init/share/ov_init/package.ps1'
[3.542s] INFO:colcon.colcon_core.shell:Creating package descriptor '/home/subbu/slam_ws/install/ov_init/share/ov_init/package.dsv'
[3.542s] INFO:colcon.colcon_core.shell:Creating package script '/home/subbu/slam_ws/install/ov_init/share/ov_init/package.sh'
[3.543s] INFO:colcon.colcon_core.shell:Creating package script '/home/subbu/slam_ws/install/ov_init/share/ov_init/package.bash'
[3.544s] INFO:colcon.colcon_core.shell:Creating package script '/home/subbu/slam_ws/install/ov_init/share/ov_init/package.zsh'
[3.544s] Level 1:colcon.colcon_core.environment:create_file_with_runtime_dependencies(/home/subbu/slam_ws/install/ov_init/share/colcon-core/packages/ov_init)
[3.545s] INFO:colcon.colcon_ros.task.ament_cmake.build:Building ROS package in '/home/subbu/slam_ws/src/open_vins/ov_msckf' with build type 'ament_cmake'
[3.545s] INFO:colcon.colcon_cmake.task.cmake.build:Building CMake package in '/home/subbu/slam_ws/src/open_vins/ov_msckf'
[3.545s] INFO:colcon.colcon_core.shell:Skip shell extension 'powershell' for command environment: Not usable outside of PowerShell
[3.545s] DEBUG:colcon.colcon_core.shell:Skip shell extension 'dsv' for command environment
[3.566s] DEBUG:colcon.colcon_core.event_handler.log_command:Invoking command in '/home/subbu/slam_ws/build/ov_msckf': AMENT_PREFIX_PATH=/home/subbu/slam_ws/install/ov_init:/home/subbu/slam_ws/install/ov_core:${AMENT_PREFIX_PATH} CMAKE_PREFIX_PATH=/home/subbu/slam_ws/install/ov_init:/home/subbu/slam_ws/install/ov_core:/opt/ros/humble LD_LIBRARY_PATH=/home/subbu/slam_ws/install/ov_init/lib:/home/subbu/slam_ws/install/ov_core/lib:${LD_LIBRARY_PATH} /usr/bin/cmake /home/subbu/slam_ws/src/open_vins/ov_msckf -DAMENT_CMAKE_SYMLINK_INSTALL=1 -DCMAKE_INSTALL_PREFIX=/home/subbu/slam_ws/install/ov_msckf
[3.892s] DEBUG:colcon.colcon_core.event_handler.log_command:Invoked command in '/home/subbu/slam_ws/build/challenge_tools_ros' returned '0': CMAKE_PREFIX_PATH=/opt/ros/humble /usr/bin/cmake --build /home/subbu/slam_ws/build/challenge_tools_ros -- -j8 -l8
[3.895s] DEBUG:colcon.colcon_core.event_handler.log_command:Invoking command in '/home/subbu/slam_ws/build/challenge_tools_ros': CMAKE_PREFIX_PATH=/opt/ros/humble /usr/bin/cmake --install /home/subbu/slam_ws/build/challenge_tools_ros
[3.996s] Level 1:colcon.colcon_core.environment:create_environment_scripts_only(challenge_tools_ros)
[3.997s] Level 1:colcon.colcon_core.environment:checking '/home/subbu/slam_ws/install/challenge_tools_ros' for CMake module files
[3.998s] DEBUG:colcon.colcon_core.event_handler.log_command:Invoked command in '/home/subbu/slam_ws/build/challenge_tools_ros' returned '0': CMAKE_PREFIX_PATH=/opt/ros/humble /usr/bin/cmake --install /home/subbu/slam_ws/build/challenge_tools_ros
[3.999s] Level 1:colcon.colcon_core.environment:checking '/home/subbu/slam_ws/install/challenge_tools_ros' for CMake config files
[4.000s] Level 1:colcon.colcon_core.shell:create_environment_hook('challenge_tools_ros', 'cmake_prefix_path')
[4.001s] INFO:colcon.colcon_core.shell:Creating environment hook '/home/subbu/slam_ws/install/challenge_tools_ros/share/challenge_tools_ros/hook/cmake_prefix_path.ps1'
[4.001s] INFO:colcon.colcon_core.shell:Creating environment descriptor '/home/subbu/slam_ws/install/challenge_tools_ros/share/challenge_tools_ros/hook/cmake_prefix_path.dsv'
[4.002s] INFO:colcon.colcon_core.shell:Creating environment hook '/home/subbu/slam_ws/install/challenge_tools_ros/share/challenge_tools_ros/hook/cmake_prefix_path.sh'
[4.003s] Level 1:colcon.colcon_core.environment:checking '/home/subbu/slam_ws/install/challenge_tools_ros/lib'
[4.003s] Level 1:colcon.colcon_core.environment:checking '/home/subbu/slam_ws/install/challenge_tools_ros/bin'
[4.003s] Level 1:colcon.colcon_core.environment:checking '/home/subbu/slam_ws/install/challenge_tools_ros/lib/pkgconfig/challenge_tools_ros.pc'
[4.003s] Level 1:colcon.colcon_core.environment:checking '/home/subbu/slam_ws/install/challenge_tools_ros/lib/python3.10/site-packages'
[4.004s] Level 1:colcon.colcon_core.environment:checking '/home/subbu/slam_ws/install/challenge_tools_ros/bin'
[4.004s] INFO:colcon.colcon_core.shell:Creating package script '/home/subbu/slam_ws/install/challenge_tools_ros/share/challenge_tools_ros/package.ps1'
[4.005s] INFO:colcon.colcon_core.shell:Creating package descriptor '/home/subbu/slam_ws/install/challenge_tools_ros/share/challenge_tools_ros/package.dsv'
[4.005s] INFO:colcon.colcon_core.shell:Creating package script '/home/subbu/slam_ws/install/challenge_tools_ros/share/challenge_tools_ros/package.sh'
[4.006s] INFO:colcon.colcon_core.shell:Creating package script '/home/subbu/slam_ws/install/challenge_tools_ros/share/challenge_tools_ros/package.bash'
[4.007s] INFO:colcon.colcon_core.shell:Creating package script '/home/subbu/slam_ws/install/challenge_tools_ros/share/challenge_tools_ros/package.zsh'
[4.008s] Level 1:colcon.colcon_core.environment:create_file_with_runtime_dependencies(/home/subbu/slam_ws/install/challenge_tools_ros/share/colcon-core/packages/challenge_tools_ros)
[4.009s] Level 1:colcon.colcon_core.environment:create_environment_scripts_only(challenge_tools_ros)
[4.009s] Level 1:colcon.colcon_core.environment:checking '/home/subbu/slam_ws/install/challenge_tools_ros' for CMake module files
[4.010s] Level 1:colcon.colcon_core.environment:checking '/home/subbu/slam_ws/install/challenge_tools_ros' for CMake config files
[4.011s] Level 1:colcon.colcon_core.shell:create_environment_hook('challenge_tools_ros', 'cmake_prefix_path')
[4.011s] INFO:colcon.colcon_core.shell:Creating environment hook '/home/subbu/slam_ws/install/challenge_tools_ros/share/challenge_tools_ros/hook/cmake_prefix_path.ps1'
[4.012s] INFO:colcon.colcon_core.shell:Creating environment descriptor '/home/subbu/slam_ws/install/challenge_tools_ros/share/challenge_tools_ros/hook/cmake_prefix_path.dsv'
[4.012s] INFO:colcon.colcon_core.shell:Creating environment hook '/home/subbu/slam_ws/install/challenge_tools_ros/share/challenge_tools_ros/hook/cmake_prefix_path.sh'
[4.013s] Level 1:colcon.colcon_core.environment:checking '/home/subbu/slam_ws/install/challenge_tools_ros/lib'
[4.013s] Level 1:colcon.colcon_core.environment:checking '/home/subbu/slam_ws/install/challenge_tools_ros/bin'
[4.013s] Level 1:colcon.colcon_core.environment:checking '/home/subbu/slam_ws/install/challenge_tools_ros/lib/pkgconfig/challenge_tools_ros.pc'
[4.013s] Level 1:colcon.colcon_core.environment:checking '/home/subbu/slam_ws/install/challenge_tools_ros/lib/python3.10/site-packages'
[4.014s] Level 1:colcon.colcon_core.environment:checking '/home/subbu/slam_ws/install/challenge_tools_ros/bin'
[4.014s] INFO:colcon.colcon_core.shell:Creating package script '/home/subbu/slam_ws/install/challenge_tools_ros/share/challenge_tools_ros/package.ps1'
[4.015s] INFO:colcon.colcon_core.shell:Creating package descriptor '/home/subbu/slam_ws/install/challenge_tools_ros/share/challenge_tools_ros/package.dsv'
[4.016s] INFO:colcon.colcon_core.shell:Creating package script '/home/subbu/slam_ws/install/challenge_tools_ros/share/challenge_tools_ros/package.sh'
[4.016s] INFO:colcon.colcon_core.shell:Creating package script '/home/subbu/slam_ws/install/challenge_tools_ros/share/challenge_tools_ros/package.bash'
[4.017s] INFO:colcon.colcon_core.shell:Creating package script '/home/subbu/slam_ws/install/challenge_tools_ros/share/challenge_tools_ros/package.zsh'
[4.017s] Level 1:colcon.colcon_core.environment:create_file_with_runtime_dependencies(/home/subbu/slam_ws/install/challenge_tools_ros/share/colcon-core/packages/challenge_tools_ros)
[4.682s] DEBUG:colcon.colcon_core.event_handler.log_command:Invoked command in '/home/subbu/slam_ws/build/ov_msckf' returned '0': AMENT_PREFIX_PATH=/home/subbu/slam_ws/install/ov_init:/home/subbu/slam_ws/install/ov_core:${AMENT_PREFIX_PATH} CMAKE_PREFIX_PATH=/home/subbu/slam_ws/install/ov_init:/home/subbu/slam_ws/install/ov_core:/opt/ros/humble LD_LIBRARY_PATH=/home/subbu/slam_ws/install/ov_init/lib:/home/subbu/slam_ws/install/ov_core/lib:${LD_LIBRARY_PATH} /usr/bin/cmake /home/subbu/slam_ws/src/open_vins/ov_msckf -DAMENT_CMAKE_SYMLINK_INSTALL=1 -DCMAKE_INSTALL_PREFIX=/home/subbu/slam_ws/install/ov_msckf
[4.685s] DEBUG:colcon.colcon_core.event_handler.log_command:Invoking command in '/home/subbu/slam_ws/build/ov_msckf': AMENT_PREFIX_PATH=/home/subbu/slam_ws/install/ov_init:/home/subbu/slam_ws/install/ov_core:${AMENT_PREFIX_PATH} CMAKE_PREFIX_PATH=/home/subbu/slam_ws/install/ov_init:/home/subbu/slam_ws/install/ov_core:/opt/ros/humble LD_LIBRARY_PATH=/home/subbu/slam_ws/install/ov_init/lib:/home/subbu/slam_ws/install/ov_core/lib:${LD_LIBRARY_PATH} /usr/bin/cmake --build /home/subbu/slam_ws/build/ov_msckf -- -j8 -l8
[28.448s] DEBUG:colcon.colcon_parallel_executor.executor.parallel:closing loop
[28.525s] DEBUG:colcon.colcon_parallel_executor.executor.parallel:loop closed
[28.530s] DEBUG:colcon.colcon_core.event_reactor:joining thread
[28.717s] INFO:colcon.colcon_core.plugin_system:Skipping extension 'colcon_notification.desktop_notification.terminal_notifier': Not used on non-Darwin systems
[28.717s] INFO:colcon.colcon_core.plugin_system:Skipping extension 'colcon_notification.desktop_notification.win32': Not used on non-Windows systems
[28.717s] INFO:colcon.colcon_notification.desktop_notification:Sending desktop notification using 'notify2'
[29.155s] DEBUG:colcon.colcon_core.event_reactor:joined thread
