[0.299s] DEBUG:colcon:Command line arguments: ['/usr/bin/colcon', 'build', '--symlink-install']
[0.299s] DEBUG:colcon:Parsed command line arguments: Namespace(log_base=None, log_level=None, verb_name='build', build_base='build', install_base='install', merge_install=False, symlink_install=True, test_result_base=None, continue_on_error=False, executor='parallel', parallel_workers=8, event_handlers=None, ignore_user_meta=False, metas=['./colcon.meta'], base_paths=['.'], packages_ignore=None, packages_ignore_regex=None, paths=None, packages_up_to=None, packages_up_to_regex=None, packages_above=None, packages_above_and_dependencies=None, packages_above_depth=None, packages_select_by_dep=None, packages_skip_by_dep=None, packages_skip_up_to=None, packages_select_build_failed=False, packages_skip_build_finished=False, packages_select_test_failures=False, packages_skip_test_passed=False, packages_select=None, packages_skip=None, packages_select_regex=None, packages_skip_regex=None, packages_start=None, packages_end=None, allow_overriding=[], cmake_args=None, cmake_target=None, cmake_target_skip_unavailable=False, cmake_clean_cache=False, cmake_clean_first=False, cmake_force_configure=False, ament_cmake_args=None, catkin_cmake_args=None, catkin_skip_building_tests=False, mixin_files=None, mixin=None, verb_parser=<colcon_mixin.mixin.mixin_argument.MixinArgumentDecorator object at 0x796ce6d74eb0>, verb_extension=<colcon_core.verb.build.BuildVerb object at 0x796ce6d74880>, main=<bound method BuildVerb.main of <colcon_core.verb.build.BuildVerb object at 0x796ce6d74880>>, mixin_verb=('build',))
[0.676s] Level 1:colcon.colcon_core.package_discovery:discover_packages(colcon_meta) check parameters
[0.676s] Level 1:colcon.colcon_core.package_discovery:discover_packages(recursive) check parameters
[0.676s] Level 1:colcon.colcon_core.package_discovery:discover_packages(ignore) check parameters
[0.676s] Level 1:colcon.colcon_core.package_discovery:discover_packages(path) check parameters
[0.676s] Level 1:colcon.colcon_core.package_discovery:discover_packages(colcon_meta) discover
[0.677s] Level 1:colcon.colcon_core.package_discovery:discover_packages(recursive) discover
[0.677s] INFO:colcon.colcon_core.package_discovery:Crawling recursively for packages in '/home/subbu/slam_ws'
[0.677s] Level 1:colcon.colcon_core.package_identification:_identify(.) by extensions ['ignore', 'ignore_ament_install']
[0.677s] Level 1:colcon.colcon_core.package_identification:_identify(.) by extension 'ignore'
[0.677s] Level 1:colcon.colcon_core.package_identification:_identify(.) by extension 'ignore_ament_install'
[0.677s] Level 1:colcon.colcon_core.package_identification:_identify(.) by extensions ['colcon_pkg']
[0.677s] Level 1:colcon.colcon_core.package_identification:_identify(.) by extension 'colcon_pkg'
[0.677s] Level 1:colcon.colcon_core.package_identification:_identify(.) by extensions ['colcon_meta']
[0.677s] Level 1:colcon.colcon_core.package_identification:_identify(.) by extension 'colcon_meta'
[0.677s] Level 1:colcon.colcon_core.package_identification:_identify(.) by extensions ['ros']
[0.677s] Level 1:colcon.colcon_core.package_identification:_identify(.) by extension 'ros'
[0.693s] Level 1:colcon.colcon_core.package_identification:_identify(.) by extensions ['cmake', 'python']
[0.693s] Level 1:colcon.colcon_core.package_identification:_identify(.) by extension 'cmake'
[0.693s] Level 1:colcon.colcon_core.package_identification:_identify(.) by extension 'python'
[0.693s] Level 1:colcon.colcon_core.package_identification:_identify(.) by extensions ['python_setup_py']
[0.693s] Level 1:colcon.colcon_core.package_identification:_identify(.) by extension 'python_setup_py'
[0.693s] Level 1:colcon.colcon_core.package_identification:_identify(build) by extensions ['ignore', 'ignore_ament_install']
[0.694s] Level 1:colcon.colcon_core.package_identification:_identify(build) by extension 'ignore'
[0.694s] Level 1:colcon.colcon_core.package_identification:_identify(build) ignored
[0.694s] Level 1:colcon.colcon_core.package_identification:_identify(install) by extensions ['ignore', 'ignore_ament_install']
[0.694s] Level 1:colcon.colcon_core.package_identification:_identify(install) by extension 'ignore'
[0.694s] Level 1:colcon.colcon_core.package_identification:_identify(install) ignored
[0.694s] Level 1:colcon.colcon_core.package_identification:_identify(log) by extensions ['ignore', 'ignore_ament_install']
[0.695s] Level 1:colcon.colcon_core.package_identification:_identify(log) by extension 'ignore'
[0.695s] Level 1:colcon.colcon_core.package_identification:_identify(log) ignored
[0.695s] Level 1:colcon.colcon_core.package_identification:_identify(src) by extensions ['ignore', 'ignore_ament_install']
[0.695s] Level 1:colcon.colcon_core.package_identification:_identify(src) by extension 'ignore'
[0.695s] Level 1:colcon.colcon_core.package_identification:_identify(src) by extension 'ignore_ament_install'
[0.695s] Level 1:colcon.colcon_core.package_identification:_identify(src) by extensions ['colcon_pkg']
[0.695s] Level 1:colcon.colcon_core.package_identification:_identify(src) by extension 'colcon_pkg'
[0.695s] Level 1:colcon.colcon_core.package_identification:_identify(src) by extensions ['colcon_meta']
[0.695s] Level 1:colcon.colcon_core.package_identification:_identify(src) by extension 'colcon_meta'
[0.696s] Level 1:colcon.colcon_core.package_identification:_identify(src) by extensions ['ros']
[0.696s] Level 1:colcon.colcon_core.package_identification:_identify(src) by extension 'ros'
[0.696s] Level 1:colcon.colcon_core.package_identification:_identify(src) by extensions ['cmake', 'python']
[0.696s] Level 1:colcon.colcon_core.package_identification:_identify(src) by extension 'cmake'
[0.696s] Level 1:colcon.colcon_core.package_identification:_identify(src) by extension 'python'
[0.696s] Level 1:colcon.colcon_core.package_identification:_identify(src) by extensions ['python_setup_py']
[0.696s] Level 1:colcon.colcon_core.package_identification:_identify(src) by extension 'python_setup_py'
[0.696s] Level 1:colcon.colcon_core.package_identification:_identify(src/hilti-trimble-slam-challenge-2026) by extensions ['ignore', 'ignore_ament_install']
[0.697s] Level 1:colcon.colcon_core.package_identification:_identify(src/hilti-trimble-slam-challenge-2026) by extension 'ignore'
[0.697s] Level 1:colcon.colcon_core.package_identification:_identify(src/hilti-trimble-slam-challenge-2026) by extension 'ignore_ament_install'
[0.697s] Level 1:colcon.colcon_core.package_identification:_identify(src/hilti-trimble-slam-challenge-2026) by extensions ['colcon_pkg']
[0.697s] Level 1:colcon.colcon_core.package_identification:_identify(src/hilti-trimble-slam-challenge-2026) by extension 'colcon_pkg'
[0.697s] Level 1:colcon.colcon_core.package_identification:_identify(src/hilti-trimble-slam-challenge-2026) by extensions ['colcon_meta']
[0.697s] Level 1:colcon.colcon_core.package_identification:_identify(src/hilti-trimble-slam-challenge-2026) by extension 'colcon_meta'
[0.697s] Level 1:colcon.colcon_core.package_identification:_identify(src/hilti-trimble-slam-challenge-2026) by extensions ['ros']
[0.697s] Level 1:colcon.colcon_core.package_identification:_identify(src/hilti-trimble-slam-challenge-2026) by extension 'ros'
[0.702s] DEBUG:colcon.colcon_core.package_identification:Package 'src/hilti-trimble-slam-challenge-2026' with type 'ros.ament_cmake' and name 'challenge_tools_ros'
[0.702s] Level 1:colcon.colcon_core.package_identification:_identify(src/open_vins) by extensions ['ignore', 'ignore_ament_install']
[0.702s] Level 1:colcon.colcon_core.package_identification:_identify(src/open_vins) by extension 'ignore'
[0.702s] Level 1:colcon.colcon_core.package_identification:_identify(src/open_vins) by extension 'ignore_ament_install'
[0.702s] Level 1:colcon.colcon_core.package_identification:_identify(src/open_vins) by extensions ['colcon_pkg']
[0.703s] Level 1:colcon.colcon_core.package_identification:_identify(src/open_vins) by extension 'colcon_pkg'
[0.703s] Level 1:colcon.colcon_core.package_identification:_identify(src/open_vins) by extensions ['colcon_meta']
[0.703s] Level 1:colcon.colcon_core.package_identification:_identify(src/open_vins) by extension 'colcon_meta'
[0.703s] Level 1:colcon.colcon_core.package_identification:_identify(src/open_vins) by extensions ['ros']
[0.703s] Level 1:colcon.colcon_core.package_identification:_identify(src/open_vins) by extension 'ros'
[0.703s] Level 1:colcon.colcon_core.package_identification:_identify(src/open_vins) by extensions ['cmake', 'python']
[0.703s] Level 1:colcon.colcon_core.package_identification:_identify(src/open_vins) by extension 'cmake'
[0.703s] Level 1:colcon.colcon_core.package_identification:_identify(src/open_vins) by extension 'python'
[0.703s] Level 1:colcon.colcon_core.package_identification:_identify(src/open_vins) by extensions ['python_setup_py']
[0.703s] Level 1:colcon.colcon_core.package_identification:_identify(src/open_vins) by extension 'python_setup_py'
[0.704s] Level 1:colcon.colcon_core.package_identification:_identify(src/open_vins/config) by extensions ['ignore', 'ignore_ament_install']
[0.704s] Level 1:colcon.colcon_core.package_identification:_identify(src/open_vins/config) by extension 'ignore'
[0.704s] Level 1:colcon.colcon_core.package_identification:_identify(src/open_vins/config) by extension 'ignore_ament_install'
[0.704s] Level 1:colcon.colcon_core.package_identification:_identify(src/open_vins/config) by extensions ['colcon_pkg']
[0.704s] Level 1:colcon.colcon_core.package_identification:_identify(src/open_vins/config) by extension 'colcon_pkg'
[0.704s] Level 1:colcon.colcon_core.package_identification:_identify(src/open_vins/config) by extensions ['colcon_meta']
[0.704s] Level 1:colcon.colcon_core.package_identification:_identify(src/open_vins/config) by extension 'colcon_meta'
[0.704s] Level 1:colcon.colcon_core.package_identification:_identify(src/open_vins/config) by extensions ['ros']
[0.704s] Level 1:colcon.colcon_core.package_identification:_identify(src/open_vins/config) by extension 'ros'
[0.704s] Level 1:colcon.colcon_core.package_identification:_identify(src/open_vins/config) by extensions ['cmake', 'python']
[0.704s] Level 1:colcon.colcon_core.package_identification:_identify(src/open_vins/config) by extension 'cmake'
[0.704s] Level 1:colcon.colcon_core.package_identification:_identify(src/open_vins/config) by extension 'python'
[0.704s] Level 1:colcon.colcon_core.package_identification:_identify(src/open_vins/config) by extensions ['python_setup_py']
[0.704s] Level 1:colcon.colcon_core.package_identification:_identify(src/open_vins/config) by extension 'python_setup_py'
[0.705s] Level 1:colcon.colcon_core.package_identification:_identify(src/open_vins/config/euroc_mav) by extensions ['ignore', 'ignore_ament_install']
[0.705s] Level 1:colcon.colcon_core.package_identification:_identify(src/open_vins/config/euroc_mav) by extension 'ignore'
[0.705s] Level 1:colcon.colcon_core.package_identification:_identify(src/open_vins/config/euroc_mav) by extension 'ignore_ament_install'
[0.705s] Level 1:colcon.colcon_core.package_identification:_identify(src/open_vins/config/euroc_mav) by extensions ['colcon_pkg']
[0.705s] Level 1:colcon.colcon_core.package_identification:_identify(src/open_vins/config/euroc_mav) by extension 'colcon_pkg'
[0.705s] Level 1:colcon.colcon_core.package_identification:_identify(src/open_vins/config/euroc_mav) by extensions ['colcon_meta']
[0.705s] Level 1:colcon.colcon_core.package_identification:_identify(src/open_vins/config/euroc_mav) by extension 'colcon_meta'
[0.705s] Level 1:colcon.colcon_core.package_identification:_identify(src/open_vins/config/euroc_mav) by extensions ['ros']
[0.705s] Level 1:colcon.colcon_core.package_identification:_identify(src/open_vins/config/euroc_mav) by extension 'ros'
[0.705s] Level 1:colcon.colcon_core.package_identification:_identify(src/open_vins/config/euroc_mav) by extensions ['cmake', 'python']
[0.705s] Level 1:colcon.colcon_core.package_identification:_identify(src/open_vins/config/euroc_mav) by extension 'cmake'
[0.706s] Level 1:colcon.colcon_core.package_identification:_identify(src/open_vins/config/euroc_mav) by extension 'python'
[0.706s] Level 1:colcon.colcon_core.package_identification:_identify(src/open_vins/config/euroc_mav) by extensions ['python_setup_py']
[0.706s] Level 1:colcon.colcon_core.package_identification:_identify(src/open_vins/config/euroc_mav) by extension 'python_setup_py'
[0.706s] Level 1:colcon.colcon_core.package_identification:_identify(src/open_vins/config/kaist) by extensions ['ignore', 'ignore_ament_install']
[0.706s] Level 1:colcon.colcon_core.package_identification:_identify(src/open_vins/config/kaist) by extension 'ignore'
[0.706s] Level 1:colcon.colcon_core.package_identification:_identify(src/open_vins/config/kaist) by extension 'ignore_ament_install'
[0.706s] Level 1:colcon.colcon_core.package_identification:_identify(src/open_vins/config/kaist) by extensions ['colcon_pkg']
[0.706s] Level 1:colcon.colcon_core.package_identification:_identify(src/open_vins/config/kaist) by extension 'colcon_pkg'
[0.706s] Level 1:colcon.colcon_core.package_identification:_identify(src/open_vins/config/kaist) by extensions ['colcon_meta']
[0.706s] Level 1:colcon.colcon_core.package_identification:_identify(src/open_vins/config/kaist) by extension 'colcon_meta'
[0.706s] Level 1:colcon.colcon_core.package_identification:_identify(src/open_vins/config/kaist) by extensions ['ros']
[0.706s] Level 1:colcon.colcon_core.package_identification:_identify(src/open_vins/config/kaist) by extension 'ros'
[0.707s] Level 1:colcon.colcon_core.package_identification:_identify(src/open_vins/config/kaist) by extensions ['cmake', 'python']
[0.707s] Level 1:colcon.colcon_core.package_identification:_identify(src/open_vins/config/kaist) by extension 'cmake'
[0.707s] Level 1:colcon.colcon_core.package_identification:_identify(src/open_vins/config/kaist) by extension 'python'
[0.707s] Level 1:colcon.colcon_core.package_identification:_identify(src/open_vins/config/kaist) by extensions ['python_setup_py']
[0.707s] Level 1:colcon.colcon_core.package_identification:_identify(src/open_vins/config/kaist) by extension 'python_setup_py'
[0.707s] Level 1:colcon.colcon_core.package_identification:_identify(src/open_vins/config/kaist_vio) by extensions ['ignore', 'ignore_ament_install']
[0.707s] Level 1:colcon.colcon_core.package_identification:_identify(src/open_vins/config/kaist_vio) by extension 'ignore'
[0.707s] Level 1:colcon.colcon_core.package_identification:_identify(src/open_vins/config/kaist_vio) by extension 'ignore_ament_install'
[0.707s] Level 1:colcon.colcon_core.package_identification:_identify(src/open_vins/config/kaist_vio) by extensions ['colcon_pkg']
[0.707s] Level 1:colcon.colcon_core.package_identification:_identify(src/open_vins/config/kaist_vio) by extension 'colcon_pkg'
[0.707s] Level 1:colcon.colcon_core.package_identification:_identify(src/open_vins/config/kaist_vio) by extensions ['colcon_meta']
[0.707s] Level 1:colcon.colcon_core.package_identification:_identify(src/open_vins/config/kaist_vio) by extension 'colcon_meta'
[0.707s] Level 1:colcon.colcon_core.package_identification:_identify(src/open_vins/config/kaist_vio) by extensions ['ros']
[0.707s] Level 1:colcon.colcon_core.package_identification:_identify(src/open_vins/config/kaist_vio) by extension 'ros'
[0.708s] Level 1:colcon.colcon_core.package_identification:_identify(src/open_vins/config/kaist_vio) by extensions ['cmake', 'python']
[0.708s] Level 1:colcon.colcon_core.package_identification:_identify(src/open_vins/config/kaist_vio) by extension 'cmake'
[0.708s] Level 1:colcon.colcon_core.package_identification:_identify(src/open_vins/config/kaist_vio) by extension 'python'
[0.708s] Level 1:colcon.colcon_core.package_identification:_identify(src/open_vins/config/kaist_vio) by extensions ['python_setup_py']
[0.708s] Level 1:colcon.colcon_core.package_identification:_identify(src/open_vins/config/kaist_vio) by extension 'python_setup_py'
[0.708s] Level 1:colcon.colcon_core.package_identification:_identify(src/open_vins/config/rpng_aruco) by extensions ['ignore', 'ignore_ament_install']
[0.708s] Level 1:colcon.colcon_core.package_identification:_identify(src/open_vins/config/rpng_aruco) by extension 'ignore'
[0.708s] Level 1:colcon.colcon_core.package_identification:_identify(src/open_vins/config/rpng_aruco) by extension 'ignore_ament_install'
[0.708s] Level 1:colcon.colcon_core.package_identification:_identify(src/open_vins/config/rpng_aruco) by extensions ['colcon_pkg']
[0.708s] Level 1:colcon.colcon_core.package_identification:_identify(src/open_vins/config/rpng_aruco) by extension 'colcon_pkg'
[0.709s] Level 1:colcon.colcon_core.package_identification:_identify(src/open_vins/config/rpng_aruco) by extensions ['colcon_meta']
[0.709s] Level 1:colcon.colcon_core.package_identification:_identify(src/open_vins/config/rpng_aruco) by extension 'colcon_meta'
[0.709s] Level 1:colcon.colcon_core.package_identification:_identify(src/open_vins/config/rpng_aruco) by extensions ['ros']
[0.709s] Level 1:colcon.colcon_core.package_identification:_identify(src/open_vins/config/rpng_aruco) by extension 'ros'
[0.709s] Level 1:colcon.colcon_core.package_identification:_identify(src/open_vins/config/rpng_aruco) by extensions ['cmake', 'python']
[0.709s] Level 1:colcon.colcon_core.package_identification:_identify(src/open_vins/config/rpng_aruco) by extension 'cmake'
[0.709s] Level 1:colcon.colcon_core.package_identification:_identify(src/open_vins/config/rpng_aruco) by extension 'python'
[0.709s] Level 1:colcon.colcon_core.package_identification:_identify(src/open_vins/config/rpng_aruco) by extensions ['python_setup_py']
[0.709s] Level 1:colcon.colcon_core.package_identification:_identify(src/open_vins/config/rpng_aruco) by extension 'python_setup_py'
[0.709s] Level 1:colcon.colcon_core.package_identification:_identify(src/open_vins/config/rpng_ironsides) by extensions ['ignore', 'ignore_ament_install']
[0.709s] Level 1:colcon.colcon_core.package_identification:_identify(src/open_vins/config/rpng_ironsides) by extension 'ignore'
[0.710s] Level 1:colcon.colcon_core.package_identification:_identify(src/open_vins/config/rpng_ironsides) by extension 'ignore_ament_install'
[0.710s] Level 1:colcon.colcon_core.package_identification:_identify(src/open_vins/config/rpng_ironsides) by extensions ['colcon_pkg']
[0.710s] Level 1:colcon.colcon_core.package_identification:_identify(src/open_vins/config/rpng_ironsides) by extension 'colcon_pkg'
[0.710s] Level 1:colcon.colcon_core.package_identification:_identify(src/open_vins/config/rpng_ironsides) by extensions ['colcon_meta']
[0.710s] Level 1:colcon.colcon_core.package_identification:_identify(src/open_vins/config/rpng_ironsides) by extension 'colcon_meta'
[0.710s] Level 1:colcon.colcon_core.package_identification:_identify(src/open_vins/config/rpng_ironsides) by extensions ['ros']
[0.710s] Level 1:colcon.colcon_core.package_identification:_identify(src/open_vins/config/rpng_ironsides) by extension 'ros'
[0.710s] Level 1:colcon.colcon_core.package_identification:_identify(src/open_vins/config/rpng_ironsides) by extensions ['cmake', 'python']
[0.710s] Level 1:colcon.colcon_core.package_identification:_identify(src/open_vins/config/rpng_ironsides) by extension 'cmake'
[0.710s] Level 1:colcon.colcon_core.package_identification:_identify(src/open_vins/config/rpng_ironsides) by extension 'python'
[0.710s] Level 1:colcon.colcon_core.package_identification:_identify(src/open_vins/config/rpng_ironsides) by extensions ['python_setup_py']
[0.710s] Level 1:colcon.colcon_core.package_identification:_identify(src/open_vins/config/rpng_ironsides) by extension 'python_setup_py'
[0.710s] Level 1:colcon.colcon_core.package_identification:_identify(src/open_vins/config/rpng_plane) by extensions ['ignore', 'ignore_ament_install']
[0.711s] Level 1:colcon.colcon_core.package_identification:_identify(src/open_vins/config/rpng_plane) by extension 'ignore'
[0.711s] Level 1:colcon.colcon_core.package_identification:_identify(src/open_vins/config/rpng_plane) by extension 'ignore_ament_install'
[0.711s] Level 1:colcon.colcon_core.package_identification:_identify(src/open_vins/config/rpng_plane) by extensions ['colcon_pkg']
[0.711s] Level 1:colcon.colcon_core.package_identification:_identify(src/open_vins/config/rpng_plane) by extension 'colcon_pkg'
[0.711s] Level 1:colcon.colcon_core.package_identification:_identify(src/open_vins/config/rpng_plane) by extensions ['colcon_meta']
[0.711s] Level 1:colcon.colcon_core.package_identification:_identify(src/open_vins/config/rpng_plane) by extension 'colcon_meta'
[0.711s] Level 1:colcon.colcon_core.package_identification:_identify(src/open_vins/config/rpng_plane) by extensions ['ros']
[0.711s] Level 1:colcon.colcon_core.package_identification:_identify(src/open_vins/config/rpng_plane) by extension 'ros'
[0.711s] Level 1:colcon.colcon_core.package_identification:_identify(src/open_vins/config/rpng_plane) by extensions ['cmake', 'python']
[0.711s] Level 1:colcon.colcon_core.package_identification:_identify(src/open_vins/config/rpng_plane) by extension 'cmake'
[0.711s] Level 1:colcon.colcon_core.package_identification:_identify(src/open_vins/config/rpng_plane) by extension 'python'
[0.711s] Level 1:colcon.colcon_core.package_identification:_identify(src/open_vins/config/rpng_plane) by extensions ['python_setup_py']
[0.711s] Level 1:colcon.colcon_core.package_identification:_identify(src/open_vins/config/rpng_plane) by extension 'python_setup_py'
[0.712s] Level 1:colcon.colcon_core.package_identification:_identify(src/open_vins/config/rpng_sim) by extensions ['ignore', 'ignore_ament_install']
[0.712s] Level 1:colcon.colcon_core.package_identification:_identify(src/open_vins/config/rpng_sim) by extension 'ignore'
[0.712s] Level 1:colcon.colcon_core.package_identification:_identify(src/open_vins/config/rpng_sim) by extension 'ignore_ament_install'
[0.712s] Level 1:colcon.colcon_core.package_identification:_identify(src/open_vins/config/rpng_sim) by extensions ['colcon_pkg']
[0.712s] Level 1:colcon.colcon_core.package_identification:_identify(src/open_vins/config/rpng_sim) by extension 'colcon_pkg'
[0.712s] Level 1:colcon.colcon_core.package_identification:_identify(src/open_vins/config/rpng_sim) by extensions ['colcon_meta']
[0.712s] Level 1:colcon.colcon_core.package_identification:_identify(src/open_vins/config/rpng_sim) by extension 'colcon_meta'
[0.712s] Level 1:colcon.colcon_core.package_identification:_identify(src/open_vins/config/rpng_sim) by extensions ['ros']
[0.712s] Level 1:colcon.colcon_core.package_identification:_identify(src/open_vins/config/rpng_sim) by extension 'ros'
[0.712s] Level 1:colcon.colcon_core.package_identification:_identify(src/open_vins/config/rpng_sim) by extensions ['cmake', 'python']
[0.712s] Level 1:colcon.colcon_core.package_identification:_identify(src/open_vins/config/rpng_sim) by extension 'cmake'
[0.712s] Level 1:colcon.colcon_core.package_identification:_identify(src/open_vins/config/rpng_sim) by extension 'python'
[0.712s] Level 1:colcon.colcon_core.package_identification:_identify(src/open_vins/config/rpng_sim) by extensions ['python_setup_py']
[0.712s] Level 1:colcon.colcon_core.package_identification:_identify(src/open_vins/config/rpng_sim) by extension 'python_setup_py'
[0.713s] Level 1:colcon.colcon_core.package_identification:_identify(src/open_vins/config/rs_d455) by extensions ['ignore', 'ignore_ament_install']
[0.713s] Level 1:colcon.colcon_core.package_identification:_identify(src/open_vins/config/rs_d455) by extension 'ignore'
[0.713s] Level 1:colcon.colcon_core.package_identification:_identify(src/open_vins/config/rs_d455) by extension 'ignore_ament_install'
[0.713s] Level 1:colcon.colcon_core.package_identification:_identify(src/open_vins/config/rs_d455) by extensions ['colcon_pkg']
[0.713s] Level 1:colcon.colcon_core.package_identification:_identify(src/open_vins/config/rs_d455) by extension 'colcon_pkg'
[0.713s] Level 1:colcon.colcon_core.package_identification:_identify(src/open_vins/config/rs_d455) by extensions ['colcon_meta']
[0.713s] Level 1:colcon.colcon_core.package_identification:_identify(src/open_vins/config/rs_d455) by extension 'colcon_meta'
[0.713s] Level 1:colcon.colcon_core.package_identification:_identify(src/open_vins/config/rs_d455) by extensions ['ros']
[0.713s] Level 1:colcon.colcon_core.package_identification:_identify(src/open_vins/config/rs_d455) by extension 'ros'
[0.713s] Level 1:colcon.colcon_core.package_identification:_identify(src/open_vins/config/rs_d455) by extensions ['cmake', 'python']
[0.713s] Level 1:colcon.colcon_core.package_identification:_identify(src/open_vins/config/rs_d455) by extension 'cmake'
[0.713s] Level 1:colcon.colcon_core.package_identification:_identify(src/open_vins/config/rs_d455) by extension 'python'
[0.713s] Level 1:colcon.colcon_core.package_identification:_identify(src/open_vins/config/rs_d455) by extensions ['python_setup_py']
[0.714s] Level 1:colcon.colcon_core.package_identification:_identify(src/open_vins/config/rs_d455) by extension 'python_setup_py'
[0.714s] Level 1:colcon.colcon_core.package_identification:_identify(src/open_vins/config/rs_t265) by extensions ['ignore', 'ignore_ament_install']
[0.714s] Level 1:colcon.colcon_core.package_identification:_identify(src/open_vins/config/rs_t265) by extension 'ignore'
[0.714s] Level 1:colcon.colcon_core.package_identification:_identify(src/open_vins/config/rs_t265) by extension 'ignore_ament_install'
[0.714s] Level 1:colcon.colcon_core.package_identification:_identify(src/open_vins/config/rs_t265) by extensions ['colcon_pkg']
[0.714s] Level 1:colcon.colcon_core.package_identification:_identify(src/open_vins/config/rs_t265) by extension 'colcon_pkg'
[0.714s] Level 1:colcon.colcon_core.package_identification:_identify(src/open_vins/config/rs_t265) by extensions ['colcon_meta']
[0.714s] Level 1:colcon.colcon_core.package_identification:_identify(src/open_vins/config/rs_t265) by extension 'colcon_meta'
[0.714s] Level 1:colcon.colcon_core.package_identification:_identify(src/open_vins/config/rs_t265) by extensions ['ros']
[0.714s] Level 1:colcon.colcon_core.package_identification:_identify(src/open_vins/config/rs_t265) by extension 'ros'
[0.714s] Level 1:colcon.colcon_core.package_identification:_identify(src/open_vins/config/rs_t265) by extensions ['cmake', 'python']
[0.714s] Level 1:colcon.colcon_core.package_identification:_identify(src/open_vins/config/rs_t265) by extension 'cmake'
[0.714s] Level 1:colcon.colcon_core.package_identification:_identify(src/open_vins/config/rs_t265) by extension 'python'
[0.715s] Level 1:colcon.colcon_core.package_identification:_identify(src/open_vins/config/rs_t265) by extensions ['python_setup_py']
[0.715s] Level 1:colcon.colcon_core.package_identification:_identify(src/open_vins/config/rs_t265) by extension 'python_setup_py'
[0.715s] Level 1:colcon.colcon_core.package_identification:_identify(src/open_vins/config/tum_vi) by extensions ['ignore', 'ignore_ament_install']
[0.715s] Level 1:colcon.colcon_core.package_identification:_identify(src/open_vins/config/tum_vi) by extension 'ignore'
[0.715s] Level 1:colcon.colcon_core.package_identification:_identify(src/open_vins/config/tum_vi) by extension 'ignore_ament_install'
[0.715s] Level 1:colcon.colcon_core.package_identification:_identify(src/open_vins/config/tum_vi) by extensions ['colcon_pkg']
[0.715s] Level 1:colcon.colcon_core.package_identification:_identify(src/open_vins/config/tum_vi) by extension 'colcon_pkg'
[0.715s] Level 1:colcon.colcon_core.package_identification:_identify(src/open_vins/config/tum_vi) by extensions ['colcon_meta']
[0.715s] Level 1:colcon.colcon_core.package_identification:_identify(src/open_vins/config/tum_vi) by extension 'colcon_meta'
[0.715s] Level 1:colcon.colcon_core.package_identification:_identify(src/open_vins/config/tum_vi) by extensions ['ros']
[0.715s] Level 1:colcon.colcon_core.package_identification:_identify(src/open_vins/config/tum_vi) by extension 'ros'
[0.715s] Level 1:colcon.colcon_core.package_identification:_identify(src/open_vins/config/tum_vi) by extensions ['cmake', 'python']
[0.715s] Level 1:colcon.colcon_core.package_identification:_identify(src/open_vins/config/tum_vi) by extension 'cmake'
[0.716s] Level 1:colcon.colcon_core.package_identification:_identify(src/open_vins/config/tum_vi) by extension 'python'
[0.716s] Level 1:colcon.colcon_core.package_identification:_identify(src/open_vins/config/tum_vi) by extensions ['python_setup_py']
[0.716s] Level 1:colcon.colcon_core.package_identification:_identify(src/open_vins/config/tum_vi) by extension 'python_setup_py'
[0.716s] Level 1:colcon.colcon_core.package_identification:_identify(src/open_vins/config/uzhfpv_indoor) by extensions ['ignore', 'ignore_ament_install']
[0.716s] Level 1:colcon.colcon_core.package_identification:_identify(src/open_vins/config/uzhfpv_indoor) by extension 'ignore'
[0.716s] Level 1:colcon.colcon_core.package_identification:_identify(src/open_vins/config/uzhfpv_indoor) by extension 'ignore_ament_install'
[0.716s] Level 1:colcon.colcon_core.package_identification:_identify(src/open_vins/config/uzhfpv_indoor) by extensions ['colcon_pkg']
[0.716s] Level 1:colcon.colcon_core.package_identification:_identify(src/open_vins/config/uzhfpv_indoor) by extension 'colcon_pkg'
[0.716s] Level 1:colcon.colcon_core.package_identification:_identify(src/open_vins/config/uzhfpv_indoor) by extensions ['colcon_meta']
[0.716s] Level 1:colcon.colcon_core.package_identification:_identify(src/open_vins/config/uzhfpv_indoor) by extension 'colcon_meta'
[0.716s] Level 1:colcon.colcon_core.package_identification:_identify(src/open_vins/config/uzhfpv_indoor) by extensions ['ros']
[0.716s] Level 1:colcon.colcon_core.package_identification:_identify(src/open_vins/config/uzhfpv_indoor) by extension 'ros'
[0.717s] Level 1:colcon.colcon_core.package_identification:_identify(src/open_vins/config/uzhfpv_indoor) by extensions ['cmake', 'python']
[0.717s] Level 1:colcon.colcon_core.package_identification:_identify(src/open_vins/config/uzhfpv_indoor) by extension 'cmake'
[0.717s] Level 1:colcon.colcon_core.package_identification:_identify(src/open_vins/config/uzhfpv_indoor) by extension 'python'
[0.717s] Level 1:colcon.colcon_core.package_identification:_identify(src/open_vins/config/uzhfpv_indoor) by extensions ['python_setup_py']
[0.717s] Level 1:colcon.colcon_core.package_identification:_identify(src/open_vins/config/uzhfpv_indoor) by extension 'python_setup_py'
[0.717s] Level 1:colcon.colcon_core.package_identification:_identify(src/open_vins/config/uzhfpv_indoor_45) by extensions ['ignore', 'ignore_ament_install']
[0.717s] Level 1:colcon.colcon_core.package_identification:_identify(src/open_vins/config/uzhfpv_indoor_45) by extension 'ignore'
[0.717s] Level 1:colcon.colcon_core.package_identification:_identify(src/open_vins/config/uzhfpv_indoor_45) by extension 'ignore_ament_install'
[0.717s] Level 1:colcon.colcon_core.package_identification:_identify(src/open_vins/config/uzhfpv_indoor_45) by extensions ['colcon_pkg']
[0.717s] Level 1:colcon.colcon_core.package_identification:_identify(src/open_vins/config/uzhfpv_indoor_45) by extension 'colcon_pkg'
[0.717s] Level 1:colcon.colcon_core.package_identification:_identify(src/open_vins/config/uzhfpv_indoor_45) by extensions ['colcon_meta']
[0.717s] Level 1:colcon.colcon_core.package_identification:_identify(src/open_vins/config/uzhfpv_indoor_45) by extension 'colcon_meta'
[0.717s] Level 1:colcon.colcon_core.package_identification:_identify(src/open_vins/config/uzhfpv_indoor_45) by extensions ['ros']
[0.717s] Level 1:colcon.colcon_core.package_identification:_identify(src/open_vins/config/uzhfpv_indoor_45) by extension 'ros'
[0.718s] Level 1:colcon.colcon_core.package_identification:_identify(src/open_vins/config/uzhfpv_indoor_45) by extensions ['cmake', 'python']
[0.718s] Level 1:colcon.colcon_core.package_identification:_identify(src/open_vins/config/uzhfpv_indoor_45) by extension 'cmake'
[0.718s] Level 1:colcon.colcon_core.package_identification:_identify(src/open_vins/config/uzhfpv_indoor_45) by extension 'python'
[0.718s] Level 1:colcon.colcon_core.package_identification:_identify(src/open_vins/config/uzhfpv_indoor_45) by extensions ['python_setup_py']
[0.718s] Level 1:colcon.colcon_core.package_identification:_identify(src/open_vins/config/uzhfpv_indoor_45) by extension 'python_setup_py'
[0.718s] Level 1:colcon.colcon_core.package_identification:_identify(src/open_vins/config/uzhfpv_outdoor) by extensions ['ignore', 'ignore_ament_install']
[0.718s] Level 1:colcon.colcon_core.package_identification:_identify(src/open_vins/config/uzhfpv_outdoor) by extension 'ignore'
[0.718s] Level 1:colcon.colcon_core.package_identification:_identify(src/open_vins/config/uzhfpv_outdoor) by extension 'ignore_ament_install'
[0.718s] Level 1:colcon.colcon_core.package_identification:_identify(src/open_vins/config/uzhfpv_outdoor) by extensions ['colcon_pkg']
[0.718s] Level 1:colcon.colcon_core.package_identification:_identify(src/open_vins/config/uzhfpv_outdoor) by extension 'colcon_pkg'
[0.718s] Level 1:colcon.colcon_core.package_identification:_identify(src/open_vins/config/uzhfpv_outdoor) by extensions ['colcon_meta']
[0.718s] Level 1:colcon.colcon_core.package_identification:_identify(src/open_vins/config/uzhfpv_outdoor) by extension 'colcon_meta'
[0.718s] Level 1:colcon.colcon_core.package_identification:_identify(src/open_vins/config/uzhfpv_outdoor) by extensions ['ros']
[0.718s] Level 1:colcon.colcon_core.package_identification:_identify(src/open_vins/config/uzhfpv_outdoor) by extension 'ros'
[0.719s] Level 1:colcon.colcon_core.package_identification:_identify(src/open_vins/config/uzhfpv_outdoor) by extensions ['cmake', 'python']
[0.719s] Level 1:colcon.colcon_core.package_identification:_identify(src/open_vins/config/uzhfpv_outdoor) by extension 'cmake'
[0.719s] Level 1:colcon.colcon_core.package_identification:_identify(src/open_vins/config/uzhfpv_outdoor) by extension 'python'
[0.719s] Level 1:colcon.colcon_core.package_identification:_identify(src/open_vins/config/uzhfpv_outdoor) by extensions ['python_setup_py']
[0.719s] Level 1:colcon.colcon_core.package_identification:_identify(src/open_vins/config/uzhfpv_outdoor) by extension 'python_setup_py'
[0.719s] Level 1:colcon.colcon_core.package_identification:_identify(src/open_vins/config/uzhfpv_outdoor_45) by extensions ['ignore', 'ignore_ament_install']
[0.719s] Level 1:colcon.colcon_core.package_identification:_identify(src/open_vins/config/uzhfpv_outdoor_45) by extension 'ignore'
[0.719s] Level 1:colcon.colcon_core.package_identification:_identify(src/open_vins/config/uzhfpv_outdoor_45) by extension 'ignore_ament_install'
[0.719s] Level 1:colcon.colcon_core.package_identification:_identify(src/open_vins/config/uzhfpv_outdoor_45) by extensions ['colcon_pkg']
[0.719s] Level 1:colcon.colcon_core.package_identification:_identify(src/open_vins/config/uzhfpv_outdoor_45) by extension 'colcon_pkg'
[0.719s] Level 1:colcon.colcon_core.package_identification:_identify(src/open_vins/config/uzhfpv_outdoor_45) by extensions ['colcon_meta']
[0.719s] Level 1:colcon.colcon_core.package_identification:_identify(src/open_vins/config/uzhfpv_outdoor_45) by extension 'colcon_meta'
[0.719s] Level 1:colcon.colcon_core.package_identification:_identify(src/open_vins/config/uzhfpv_outdoor_45) by extensions ['ros']
[0.720s] Level 1:colcon.colcon_core.package_identification:_identify(src/open_vins/config/uzhfpv_outdoor_45) by extension 'ros'
[0.720s] Level 1:colcon.colcon_core.package_identification:_identify(src/open_vins/config/uzhfpv_outdoor_45) by extensions ['cmake', 'python']
[0.720s] Level 1:colcon.colcon_core.package_identification:_identify(src/open_vins/config/uzhfpv_outdoor_45) by extension 'cmake'
[0.720s] Level 1:colcon.colcon_core.package_identification:_identify(src/open_vins/config/uzhfpv_outdoor_45) by extension 'python'
[0.720s] Level 1:colcon.colcon_core.package_identification:_identify(src/open_vins/config/uzhfpv_outdoor_45) by extensions ['python_setup_py']
[0.720s] Level 1:colcon.colcon_core.package_identification:_identify(src/open_vins/config/uzhfpv_outdoor_45) by extension 'python_setup_py'
[0.720s] Level 1:colcon.colcon_core.package_identification:_identify(src/open_vins/docs) by extensions ['ignore', 'ignore_ament_install']
[0.720s] Level 1:colcon.colcon_core.package_identification:_identify(src/open_vins/docs) by extension 'ignore'
[0.720s] Level 1:colcon.colcon_core.package_identification:_identify(src/open_vins/docs) by extension 'ignore_ament_install'
[0.720s] Level 1:colcon.colcon_core.package_identification:_identify(src/open_vins/docs) by extensions ['colcon_pkg']
[0.720s] Level 1:colcon.colcon_core.package_identification:_identify(src/open_vins/docs) by extension 'colcon_pkg'
[0.721s] Level 1:colcon.colcon_core.package_identification:_identify(src/open_vins/docs) by extensions ['colcon_meta']
[0.721s] Level 1:colcon.colcon_core.package_identification:_identify(src/open_vins/docs) by extension 'colcon_meta'
[0.721s] Level 1:colcon.colcon_core.package_identification:_identify(src/open_vins/docs) by extensions ['ros']
[0.721s] Level 1:colcon.colcon_core.package_identification:_identify(src/open_vins/docs) by extension 'ros'
[0.721s] Level 1:colcon.colcon_core.package_identification:_identify(src/open_vins/docs) by extensions ['cmake', 'python']
[0.721s] Level 1:colcon.colcon_core.package_identification:_identify(src/open_vins/docs) by extension 'cmake'
[0.721s] Level 1:colcon.colcon_core.package_identification:_identify(src/open_vins/docs) by extension 'python'
[0.721s] Level 1:colcon.colcon_core.package_identification:_identify(src/open_vins/docs) by extensions ['python_setup_py']
[0.721s] Level 1:colcon.colcon_core.package_identification:_identify(src/open_vins/docs) by extension 'python_setup_py'
[0.721s] Level 1:colcon.colcon_core.package_identification:_identify(src/open_vins/docs/bib) by extensions ['ignore', 'ignore_ament_install']
[0.721s] Level 1:colcon.colcon_core.package_identification:_identify(src/open_vins/docs/bib) by extension 'ignore'
[0.721s] Level 1:colcon.colcon_core.package_identification:_identify(src/open_vins/docs/bib) by extension 'ignore_ament_install'
[0.722s] Level 1:colcon.colcon_core.package_identification:_identify(src/open_vins/docs/bib) by extensions ['colcon_pkg']
[0.722s] Level 1:colcon.colcon_core.package_identification:_identify(src/open_vins/docs/bib) by extension 'colcon_pkg'
[0.722s] Level 1:colcon.colcon_core.package_identification:_identify(src/open_vins/docs/bib) by extensions ['colcon_meta']
[0.722s] Level 1:colcon.colcon_core.package_identification:_identify(src/open_vins/docs/bib) by extension 'colcon_meta'
[0.722s] Level 1:colcon.colcon_core.package_identification:_identify(src/open_vins/docs/bib) by extensions ['ros']
[0.722s] Level 1:colcon.colcon_core.package_identification:_identify(src/open_vins/docs/bib) by extension 'ros'
[0.722s] Level 1:colcon.colcon_core.package_identification:_identify(src/open_vins/docs/bib) by extensions ['cmake', 'python']
[0.722s] Level 1:colcon.colcon_core.package_identification:_identify(src/open_vins/docs/bib) by extension 'cmake'
[0.722s] Level 1:colcon.colcon_core.package_identification:_identify(src/open_vins/docs/bib) by extension 'python'
[0.722s] Level 1:colcon.colcon_core.package_identification:_identify(src/open_vins/docs/bib) by extensions ['python_setup_py']
[0.722s] Level 1:colcon.colcon_core.package_identification:_identify(src/open_vins/docs/bib) by extension 'python_setup_py'
[0.722s] Level 1:colcon.colcon_core.package_identification:_identify(src/open_vins/docs/css) by extensions ['ignore', 'ignore_ament_install']
[0.723s] Level 1:colcon.colcon_core.package_identification:_identify(src/open_vins/docs/css) by extension 'ignore'
[0.723s] Level 1:colcon.colcon_core.package_identification:_identify(src/open_vins/docs/css) by extension 'ignore_ament_install'
[0.723s] Level 1:colcon.colcon_core.package_identification:_identify(src/open_vins/docs/css) by extensions ['colcon_pkg']
[0.723s] Level 1:colcon.colcon_core.package_identification:_identify(src/open_vins/docs/css) by extension 'colcon_pkg'
[0.723s] Level 1:colcon.colcon_core.package_identification:_identify(src/open_vins/docs/css) by extensions ['colcon_meta']
[0.723s] Level 1:colcon.colcon_core.package_identification:_identify(src/open_vins/docs/css) by extension 'colcon_meta'
[0.723s] Level 1:colcon.colcon_core.package_identification:_identify(src/open_vins/docs/css) by extensions ['ros']
[0.723s] Level 1:colcon.colcon_core.package_identification:_identify(src/open_vins/docs/css) by extension 'ros'
[0.723s] Level 1:colcon.colcon_core.package_identification:_identify(src/open_vins/docs/css) by extensions ['cmake', 'python']
[0.723s] Level 1:colcon.colcon_core.package_identification:_identify(src/open_vins/docs/css) by extension 'cmake'
[0.723s] Level 1:colcon.colcon_core.package_identification:_identify(src/open_vins/docs/css) by extension 'python'
[0.723s] Level 1:colcon.colcon_core.package_identification:_identify(src/open_vins/docs/css) by extensions ['python_setup_py']
[0.723s] Level 1:colcon.colcon_core.package_identification:_identify(src/open_vins/docs/css) by extension 'python_setup_py'
[0.724s] Level 1:colcon.colcon_core.package_identification:_identify(src/open_vins/docs/img) by extensions ['ignore', 'ignore_ament_install']
[0.724s] Level 1:colcon.colcon_core.package_identification:_identify(src/open_vins/docs/img) by extension 'ignore'
[0.724s] Level 1:colcon.colcon_core.package_identification:_identify(src/open_vins/docs/img) by extension 'ignore_ament_install'
[0.724s] Level 1:colcon.colcon_core.package_identification:_identify(src/open_vins/docs/img) by extensions ['colcon_pkg']
[0.724s] Level 1:colcon.colcon_core.package_identification:_identify(src/open_vins/docs/img) by extension 'colcon_pkg'
[0.724s] Level 1:colcon.colcon_core.package_identification:_identify(src/open_vins/docs/img) by extensions ['colcon_meta']
[0.724s] Level 1:colcon.colcon_core.package_identification:_identify(src/open_vins/docs/img) by extension 'colcon_meta'
[0.724s] Level 1:colcon.colcon_core.package_identification:_identify(src/open_vins/docs/img) by extensions ['ros']
[0.724s] Level 1:colcon.colcon_core.package_identification:_identify(src/open_vins/docs/img) by extension 'ros'
[0.724s] Level 1:colcon.colcon_core.package_identification:_identify(src/open_vins/docs/img) by extensions ['cmake', 'python']
[0.724s] Level 1:colcon.colcon_core.package_identification:_identify(src/open_vins/docs/img) by extension 'cmake'
[0.724s] Level 1:colcon.colcon_core.package_identification:_identify(src/open_vins/docs/img) by extension 'python'
[0.724s] Level 1:colcon.colcon_core.package_identification:_identify(src/open_vins/docs/img) by extensions ['python_setup_py']
[0.724s] Level 1:colcon.colcon_core.package_identification:_identify(src/open_vins/docs/img) by extension 'python_setup_py'
[0.725s] Level 1:colcon.colcon_core.package_identification:_identify(src/open_vins/docs/img/datasets) by extensions ['ignore', 'ignore_ament_install']
[0.725s] Level 1:colcon.colcon_core.package_identification:_identify(src/open_vins/docs/img/datasets) by extension 'ignore'
[0.725s] Level 1:colcon.colcon_core.package_identification:_identify(src/open_vins/docs/img/datasets) by extension 'ignore_ament_install'
[0.725s] Level 1:colcon.colcon_core.package_identification:_identify(src/open_vins/docs/img/datasets) by extensions ['colcon_pkg']
[0.725s] Level 1:colcon.colcon_core.package_identification:_identify(src/open_vins/docs/img/datasets) by extension 'colcon_pkg'
[0.725s] Level 1:colcon.colcon_core.package_identification:_identify(src/open_vins/docs/img/datasets) by extensions ['colcon_meta']
[0.725s] Level 1:colcon.colcon_core.package_identification:_identify(src/open_vins/docs/img/datasets) by extension 'colcon_meta'
[0.725s] Level 1:colcon.colcon_core.package_identification:_identify(src/open_vins/docs/img/datasets) by extensions ['ros']
[0.725s] Level 1:colcon.colcon_core.package_identification:_identify(src/open_vins/docs/img/datasets) by extension 'ros'
[0.725s] Level 1:colcon.colcon_core.package_identification:_identify(src/open_vins/docs/img/datasets) by extensions ['cmake', 'python']
[0.725s] Level 1:colcon.colcon_core.package_identification:_identify(src/open_vins/docs/img/datasets) by extension 'cmake'
[0.725s] Level 1:colcon.colcon_core.package_identification:_identify(src/open_vins/docs/img/datasets) by extension 'python'
[0.725s] Level 1:colcon.colcon_core.package_identification:_identify(src/open_vins/docs/img/datasets) by extensions ['python_setup_py']
[0.725s] Level 1:colcon.colcon_core.package_identification:_identify(src/open_vins/docs/img/datasets) by extension 'python_setup_py'
[0.726s] Level 1:colcon.colcon_core.package_identification:_identify(src/open_vins/docs/img/eval) by extensions ['ignore', 'ignore_ament_install']
[0.726s] Level 1:colcon.colcon_core.package_identification:_identify(src/open_vins/docs/img/eval) by extension 'ignore'
[0.726s] Level 1:colcon.colcon_core.package_identification:_identify(src/open_vins/docs/img/eval) by extension 'ignore_ament_install'
[0.726s] Level 1:colcon.colcon_core.package_identification:_identify(src/open_vins/docs/img/eval) by extensions ['colcon_pkg']
[0.726s] Level 1:colcon.colcon_core.package_identification:_identify(src/open_vins/docs/img/eval) by extension 'colcon_pkg'
[0.726s] Level 1:colcon.colcon_core.package_identification:_identify(src/open_vins/docs/img/eval) by extensions ['colcon_meta']
[0.726s] Level 1:colcon.colcon_core.package_identification:_identify(src/open_vins/docs/img/eval) by extension 'colcon_meta'
[0.726s] Level 1:colcon.colcon_core.package_identification:_identify(src/open_vins/docs/img/eval) by extensions ['ros']
[0.726s] Level 1:colcon.colcon_core.package_identification:_identify(src/open_vins/docs/img/eval) by extension 'ros'
[0.726s] Level 1:colcon.colcon_core.package_identification:_identify(src/open_vins/docs/img/eval) by extensions ['cmake', 'python']
[0.726s] Level 1:colcon.colcon_core.package_identification:_identify(src/open_vins/docs/img/eval) by extension 'cmake'
[0.726s] Level 1:colcon.colcon_core.package_identification:_identify(src/open_vins/docs/img/eval) by extension 'python'
[0.727s] Level 1:colcon.colcon_core.package_identification:_identify(src/open_vins/docs/img/eval) by extensions ['python_setup_py']
[0.727s] Level 1:colcon.colcon_core.package_identification:_identify(src/open_vins/docs/img/eval) by extension 'python_setup_py'
[0.727s] Level 1:colcon.colcon_core.package_identification:_identify(src/open_vins/docs/mcss_theme) by extensions ['ignore', 'ignore_ament_install']
[0.727s] Level 1:colcon.colcon_core.package_identification:_identify(src/open_vins/docs/mcss_theme) by extension 'ignore'
[0.727s] Level 1:colcon.colcon_core.package_identification:_identify(src/open_vins/docs/mcss_theme) by extension 'ignore_ament_install'
[0.727s] Level 1:colcon.colcon_core.package_identification:_identify(src/open_vins/docs/mcss_theme) by extensions ['colcon_pkg']
[0.727s] Level 1:colcon.colcon_core.package_identification:_identify(src/open_vins/docs/mcss_theme) by extension 'colcon_pkg'
[0.727s] Level 1:colcon.colcon_core.package_identification:_identify(src/open_vins/docs/mcss_theme) by extensions ['colcon_meta']
[0.727s] Level 1:colcon.colcon_core.package_identification:_identify(src/open_vins/docs/mcss_theme) by extension 'colcon_meta'
[0.727s] Level 1:colcon.colcon_core.package_identification:_identify(src/open_vins/docs/mcss_theme) by extensions ['ros']
[0.727s] Level 1:colcon.colcon_core.package_identification:_identify(src/open_vins/docs/mcss_theme) by extension 'ros'
[0.727s] Level 1:colcon.colcon_core.package_identification:_identify(src/open_vins/docs/mcss_theme) by extensions ['cmake', 'python']
[0.727s] Level 1:colcon.colcon_core.package_identification:_identify(src/open_vins/docs/mcss_theme) by extension 'cmake'
[0.728s] Level 1:colcon.colcon_core.package_identification:_identify(src/open_vins/docs/mcss_theme) by extension 'python'
[0.728s] Level 1:colcon.colcon_core.package_identification:_identify(src/open_vins/docs/mcss_theme) by extensions ['python_setup_py']
[0.728s] Level 1:colcon.colcon_core.package_identification:_identify(src/open_vins/docs/mcss_theme) by extension 'python_setup_py'
[0.728s] Level 1:colcon.colcon_core.package_identification:_identify(src/open_vins/docs/youtube) by extensions ['ignore', 'ignore_ament_install']
[0.728s] Level 1:colcon.colcon_core.package_identification:_identify(src/open_vins/docs/youtube) by extension 'ignore'
[0.728s] Level 1:colcon.colcon_core.package_identification:_identify(src/open_vins/docs/youtube) by extension 'ignore_ament_install'
[0.728s] Level 1:colcon.colcon_core.package_identification:_identify(src/open_vins/docs/youtube) by extensions ['colcon_pkg']
[0.728s] Level 1:colcon.colcon_core.package_identification:_identify(src/open_vins/docs/youtube) by extension 'colcon_pkg'
[0.728s] Level 1:colcon.colcon_core.package_identification:_identify(src/open_vins/docs/youtube) by extensions ['colcon_meta']
[0.728s] Level 1:colcon.colcon_core.package_identification:_identify(src/open_vins/docs/youtube) by extension 'colcon_meta'
[0.728s] Level 1:colcon.colcon_core.package_identification:_identify(src/open_vins/docs/youtube) by extensions ['ros']
[0.728s] Level 1:colcon.colcon_core.package_identification:_identify(src/open_vins/docs/youtube) by extension 'ros'
[0.729s] Level 1:colcon.colcon_core.package_identification:_identify(src/open_vins/docs/youtube) by extensions ['cmake', 'python']
[0.729s] Level 1:colcon.colcon_core.package_identification:_identify(src/open_vins/docs/youtube) by extension 'cmake'
[0.729s] Level 1:colcon.colcon_core.package_identification:_identify(src/open_vins/docs/youtube) by extension 'python'
[0.729s] Level 1:colcon.colcon_core.package_identification:_identify(src/open_vins/docs/youtube) by extensions ['python_setup_py']
[0.729s] Level 1:colcon.colcon_core.package_identification:_identify(src/open_vins/docs/youtube) by extension 'python_setup_py'
[0.729s] Level 1:colcon.colcon_core.package_identification:_identify(src/open_vins/ov_core) by extensions ['ignore', 'ignore_ament_install']
[0.729s] Level 1:colcon.colcon_core.package_identification:_identify(src/open_vins/ov_core) by extension 'ignore'
[0.729s] Level 1:colcon.colcon_core.package_identification:_identify(src/open_vins/ov_core) by extension 'ignore_ament_install'
[0.729s] Level 1:colcon.colcon_core.package_identification:_identify(src/open_vins/ov_core) by extensions ['colcon_pkg']
[0.729s] Level 1:colcon.colcon_core.package_identification:_identify(src/open_vins/ov_core) by extension 'colcon_pkg'
[0.729s] Level 1:colcon.colcon_core.package_identification:_identify(src/open_vins/ov_core) by extensions ['colcon_meta']
[0.729s] Level 1:colcon.colcon_core.package_identification:_identify(src/open_vins/ov_core) by extension 'colcon_meta'
[0.729s] Level 1:colcon.colcon_core.package_identification:_identify(src/open_vins/ov_core) by extensions ['ros']
[0.729s] Level 1:colcon.colcon_core.package_identification:_identify(src/open_vins/ov_core) by extension 'ros'
[0.752s] DEBUG:colcon.colcon_core.package_identification:Package 'src/open_vins/ov_core' with type 'ros.ament_cmake' and name 'ov_core'
[0.752s] Level 1:colcon.colcon_core.package_identification:_identify(src/open_vins/ov_data) by extensions ['ignore', 'ignore_ament_install']
[0.753s] Level 1:colcon.colcon_core.package_identification:_identify(src/open_vins/ov_data) by extension 'ignore'
[0.753s] Level 1:colcon.colcon_core.package_identification:_identify(src/open_vins/ov_data) by extension 'ignore_ament_install'
[0.753s] Level 1:colcon.colcon_core.package_identification:_identify(src/open_vins/ov_data) by extensions ['colcon_pkg']
[0.753s] Level 1:colcon.colcon_core.package_identification:_identify(src/open_vins/ov_data) by extension 'colcon_pkg'
[0.753s] Level 1:colcon.colcon_core.package_identification:_identify(src/open_vins/ov_data) by extensions ['colcon_meta']
[0.753s] Level 1:colcon.colcon_core.package_identification:_identify(src/open_vins/ov_data) by extension 'colcon_meta'
[0.753s] Level 1:colcon.colcon_core.package_identification:_identify(src/open_vins/ov_data) by extensions ['ros']
[0.753s] Level 1:colcon.colcon_core.package_identification:_identify(src/open_vins/ov_data) by extension 'ros'
[0.755s] DEBUG:colcon.colcon_core.package_identification:Package 'src/open_vins/ov_data' with type 'ros.ament_cmake' and name 'ov_data'
[0.756s] Level 1:colcon.colcon_core.package_identification:_identify(src/open_vins/ov_eval) by extensions ['ignore', 'ignore_ament_install']
[0.756s] Level 1:colcon.colcon_core.package_identification:_identify(src/open_vins/ov_eval) by extension 'ignore'
[0.756s] Level 1:colcon.colcon_core.package_identification:_identify(src/open_vins/ov_eval) by extension 'ignore_ament_install'
[0.756s] Level 1:colcon.colcon_core.package_identification:_identify(src/open_vins/ov_eval) by extensions ['colcon_pkg']
[0.756s] Level 1:colcon.colcon_core.package_identification:_identify(src/open_vins/ov_eval) by extension 'colcon_pkg'
[0.756s] Level 1:colcon.colcon_core.package_identification:_identify(src/open_vins/ov_eval) by extensions ['colcon_meta']
[0.756s] Level 1:colcon.colcon_core.package_identification:_identify(src/open_vins/ov_eval) by extension 'colcon_meta'
[0.756s] Level 1:colcon.colcon_core.package_identification:_identify(src/open_vins/ov_eval) by extensions ['ros']
[0.756s] Level 1:colcon.colcon_core.package_identification:_identify(src/open_vins/ov_eval) by extension 'ros'
[0.767s] DEBUG:colcon.colcon_core.package_identification:Package 'src/open_vins/ov_eval' with type 'ros.ament_cmake' and name 'ov_eval'
[0.767s] Level 1:colcon.colcon_core.package_identification:_identify(src/open_vins/ov_init) by extensions ['ignore', 'ignore_ament_install']
[0.767s] Level 1:colcon.colcon_core.package_identification:_identify(src/open_vins/ov_init) by extension 'ignore'
[0.767s] Level 1:colcon.colcon_core.package_identification:_identify(src/open_vins/ov_init) by extension 'ignore_ament_install'
[0.767s] Level 1:colcon.colcon_core.package_identification:_identify(src/open_vins/ov_init) by extensions ['colcon_pkg']
[0.767s] Level 1:colcon.colcon_core.package_identification:_identify(src/open_vins/ov_init) by extension 'colcon_pkg'
[0.767s] Level 1:colcon.colcon_core.package_identification:_identify(src/open_vins/ov_init) by extensions ['colcon_meta']
[0.767s] Level 1:colcon.colcon_core.package_identification:_identify(src/open_vins/ov_init) by extension 'colcon_meta'
[0.768s] Level 1:colcon.colcon_core.package_identification:_identify(src/open_vins/ov_init) by extensions ['ros']
[0.768s] Level 1:colcon.colcon_core.package_identification:_identify(src/open_vins/ov_init) by extension 'ros'
[0.777s] DEBUG:colcon.colcon_core.package_identification:Package 'src/open_vins/ov_init' with type 'ros.ament_cmake' and name 'ov_init'
[0.777s] Level 1:colcon.colcon_core.package_identification:_identify(src/open_vins/ov_msckf) by extensions ['ignore', 'ignore_ament_install']
[0.777s] Level 1:colcon.colcon_core.package_identification:_identify(src/open_vins/ov_msckf) by extension 'ignore'
[0.777s] Level 1:colcon.colcon_core.package_identification:_identify(src/open_vins/ov_msckf) by extension 'ignore_ament_install'
[0.777s] Level 1:colcon.colcon_core.package_identification:_identify(src/open_vins/ov_msckf) by extensions ['colcon_pkg']
[0.777s] Level 1:colcon.colcon_core.package_identification:_identify(src/open_vins/ov_msckf) by extension 'colcon_pkg'
[0.777s] Level 1:colcon.colcon_core.package_identification:_identify(src/open_vins/ov_msckf) by extensions ['colcon_meta']
[0.777s] Level 1:colcon.colcon_core.package_identification:_identify(src/open_vins/ov_msckf) by extension 'colcon_meta'
[0.777s] Level 1:colcon.colcon_core.package_identification:_identify(src/open_vins/ov_msckf) by extensions ['ros']
[0.777s] Level 1:colcon.colcon_core.package_identification:_identify(src/open_vins/ov_msckf) by extension 'ros'
[0.802s] DEBUG:colcon.colcon_core.package_identification:Package 'src/open_vins/ov_msckf' with type 'ros.ament_cmake' and name 'ov_msckf'
[0.802s] Level 1:colcon.colcon_core.package_discovery:discover_packages(recursive) using defaults
[0.803s] Level 1:colcon.colcon_core.package_discovery:discover_packages(ignore) discover
[0.803s] Level 1:colcon.colcon_core.package_discovery:discover_packages(ignore) using defaults
[0.803s] Level 1:colcon.colcon_core.package_discovery:discover_packages(path) discover
[0.803s] Level 1:colcon.colcon_core.package_discovery:discover_packages(path) using defaults
[0.841s] Level 1:colcon.colcon_core.package_discovery:discover_packages(prefix_path) check parameters
[0.841s] Level 1:colcon.colcon_core.package_discovery:discover_packages(prefix_path) discover
[0.848s] DEBUG:colcon.colcon_installed_package_information.package_discovery:Found 278 installed packages in /opt/ros/humble
[0.850s] Level 1:colcon.colcon_core.package_discovery:discover_packages(prefix_path) using defaults
[0.961s] Level 5:colcon.colcon_core.verb:set package 'challenge_tools_ros' build argument 'cmake_args' from command line to 'None'
[0.961s] Level 5:colcon.colcon_core.verb:set package 'challenge_tools_ros' build argument 'cmake_target' from command line to 'None'
[0.961s] Level 5:colcon.colcon_core.verb:set package 'challenge_tools_ros' build argument 'cmake_target_skip_unavailable' from command line to 'False'
[0.961s] Level 5:colcon.colcon_core.verb:set package 'challenge_tools_ros' build argument 'cmake_clean_cache' from command line to 'False'
[0.961s] Level 5:colcon.colcon_core.verb:set package 'challenge_tools_ros' build argument 'cmake_clean_first' from command line to 'False'
[0.961s] Level 5:colcon.colcon_core.verb:set package 'challenge_tools_ros' build argument 'cmake_force_configure' from command line to 'False'
[0.961s] Level 5:colcon.colcon_core.verb:set package 'challenge_tools_ros' build argument 'ament_cmake_args' from command line to 'None'
[0.961s] Level 5:colcon.colcon_core.verb:set package 'challenge_tools_ros' build argument 'catkin_cmake_args' from command line to 'None'
[0.961s] Level 5:colcon.colcon_core.verb:set package 'challenge_tools_ros' build argument 'catkin_skip_building_tests' from command line to 'False'
[0.961s] DEBUG:colcon.colcon_core.verb:Building package 'challenge_tools_ros' with the following arguments: {'ament_cmake_args': None, 'build_base': '/home/subbu/slam_ws/build/challenge_tools_ros', 'catkin_cmake_args': None, 'catkin_skip_building_tests': False, 'cmake_args': None, 'cmake_clean_cache': False, 'cmake_clean_first': False, 'cmake_force_configure': False, 'cmake_target': None, 'cmake_target_skip_unavailable': False, 'install_base': '/home/subbu/slam_ws/install/challenge_tools_ros', 'merge_install': False, 'path': '/home/subbu/slam_ws/src/hilti-trimble-slam-challenge-2026', 'symlink_install': True, 'test_result_base': None}
[0.962s] Level 5:colcon.colcon_core.verb:set package 'ov_core' build argument 'cmake_args' from command line to 'None'
[0.962s] Level 5:colcon.colcon_core.verb:set package 'ov_core' build argument 'cmake_target' from command line to 'None'
[0.962s] Level 5:colcon.colcon_core.verb:set package 'ov_core' build argument 'cmake_target_skip_unavailable' from command line to 'False'
[0.962s] Level 5:colcon.colcon_core.verb:set package 'ov_core' build argument 'cmake_clean_cache' from command line to 'False'
[0.962s] Level 5:colcon.colcon_core.verb:set package 'ov_core' build argument 'cmake_clean_first' from command line to 'False'
[0.962s] Level 5:colcon.colcon_core.verb:set package 'ov_core' build argument 'cmake_force_configure' from command line to 'False'
[0.962s] Level 5:colcon.colcon_core.verb:set package 'ov_core' build argument 'ament_cmake_args' from command line to 'None'
[0.962s] Level 5:colcon.colcon_core.verb:set package 'ov_core' build argument 'catkin_cmake_args' from command line to 'None'
[0.962s] Level 5:colcon.colcon_core.verb:set package 'ov_core' build argument 'catkin_skip_building_tests' from command line to 'False'
[0.962s] DEBUG:colcon.colcon_core.verb:Building package 'ov_core' with the following arguments: {'ament_cmake_args': None, 'build_base': '/home/subbu/slam_ws/build/ov_core', 'catkin_cmake_args': None, 'catkin_skip_building_tests': False, 'cmake_args': None, 'cmake_clean_cache': False, 'cmake_clean_first': False, 'cmake_force_configure': False, 'cmake_target': None, 'cmake_target_skip_unavailable': False, 'install_base': '/home/subbu/slam_ws/install/ov_core', 'merge_install': False, 'path': '/home/subbu/slam_ws/src/open_vins/ov_core', 'symlink_install': True, 'test_result_base': None}
[0.962s] Level 5:colcon.colcon_core.verb:set package 'ov_data' build argument 'cmake_args' from command line to 'None'
[0.963s] Level 5:colcon.colcon_core.verb:set package 'ov_data' build argument 'cmake_target' from command line to 'None'
[0.963s] Level 5:colcon.colcon_core.verb:set package 'ov_data' build argument 'cmake_target_skip_unavailable' from command line to 'False'
[0.963s] Level 5:colcon.colcon_core.verb:set package 'ov_data' build argument 'cmake_clean_cache' from command line to 'False'
[0.963s] Level 5:colcon.colcon_core.verb:set package 'ov_data' build argument 'cmake_clean_first' from command line to 'False'
[0.963s] Level 5:colcon.colcon_core.verb:set package 'ov_data' build argument 'cmake_force_configure' from command line to 'False'
[0.963s] Level 5:colcon.colcon_core.verb:set package 'ov_data' build argument 'ament_cmake_args' from command line to 'None'
[0.963s] Level 5:colcon.colcon_core.verb:set package 'ov_data' build argument 'catkin_cmake_args' from command line to 'None'
[0.963s] Level 5:colcon.colcon_core.verb:set package 'ov_data' build argument 'catkin_skip_building_tests' from command line to 'False'
[0.963s] DEBUG:colcon.colcon_core.verb:Building package 'ov_data' with the following arguments: {'ament_cmake_args': None, 'build_base': '/home/subbu/slam_ws/build/ov_data', 'catkin_cmake_args': None, 'catkin_skip_building_tests': False, 'cmake_args': None, 'cmake_clean_cache': False, 'cmake_clean_first': False, 'cmake_force_configure': False, 'cmake_target': None, 'cmake_target_skip_unavailable': False, 'install_base': '/home/subbu/slam_ws/install/ov_data', 'merge_install': False, 'path': '/home/subbu/slam_ws/src/open_vins/ov_data', 'symlink_install': True, 'test_result_base': None}
[0.963s] Level 5:colcon.colcon_core.verb:set package 'ov_eval' build argument 'cmake_args' from command line to 'None'
[0.963s] Level 5:colcon.colcon_core.verb:set package 'ov_eval' build argument 'cmake_target' from command line to 'None'
[0.963s] Level 5:colcon.colcon_core.verb:set package 'ov_eval' build argument 'cmake_target_skip_unavailable' from command line to 'False'
[0.963s] Level 5:colcon.colcon_core.verb:set package 'ov_eval' build argument 'cmake_clean_cache' from command line to 'False'
[0.963s] Level 5:colcon.colcon_core.verb:set package 'ov_eval' build argument 'cmake_clean_first' from command line to 'False'
[0.963s] Level 5:colcon.colcon_core.verb:set package 'ov_eval' build argument 'cmake_force_configure' from command line to 'False'
[0.963s] Level 5:colcon.colcon_core.verb:set package 'ov_eval' build argument 'ament_cmake_args' from command line to 'None'
[0.963s] Level 5:colcon.colcon_core.verb:set package 'ov_eval' build argument 'catkin_cmake_args' from command line to 'None'
[0.963s] Level 5:colcon.colcon_core.verb:set package 'ov_eval' build argument 'catkin_skip_building_tests' from command line to 'False'
[0.964s] DEBUG:colcon.colcon_core.verb:Building package 'ov_eval' with the following arguments: {'ament_cmake_args': None, 'build_base': '/home/subbu/slam_ws/build/ov_eval', 'catkin_cmake_args': None, 'catkin_skip_building_tests': False, 'cmake_args': None, 'cmake_clean_cache': False, 'cmake_clean_first': False, 'cmake_force_configure': False, 'cmake_target': None, 'cmake_target_skip_unavailable': False, 'install_base': '/home/subbu/slam_ws/install/ov_eval', 'merge_install': False, 'path': '/home/subbu/slam_ws/src/open_vins/ov_eval', 'symlink_install': True, 'test_result_base': None}
[0.964s] Level 5:colcon.colcon_core.verb:set package 'ov_init' build argument 'cmake_args' from command line to 'None'
[0.964s] Level 5:colcon.colcon_core.verb:set package 'ov_init' build argument 'cmake_target' from command line to 'None'
[0.964s] Level 5:colcon.colcon_core.verb:set package 'ov_init' build argument 'cmake_target_skip_unavailable' from command line to 'False'
[0.964s] Level 5:colcon.colcon_core.verb:set package 'ov_init' build argument 'cmake_clean_cache' from command line to 'False'
[0.964s] Level 5:colcon.colcon_core.verb:set package 'ov_init' build argument 'cmake_clean_first' from command line to 'False'
[0.964s] Level 5:colcon.colcon_core.verb:set package 'ov_init' build argument 'cmake_force_configure' from command line to 'False'
[0.964s] Level 5:colcon.colcon_core.verb:set package 'ov_init' build argument 'ament_cmake_args' from command line to 'None'
[0.964s] Level 5:colcon.colcon_core.verb:set package 'ov_init' build argument 'catkin_cmake_args' from command line to 'None'
[0.964s] Level 5:colcon.colcon_core.verb:set package 'ov_init' build argument 'catkin_skip_building_tests' from command line to 'False'
[0.964s] DEBUG:colcon.colcon_core.verb:Building package 'ov_init' with the following arguments: {'ament_cmake_args': None, 'build_base': '/home/subbu/slam_ws/build/ov_init', 'catkin_cmake_args': None, 'catkin_skip_building_tests': False, 'cmake_args': None, 'cmake_clean_cache': False, 'cmake_clean_first': False, 'cmake_force_configure': False, 'cmake_target': None, 'cmake_target_skip_unavailable': False, 'install_base': '/home/subbu/slam_ws/install/ov_init', 'merge_install': False, 'path': '/home/subbu/slam_ws/src/open_vins/ov_init', 'symlink_install': True, 'test_result_base': None}
[0.965s] Level 5:colcon.colcon_core.verb:set package 'ov_msckf' build argument 'cmake_args' from command line to 'None'
[0.965s] Level 5:colcon.colcon_core.verb:set package 'ov_msckf' build argument 'cmake_target' from command line to 'None'
[0.965s] Level 5:colcon.colcon_core.verb:set package 'ov_msckf' build argument 'cmake_target_skip_unavailable' from command line to 'False'
[0.965s] Level 5:colcon.colcon_core.verb:set package 'ov_msckf' build argument 'cmake_clean_cache' from command line to 'False'
[0.965s] Level 5:colcon.colcon_core.verb:set package 'ov_msckf' build argument 'cmake_clean_first' from command line to 'False'
[0.965s] Level 5:colcon.colcon_core.verb:set package 'ov_msckf' build argument 'cmake_force_configure' from command line to 'False'
[0.965s] Level 5:colcon.colcon_core.verb:set package 'ov_msckf' build argument 'ament_cmake_args' from command line to 'None'
[0.965s] Level 5:colcon.colcon_core.verb:set package 'ov_msckf' build argument 'catkin_cmake_args' from command line to 'None'
[0.965s] Level 5:colcon.colcon_core.verb:set package 'ov_msckf' build argument 'catkin_skip_building_tests' from command line to 'False'
[0.965s] DEBUG:colcon.colcon_core.verb:Building package 'ov_msckf' with the following arguments: {'ament_cmake_args': None, 'build_base': '/home/subbu/slam_ws/build/ov_msckf', 'catkin_cmake_args': None, 'catkin_skip_building_tests': False, 'cmake_args': None, 'cmake_clean_cache': False, 'cmake_clean_first': False, 'cmake_force_configure': False, 'cmake_target': None, 'cmake_target_skip_unavailable': False, 'install_base': '/home/subbu/slam_ws/install/ov_msckf', 'merge_install': False, 'path': '/home/subbu/slam_ws/src/open_vins/ov_msckf', 'symlink_install': True, 'test_result_base': None}
[0.965s] INFO:colcon.colcon_core.executor:Executing jobs using 'parallel' executor
[0.967s] DEBUG:colcon.colcon_parallel_executor.executor.parallel:run_until_complete
[0.967s] INFO:colcon.colcon_ros.task.ament_cmake.build:Building ROS package in '/home/subbu/slam_ws/src/open_vins/ov_core' with build type 'ament_cmake'
[0.967s] INFO:colcon.colcon_cmake.task.cmake.build:Building CMake package in '/home/subbu/slam_ws/src/open_vins/ov_core'
[0.973s] INFO:colcon.colcon_core.plugin_system:Skipping extension 'colcon_core.shell.bat': Not used on non-Windows systems
[0.974s] INFO:colcon.colcon_core.shell:Skip shell extension 'powershell' for command environment: Not usable outside of PowerShell
[0.974s] DEBUG:colcon.colcon_core.shell:Skip shell extension 'dsv' for command environment
[0.978s] INFO:colcon.colcon_ros.task.ament_cmake.build:Building ROS package in '/home/subbu/slam_ws/src/hilti-trimble-slam-challenge-2026' with build type 'ament_cmake'
[0.979s] INFO:colcon.colcon_cmake.task.cmake.build:Building CMake package in '/home/subbu/slam_ws/src/hilti-trimble-slam-challenge-2026'
[0.979s] INFO:colcon.colcon_core.shell:Skip shell extension 'powershell' for command environment: Not usable outside of PowerShell
[0.979s] DEBUG:colcon.colcon_core.shell:Skip shell extension 'dsv' for command environment
[0.983s] INFO:colcon.colcon_ros.task.ament_cmake.build:Building ROS package in '/home/subbu/slam_ws/src/open_vins/ov_data' with build type 'ament_cmake'
[0.983s] INFO:colcon.colcon_cmake.task.cmake.build:Building CMake package in '/home/subbu/slam_ws/src/open_vins/ov_data'
[0.983s] INFO:colcon.colcon_core.shell:Skip shell extension 'powershell' for command environment: Not usable outside of PowerShell
[0.984s] DEBUG:colcon.colcon_core.shell:Skip shell extension 'dsv' for command environment
[0.997s] DEBUG:colcon.colcon_core.event_handler.log_command:Invoking command in '/home/subbu/slam_ws/build/ov_core': CMAKE_PREFIX_PATH=/opt/ros/humble /usr/bin/cmake --build /home/subbu/slam_ws/build/ov_core -- -j8 -l8
[1.005s] DEBUG:colcon.colcon_core.event_handler.log_command:Invoking command in '/home/subbu/slam_ws/build/challenge_tools_ros': CMAKE_PREFIX_PATH=/opt/ros/humble /usr/bin/cmake --build /home/subbu/slam_ws/build/challenge_tools_ros -- -j8 -l8
[1.012s] DEBUG:colcon.colcon_core.event_handler.log_command:Invoking command in '/home/subbu/slam_ws/build/ov_data': CMAKE_PREFIX_PATH=/opt/ros/humble /usr/bin/cmake --build /home/subbu/slam_ws/build/ov_data -- -j8 -l8
[1.090s] DEBUG:colcon.colcon_core.event_handler.log_command:Invoked command in '/home/subbu/slam_ws/build/ov_data' returned '0': CMAKE_PREFIX_PATH=/opt/ros/humble /usr/bin/cmake --build /home/subbu/slam_ws/build/ov_data -- -j8 -l8
[1.110s] DEBUG:colcon.colcon_core.event_handler.log_command:Invoking command in '/home/subbu/slam_ws/build/ov_data': CMAKE_PREFIX_PATH=/opt/ros/humble /usr/bin/cmake --install /home/subbu/slam_ws/build/ov_data
[1.147s] Level 1:colcon.colcon_core.environment:create_environment_scripts_only(ov_data)
[1.149s] DEBUG:colcon.colcon_core.event_handler.log_command:Invoked command in '/home/subbu/slam_ws/build/ov_data' returned '0': CMAKE_PREFIX_PATH=/opt/ros/humble /usr/bin/cmake --install /home/subbu/slam_ws/build/ov_data
[1.159s] Level 1:colcon.colcon_core.environment:checking '/home/subbu/slam_ws/install/ov_data' for CMake module files
[1.161s] Level 1:colcon.colcon_core.environment:checking '/home/subbu/slam_ws/install/ov_data' for CMake config files
[1.163s] Level 1:colcon.colcon_core.shell:create_environment_hook('ov_data', 'cmake_prefix_path')
[1.164s] INFO:colcon.colcon_core.shell:Creating environment hook '/home/subbu/slam_ws/install/ov_data/share/ov_data/hook/cmake_prefix_path.ps1'
[1.166s] INFO:colcon.colcon_core.shell:Creating environment descriptor '/home/subbu/slam_ws/install/ov_data/share/ov_data/hook/cmake_prefix_path.dsv'
[1.168s] INFO:colcon.colcon_core.shell:Creating environment hook '/home/subbu/slam_ws/install/ov_data/share/ov_data/hook/cmake_prefix_path.sh'
[1.170s] Level 1:colcon.colcon_core.environment:checking '/home/subbu/slam_ws/install/ov_data/bin'
[1.170s] Level 1:colcon.colcon_core.environment:checking '/home/subbu/slam_ws/install/ov_data/lib/pkgconfig/ov_data.pc'
[1.171s] Level 1:colcon.colcon_core.environment:checking '/home/subbu/slam_ws/install/ov_data/lib/python3.10/site-packages'
[1.172s] Level 1:colcon.colcon_core.environment:checking '/home/subbu/slam_ws/install/ov_data/bin'
[1.173s] INFO:colcon.colcon_core.shell:Creating package script '/home/subbu/slam_ws/install/ov_data/share/ov_data/package.ps1'
[1.176s] INFO:colcon.colcon_core.shell:Creating package descriptor '/home/subbu/slam_ws/install/ov_data/share/ov_data/package.dsv'
[1.177s] INFO:colcon.colcon_core.shell:Creating package script '/home/subbu/slam_ws/install/ov_data/share/ov_data/package.sh'
[1.180s] INFO:colcon.colcon_core.shell:Creating package script '/home/subbu/slam_ws/install/ov_data/share/ov_data/package.bash'
[1.182s] INFO:colcon.colcon_core.shell:Creating package script '/home/subbu/slam_ws/install/ov_data/share/ov_data/package.zsh'
[1.184s] Level 1:colcon.colcon_core.environment:create_file_with_runtime_dependencies(/home/subbu/slam_ws/install/ov_data/share/colcon-core/packages/ov_data)
[1.185s] Level 1:colcon.colcon_core.environment:create_environment_scripts_only(ov_data)
[1.186s] Level 1:colcon.colcon_core.environment:checking '/home/subbu/slam_ws/install/ov_data' for CMake module files
[1.187s] Level 1:colcon.colcon_core.environment:checking '/home/subbu/slam_ws/install/ov_data' for CMake config files
[1.188s] Level 1:colcon.colcon_core.shell:create_environment_hook('ov_data', 'cmake_prefix_path')
[1.189s] INFO:colcon.colcon_core.shell:Creating environment hook '/home/subbu/slam_ws/install/ov_data/share/ov_data/hook/cmake_prefix_path.ps1'
[1.190s] INFO:colcon.colcon_core.shell:Creating environment descriptor '/home/subbu/slam_ws/install/ov_data/share/ov_data/hook/cmake_prefix_path.dsv'
[1.191s] INFO:colcon.colcon_core.shell:Creating environment hook '/home/subbu/slam_ws/install/ov_data/share/ov_data/hook/cmake_prefix_path.sh'
[1.192s] Level 1:colcon.colcon_core.environment:checking '/home/subbu/slam_ws/install/ov_data/bin'
[1.192s] Level 1:colcon.colcon_core.environment:checking '/home/subbu/slam_ws/install/ov_data/lib/pkgconfig/ov_data.pc'
[1.193s] Level 1:colcon.colcon_core.environment:checking '/home/subbu/slam_ws/install/ov_data/lib/python3.10/site-packages'
[1.194s] Level 1:colcon.colcon_core.environment:checking '/home/subbu/slam_ws/install/ov_data/bin'
[1.195s] INFO:colcon.colcon_core.shell:Creating package script '/home/subbu/slam_ws/install/ov_data/share/ov_data/package.ps1'
[1.196s] INFO:colcon.colcon_core.shell:Creating package descriptor '/home/subbu/slam_ws/install/ov_data/share/ov_data/package.dsv'
[1.198s] INFO:colcon.colcon_core.shell:Creating package script '/home/subbu/slam_ws/install/ov_data/share/ov_data/package.sh'
[1.199s] INFO:colcon.colcon_core.shell:Creating package script '/home/subbu/slam_ws/install/ov_data/share/ov_data/package.bash'
[1.200s] INFO:colcon.colcon_core.shell:Creating package script '/home/subbu/slam_ws/install/ov_data/share/ov_data/package.zsh'
[1.201s] Level 1:colcon.colcon_core.environment:create_file_with_runtime_dependencies(/home/subbu/slam_ws/install/ov_data/share/colcon-core/packages/ov_data)
[1.253s] DEBUG:colcon.colcon_core.event_handler.log_command:Invoked command in '/home/subbu/slam_ws/build/ov_core' returned '0': CMAKE_PREFIX_PATH=/opt/ros/humble /usr/bin/cmake --build /home/subbu/slam_ws/build/ov_core -- -j8 -l8
[1.256s] DEBUG:colcon.colcon_core.event_handler.log_command:Invoking command in '/home/subbu/slam_ws/build/ov_core': CMAKE_PREFIX_PATH=/opt/ros/humble /usr/bin/cmake --install /home/subbu/slam_ws/build/ov_core
[1.302s] Level 1:colcon.colcon_core.environment:create_environment_scripts_only(ov_core)
[1.303s] Level 1:colcon.colcon_core.environment:checking '/home/subbu/slam_ws/install/ov_core' for CMake module files
[1.308s] DEBUG:colcon.colcon_core.event_handler.log_command:Invoked command in '/home/subbu/slam_ws/build/ov_core' returned '0': CMAKE_PREFIX_PATH=/opt/ros/humble /usr/bin/cmake --install /home/subbu/slam_ws/build/ov_core
[1.308s] Level 1:colcon.colcon_core.environment:checking '/home/subbu/slam_ws/install/ov_core' for CMake config files
[1.311s] Level 1:colcon.colcon_core.shell:create_environment_hook('ov_core', 'cmake_prefix_path')
[1.311s] INFO:colcon.colcon_core.shell:Creating environment hook '/home/subbu/slam_ws/install/ov_core/share/ov_core/hook/cmake_prefix_path.ps1'
[1.312s] INFO:colcon.colcon_core.shell:Creating environment descriptor '/home/subbu/slam_ws/install/ov_core/share/ov_core/hook/cmake_prefix_path.dsv'
[1.313s] INFO:colcon.colcon_core.shell:Creating environment hook '/home/subbu/slam_ws/install/ov_core/share/ov_core/hook/cmake_prefix_path.sh'
[1.313s] Level 1:colcon.colcon_core.environment:checking '/home/subbu/slam_ws/install/ov_core/lib'
[1.314s] Level 1:colcon.colcon_core.shell:create_environment_hook('ov_core', 'ld_library_path_lib')
[1.314s] INFO:colcon.colcon_core.shell:Creating environment hook '/home/subbu/slam_ws/install/ov_core/share/ov_core/hook/ld_library_path_lib.ps1'
[1.315s] INFO:colcon.colcon_core.shell:Creating environment descriptor '/home/subbu/slam_ws/install/ov_core/share/ov_core/hook/ld_library_path_lib.dsv'
[1.315s] INFO:colcon.colcon_core.shell:Creating environment hook '/home/subbu/slam_ws/install/ov_core/share/ov_core/hook/ld_library_path_lib.sh'
[1.316s] Level 1:colcon.colcon_core.environment:checking '/home/subbu/slam_ws/install/ov_core/bin'
[1.316s] Level 1:colcon.colcon_core.environment:checking '/home/subbu/slam_ws/install/ov_core/lib/pkgconfig/ov_core.pc'
[1.316s] Level 1:colcon.colcon_core.environment:checking '/home/subbu/slam_ws/install/ov_core/lib/python3.10/site-packages'
[1.317s] Level 1:colcon.colcon_core.environment:checking '/home/subbu/slam_ws/install/ov_core/bin'
[1.317s] INFO:colcon.colcon_core.shell:Creating package script '/home/subbu/slam_ws/install/ov_core/share/ov_core/package.ps1'
[1.318s] INFO:colcon.colcon_core.shell:Creating package descriptor '/home/subbu/slam_ws/install/ov_core/share/ov_core/package.dsv'
[1.319s] INFO:colcon.colcon_core.shell:Creating package script '/home/subbu/slam_ws/install/ov_core/share/ov_core/package.sh'
[1.320s] INFO:colcon.colcon_core.shell:Creating package script '/home/subbu/slam_ws/install/ov_core/share/ov_core/package.bash'
[1.320s] INFO:colcon.colcon_core.shell:Creating package script '/home/subbu/slam_ws/install/ov_core/share/ov_core/package.zsh'
[1.321s] Level 1:colcon.colcon_core.environment:create_file_with_runtime_dependencies(/home/subbu/slam_ws/install/ov_core/share/colcon-core/packages/ov_core)
[1.322s] Level 1:colcon.colcon_core.environment:create_environment_scripts_only(ov_core)
[1.322s] Level 1:colcon.colcon_core.environment:checking '/home/subbu/slam_ws/install/ov_core' for CMake module files
[1.323s] Level 1:colcon.colcon_core.environment:checking '/home/subbu/slam_ws/install/ov_core' for CMake config files
[1.323s] Level 1:colcon.colcon_core.shell:create_environment_hook('ov_core', 'cmake_prefix_path')
[1.324s] INFO:colcon.colcon_core.shell:Creating environment hook '/home/subbu/slam_ws/install/ov_core/share/ov_core/hook/cmake_prefix_path.ps1'
[1.324s] INFO:colcon.colcon_core.shell:Creating environment descriptor '/home/subbu/slam_ws/install/ov_core/share/ov_core/hook/cmake_prefix_path.dsv'
[1.325s] INFO:colcon.colcon_core.shell:Creating environment hook '/home/subbu/slam_ws/install/ov_core/share/ov_core/hook/cmake_prefix_path.sh'
[1.326s] Level 1:colcon.colcon_core.environment:checking '/home/subbu/slam_ws/install/ov_core/lib'
[1.326s] Level 1:colcon.colcon_core.shell:create_environment_hook('ov_core', 'ld_library_path_lib')
[1.326s] INFO:colcon.colcon_core.shell:Creating environment hook '/home/subbu/slam_ws/install/ov_core/share/ov_core/hook/ld_library_path_lib.ps1'
[1.327s] INFO:colcon.colcon_core.shell:Creating environment descriptor '/home/subbu/slam_ws/install/ov_core/share/ov_core/hook/ld_library_path_lib.dsv'
[1.327s] INFO:colcon.colcon_core.shell:Creating environment hook '/home/subbu/slam_ws/install/ov_core/share/ov_core/hook/ld_library_path_lib.sh'
[1.328s] Level 1:colcon.colcon_core.environment:checking '/home/subbu/slam_ws/install/ov_core/bin'
[1.328s] Level 1:colcon.colcon_core.environment:checking '/home/subbu/slam_ws/install/ov_core/lib/pkgconfig/ov_core.pc'
[1.329s] Level 1:colcon.colcon_core.environment:checking '/home/subbu/slam_ws/install/ov_core/lib/python3.10/site-packages'
[1.329s] Level 1:colcon.colcon_core.environment:checking '/home/subbu/slam_ws/install/ov_core/bin'
[1.330s] INFO:colcon.colcon_core.shell:Creating package script '/home/subbu/slam_ws/install/ov_core/share/ov_core/package.ps1'
[1.330s] INFO:colcon.colcon_core.shell:Creating package descriptor '/home/subbu/slam_ws/install/ov_core/share/ov_core/package.dsv'
[1.331s] INFO:colcon.colcon_core.shell:Creating package script '/home/subbu/slam_ws/install/ov_core/share/ov_core/package.sh'
[1.332s] INFO:colcon.colcon_core.shell:Creating package script '/home/subbu/slam_ws/install/ov_core/share/ov_core/package.bash'
[1.333s] INFO:colcon.colcon_core.shell:Creating package script '/home/subbu/slam_ws/install/ov_core/share/ov_core/package.zsh'
[1.333s] Level 1:colcon.colcon_core.environment:create_file_with_runtime_dependencies(/home/subbu/slam_ws/install/ov_core/share/colcon-core/packages/ov_core)
[1.334s] INFO:colcon.colcon_ros.task.ament_cmake.build:Building ROS package in '/home/subbu/slam_ws/src/open_vins/ov_init' with build type 'ament_cmake'
[1.334s] INFO:colcon.colcon_cmake.task.cmake.build:Building CMake package in '/home/subbu/slam_ws/src/open_vins/ov_init'
[1.335s] INFO:colcon.colcon_core.shell:Skip shell extension 'powershell' for command environment: Not usable outside of PowerShell
[1.335s] DEBUG:colcon.colcon_core.shell:Skip shell extension 'dsv' for command environment
[1.340s] INFO:colcon.colcon_ros.task.ament_cmake.build:Building ROS package in '/home/subbu/slam_ws/src/open_vins/ov_eval' with build type 'ament_cmake'
[1.340s] INFO:colcon.colcon_cmake.task.cmake.build:Building CMake package in '/home/subbu/slam_ws/src/open_vins/ov_eval'
[1.340s] INFO:colcon.colcon_core.shell:Skip shell extension 'powershell' for command environment: Not usable outside of PowerShell
[1.341s] DEBUG:colcon.colcon_core.shell:Skip shell extension 'dsv' for command environment
[1.355s] DEBUG:colcon.colcon_core.event_handler.log_command:Invoking command in '/home/subbu/slam_ws/build/ov_init': AMENT_PREFIX_PATH=/home/subbu/slam_ws/install/ov_core:${AMENT_PREFIX_PATH} CMAKE_PREFIX_PATH=/home/subbu/slam_ws/install/ov_core:/opt/ros/humble LD_LIBRARY_PATH=/home/subbu/slam_ws/install/ov_core/lib:${LD_LIBRARY_PATH} /usr/bin/cmake --build /home/subbu/slam_ws/build/ov_init -- -j8 -l8
[1.362s] DEBUG:colcon.colcon_core.event_handler.log_command:Invoking command in '/home/subbu/slam_ws/build/ov_eval': AMENT_PREFIX_PATH=/home/subbu/slam_ws/install/ov_core:${AMENT_PREFIX_PATH} CMAKE_PREFIX_PATH=/home/subbu/slam_ws/install/ov_core:/opt/ros/humble LD_LIBRARY_PATH=/home/subbu/slam_ws/install/ov_core/lib:${LD_LIBRARY_PATH} /usr/bin/cmake --build /home/subbu/slam_ws/build/ov_eval -- -j8 -l8
[1.676s] DEBUG:colcon.colcon_core.event_handler.log_command:Invoked command in '/home/subbu/slam_ws/build/ov_init' returned '0': AMENT_PREFIX_PATH=/home/subbu/slam_ws/install/ov_core:${AMENT_PREFIX_PATH} CMAKE_PREFIX_PATH=/home/subbu/slam_ws/install/ov_core:/opt/ros/humble LD_LIBRARY_PATH=/home/subbu/slam_ws/install/ov_core/lib:${LD_LIBRARY_PATH} /usr/bin/cmake --build /home/subbu/slam_ws/build/ov_init -- -j8 -l8
[1.680s] DEBUG:colcon.colcon_core.event_handler.log_command:Invoking command in '/home/subbu/slam_ws/build/ov_init': AMENT_PREFIX_PATH=/home/subbu/slam_ws/install/ov_core:${AMENT_PREFIX_PATH} CMAKE_PREFIX_PATH=/home/subbu/slam_ws/install/ov_core:/opt/ros/humble LD_LIBRARY_PATH=/home/subbu/slam_ws/install/ov_core/lib:${LD_LIBRARY_PATH} /usr/bin/cmake --install /home/subbu/slam_ws/build/ov_init
[1.691s] DEBUG:colcon.colcon_core.event_handler.log_command:Invoked command in '/home/subbu/slam_ws/build/ov_eval' returned '0': AMENT_PREFIX_PATH=/home/subbu/slam_ws/install/ov_core:${AMENT_PREFIX_PATH} CMAKE_PREFIX_PATH=/home/subbu/slam_ws/install/ov_core:/opt/ros/humble LD_LIBRARY_PATH=/home/subbu/slam_ws/install/ov_core/lib:${LD_LIBRARY_PATH} /usr/bin/cmake --build /home/subbu/slam_ws/build/ov_eval -- -j8 -l8
[1.696s] DEBUG:colcon.colcon_core.event_handler.log_command:Invoking command in '/home/subbu/slam_ws/build/ov_eval': AMENT_PREFIX_PATH=/home/subbu/slam_ws/install/ov_core:${AMENT_PREFIX_PATH} CMAKE_PREFIX_PATH=/home/subbu/slam_ws/install/ov_core:/opt/ros/humble LD_LIBRARY_PATH=/home/subbu/slam_ws/install/ov_core/lib:${LD_LIBRARY_PATH} /usr/bin/cmake --install /home/subbu/slam_ws/build/ov_eval
[1.734s] Level 1:colcon.colcon_core.environment:create_environment_scripts_only(ov_init)
[1.735s] Level 1:colcon.colcon_core.environment:checking '/home/subbu/slam_ws/install/ov_init' for CMake module files
[1.736s] DEBUG:colcon.colcon_core.event_handler.log_command:Invoked command in '/home/subbu/slam_ws/build/ov_init' returned '0': AMENT_PREFIX_PATH=/home/subbu/slam_ws/install/ov_core:${AMENT_PREFIX_PATH} CMAKE_PREFIX_PATH=/home/subbu/slam_ws/install/ov_core:/opt/ros/humble LD_LIBRARY_PATH=/home/subbu/slam_ws/install/ov_core/lib:${LD_LIBRARY_PATH} /usr/bin/cmake --install /home/subbu/slam_ws/build/ov_init
[1.737s] Level 1:colcon.colcon_core.environment:checking '/home/subbu/slam_ws/install/ov_init' for CMake config files
[1.740s] Level 1:colcon.colcon_core.shell:create_environment_hook('ov_init', 'cmake_prefix_path')
[1.741s] INFO:colcon.colcon_core.shell:Creating environment hook '/home/subbu/slam_ws/install/ov_init/share/ov_init/hook/cmake_prefix_path.ps1'
[1.744s] INFO:colcon.colcon_core.shell:Creating environment descriptor '/home/subbu/slam_ws/install/ov_init/share/ov_init/hook/cmake_prefix_path.dsv'
[1.745s] INFO:colcon.colcon_core.shell:Creating environment hook '/home/subbu/slam_ws/install/ov_init/share/ov_init/hook/cmake_prefix_path.sh'
[1.749s] Level 1:colcon.colcon_core.environment:checking '/home/subbu/slam_ws/install/ov_init/lib'
[1.749s] Level 1:colcon.colcon_core.shell:create_environment_hook('ov_init', 'ld_library_path_lib')
[1.750s] INFO:colcon.colcon_core.shell:Creating environment hook '/home/subbu/slam_ws/install/ov_init/share/ov_init/hook/ld_library_path_lib.ps1'
[1.751s] INFO:colcon.colcon_core.shell:Creating environment descriptor '/home/subbu/slam_ws/install/ov_init/share/ov_init/hook/ld_library_path_lib.dsv'
[1.751s] INFO:colcon.colcon_core.shell:Creating environment hook '/home/subbu/slam_ws/install/ov_init/share/ov_init/hook/ld_library_path_lib.sh'
[1.752s] Level 1:colcon.colcon_core.environment:checking '/home/subbu/slam_ws/install/ov_init/bin'
[1.752s] Level 1:colcon.colcon_core.environment:checking '/home/subbu/slam_ws/install/ov_init/lib/pkgconfig/ov_init.pc'
[1.752s] Level 1:colcon.colcon_core.environment:checking '/home/subbu/slam_ws/install/ov_init/lib/python3.10/site-packages'
[1.753s] Level 1:colcon.colcon_core.environment:checking '/home/subbu/slam_ws/install/ov_init/bin'
[1.753s] INFO:colcon.colcon_core.shell:Creating package script '/home/subbu/slam_ws/install/ov_init/share/ov_init/package.ps1'
[1.754s] INFO:colcon.colcon_core.shell:Creating package descriptor '/home/subbu/slam_ws/install/ov_init/share/ov_init/package.dsv'
[1.755s] INFO:colcon.colcon_core.shell:Creating package script '/home/subbu/slam_ws/install/ov_init/share/ov_init/package.sh'
[1.755s] INFO:colcon.colcon_core.shell:Creating package script '/home/subbu/slam_ws/install/ov_init/share/ov_init/package.bash'
[1.756s] INFO:colcon.colcon_core.shell:Creating package script '/home/subbu/slam_ws/install/ov_init/share/ov_init/package.zsh'
[1.756s] Level 1:colcon.colcon_core.environment:create_file_with_runtime_dependencies(/home/subbu/slam_ws/install/ov_init/share/colcon-core/packages/ov_init)
[1.757s] Level 1:colcon.colcon_core.environment:create_environment_scripts_only(ov_init)
[1.758s] Level 1:colcon.colcon_core.environment:checking '/home/subbu/slam_ws/install/ov_init' for CMake module files
[1.758s] Level 1:colcon.colcon_core.environment:checking '/home/subbu/slam_ws/install/ov_init' for CMake config files
[1.759s] Level 1:colcon.colcon_core.shell:create_environment_hook('ov_init', 'cmake_prefix_path')
[1.759s] INFO:colcon.colcon_core.shell:Creating environment hook '/home/subbu/slam_ws/install/ov_init/share/ov_init/hook/cmake_prefix_path.ps1'
[1.760s] INFO:colcon.colcon_core.shell:Creating environment descriptor '/home/subbu/slam_ws/install/ov_init/share/ov_init/hook/cmake_prefix_path.dsv'
[1.760s] INFO:colcon.colcon_core.shell:Creating environment hook '/home/subbu/slam_ws/install/ov_init/share/ov_init/hook/cmake_prefix_path.sh'
[1.761s] Level 1:colcon.colcon_core.environment:checking '/home/subbu/slam_ws/install/ov_init/lib'
[1.761s] Level 1:colcon.colcon_core.shell:create_environment_hook('ov_init', 'ld_library_path_lib')
[1.761s] INFO:colcon.colcon_core.shell:Creating environment hook '/home/subbu/slam_ws/install/ov_init/share/ov_init/hook/ld_library_path_lib.ps1'
[1.762s] INFO:colcon.colcon_core.shell:Creating environment descriptor '/home/subbu/slam_ws/install/ov_init/share/ov_init/hook/ld_library_path_lib.dsv'
[1.763s] INFO:colcon.colcon_core.shell:Creating environment hook '/home/subbu/slam_ws/install/ov_init/share/ov_init/hook/ld_library_path_lib.sh'
[1.763s] Level 1:colcon.colcon_core.environment:checking '/home/subbu/slam_ws/install/ov_init/bin'
[1.763s] Level 1:colcon.colcon_core.environment:checking '/home/subbu/slam_ws/install/ov_init/lib/pkgconfig/ov_init.pc'
[1.764s] Level 1:colcon.colcon_core.environment:checking '/home/subbu/slam_ws/install/ov_init/lib/python3.10/site-packages'
[1.764s] Level 1:colcon.colcon_core.environment:checking '/home/subbu/slam_ws/install/ov_init/bin'
[1.765s] INFO:colcon.colcon_core.shell:Creating package script '/home/subbu/slam_ws/install/ov_init/share/ov_init/package.ps1'
[1.765s] INFO:colcon.colcon_core.shell:Creating package descriptor '/home/subbu/slam_ws/install/ov_init/share/ov_init/package.dsv'
[1.766s] INFO:colcon.colcon_core.shell:Creating package script '/home/subbu/slam_ws/install/ov_init/share/ov_init/package.sh'
[1.767s] INFO:colcon.colcon_core.shell:Creating package script '/home/subbu/slam_ws/install/ov_init/share/ov_init/package.bash'
[1.767s] INFO:colcon.colcon_core.shell:Creating package script '/home/subbu/slam_ws/install/ov_init/share/ov_init/package.zsh'
[1.768s] Level 1:colcon.colcon_core.environment:create_file_with_runtime_dependencies(/home/subbu/slam_ws/install/ov_init/share/colcon-core/packages/ov_init)
[1.769s] INFO:colcon.colcon_ros.task.ament_cmake.build:Building ROS package in '/home/subbu/slam_ws/src/open_vins/ov_msckf' with build type 'ament_cmake'
[1.769s] INFO:colcon.colcon_cmake.task.cmake.build:Building CMake package in '/home/subbu/slam_ws/src/open_vins/ov_msckf'
[1.769s] INFO:colcon.colcon_core.shell:Skip shell extension 'powershell' for command environment: Not usable outside of PowerShell
[1.769s] DEBUG:colcon.colcon_core.shell:Skip shell extension 'dsv' for command environment
[1.776s] Level 1:colcon.colcon_core.environment:create_environment_scripts_only(ov_eval)
[1.777s] Level 1:colcon.colcon_core.environment:checking '/home/subbu/slam_ws/install/ov_eval' for CMake module files
[1.778s] DEBUG:colcon.colcon_core.event_handler.log_command:Invoked command in '/home/subbu/slam_ws/build/ov_eval' returned '0': AMENT_PREFIX_PATH=/home/subbu/slam_ws/install/ov_core:${AMENT_PREFIX_PATH} CMAKE_PREFIX_PATH=/home/subbu/slam_ws/install/ov_core:/opt/ros/humble LD_LIBRARY_PATH=/home/subbu/slam_ws/install/ov_core/lib:${LD_LIBRARY_PATH} /usr/bin/cmake --install /home/subbu/slam_ws/build/ov_eval
[1.780s] Level 1:colcon.colcon_core.environment:checking '/home/subbu/slam_ws/install/ov_eval' for CMake config files
[1.782s] Level 1:colcon.colcon_core.shell:create_environment_hook('ov_eval', 'cmake_prefix_path')
[1.783s] INFO:colcon.colcon_core.shell:Creating environment hook '/home/subbu/slam_ws/install/ov_eval/share/ov_eval/hook/cmake_prefix_path.ps1'
[1.783s] INFO:colcon.colcon_core.shell:Creating environment descriptor '/home/subbu/slam_ws/install/ov_eval/share/ov_eval/hook/cmake_prefix_path.dsv'
[1.784s] INFO:colcon.colcon_core.shell:Creating environment hook '/home/subbu/slam_ws/install/ov_eval/share/ov_eval/hook/cmake_prefix_path.sh'
[1.785s] Level 1:colcon.colcon_core.environment:checking '/home/subbu/slam_ws/install/ov_eval/lib'
[1.785s] Level 1:colcon.colcon_core.shell:create_environment_hook('ov_eval', 'ld_library_path_lib')
[1.786s] INFO:colcon.colcon_core.shell:Creating environment hook '/home/subbu/slam_ws/install/ov_eval/share/ov_eval/hook/ld_library_path_lib.ps1'
[1.786s] INFO:colcon.colcon_core.shell:Creating environment descriptor '/home/subbu/slam_ws/install/ov_eval/share/ov_eval/hook/ld_library_path_lib.dsv'
[1.787s] INFO:colcon.colcon_core.shell:Creating environment hook '/home/subbu/slam_ws/install/ov_eval/share/ov_eval/hook/ld_library_path_lib.sh'
[1.787s] Level 1:colcon.colcon_core.environment:checking '/home/subbu/slam_ws/install/ov_eval/bin'
[1.787s] Level 1:colcon.colcon_core.environment:checking '/home/subbu/slam_ws/install/ov_eval/lib/pkgconfig/ov_eval.pc'
[1.788s] Level 1:colcon.colcon_core.environment:checking '/home/subbu/slam_ws/install/ov_eval/lib/python3.10/site-packages'
[1.788s] Level 1:colcon.colcon_core.environment:checking '/home/subbu/slam_ws/install/ov_eval/bin'
[1.789s] INFO:colcon.colcon_core.shell:Creating package script '/home/subbu/slam_ws/install/ov_eval/share/ov_eval/package.ps1'
[1.790s] INFO:colcon.colcon_core.shell:Creating package descriptor '/home/subbu/slam_ws/install/ov_eval/share/ov_eval/package.dsv'
[1.791s] INFO:colcon.colcon_core.shell:Creating package script '/home/subbu/slam_ws/install/ov_eval/share/ov_eval/package.sh'
[1.791s] INFO:colcon.colcon_core.shell:Creating package script '/home/subbu/slam_ws/install/ov_eval/share/ov_eval/package.bash'
[1.792s] INFO:colcon.colcon_core.shell:Creating package script '/home/subbu/slam_ws/install/ov_eval/share/ov_eval/package.zsh'
[1.792s] Level 1:colcon.colcon_core.environment:create_file_with_runtime_dependencies(/home/subbu/slam_ws/install/ov_eval/share/colcon-core/packages/ov_eval)
[1.793s] Level 1:colcon.colcon_core.environment:create_environment_scripts_only(ov_eval)
[1.794s] Level 1:colcon.colcon_core.environment:checking '/home/subbu/slam_ws/install/ov_eval' for CMake module files
[1.794s] Level 1:colcon.colcon_core.environment:checking '/home/subbu/slam_ws/install/ov_eval' for CMake config files
[1.795s] Level 1:colcon.colcon_core.shell:create_environment_hook('ov_eval', 'cmake_prefix_path')
[1.795s] INFO:colcon.colcon_core.shell:Creating environment hook '/home/subbu/slam_ws/install/ov_eval/share/ov_eval/hook/cmake_prefix_path.ps1'
[1.796s] INFO:colcon.colcon_core.shell:Creating environment descriptor '/home/subbu/slam_ws/install/ov_eval/share/ov_eval/hook/cmake_prefix_path.dsv'
[1.797s] INFO:colcon.colcon_core.shell:Creating environment hook '/home/subbu/slam_ws/install/ov_eval/share/ov_eval/hook/cmake_prefix_path.sh'
[1.798s] Level 1:colcon.colcon_core.environment:checking '/home/subbu/slam_ws/install/ov_eval/lib'
[1.798s] Level 1:colcon.colcon_core.shell:create_environment_hook('ov_eval', 'ld_library_path_lib')
[1.798s] INFO:colcon.colcon_core.shell:Creating environment hook '/home/subbu/slam_ws/install/ov_eval/share/ov_eval/hook/ld_library_path_lib.ps1'
[1.799s] INFO:colcon.colcon_core.shell:Creating environment descriptor '/home/subbu/slam_ws/install/ov_eval/share/ov_eval/hook/ld_library_path_lib.dsv'
[1.799s] INFO:colcon.colcon_core.shell:Creating environment hook '/home/subbu/slam_ws/install/ov_eval/share/ov_eval/hook/ld_library_path_lib.sh'
[1.800s] Level 1:colcon.colcon_core.environment:checking '/home/subbu/slam_ws/install/ov_eval/bin'
[1.800s] Level 1:colcon.colcon_core.environment:checking '/home/subbu/slam_ws/install/ov_eval/lib/pkgconfig/ov_eval.pc'
[1.800s] Level 1:colcon.colcon_core.environment:checking '/home/subbu/slam_ws/install/ov_eval/lib/python3.10/site-packages'
[1.801s] Level 1:colcon.colcon_core.environment:checking '/home/subbu/slam_ws/install/ov_eval/bin'
[1.801s] INFO:colcon.colcon_core.shell:Creating package script '/home/subbu/slam_ws/install/ov_eval/share/ov_eval/package.ps1'
[1.802s] INFO:colcon.colcon_core.shell:Creating package descriptor '/home/subbu/slam_ws/install/ov_eval/share/ov_eval/package.dsv'
[1.803s] INFO:colcon.colcon_core.shell:Creating package script '/home/subbu/slam_ws/install/ov_eval/share/ov_eval/package.sh'
[1.803s] INFO:colcon.colcon_core.shell:Creating package script '/home/subbu/slam_ws/install/ov_eval/share/ov_eval/package.bash'
[1.804s] INFO:colcon.colcon_core.shell:Creating package script '/home/subbu/slam_ws/install/ov_eval/share/ov_eval/package.zsh'
[1.805s] Level 1:colcon.colcon_core.environment:create_file_with_runtime_dependencies(/home/subbu/slam_ws/install/ov_eval/share/colcon-core/packages/ov_eval)
[1.807s] DEBUG:colcon.colcon_core.event_handler.log_command:Invoked command in '/home/subbu/slam_ws/build/challenge_tools_ros' returned '0': CMAKE_PREFIX_PATH=/opt/ros/humble /usr/bin/cmake --build /home/subbu/slam_ws/build/challenge_tools_ros -- -j8 -l8
[1.811s] DEBUG:colcon.colcon_core.event_handler.log_command:Invoking command in '/home/subbu/slam_ws/build/challenge_tools_ros': CMAKE_PREFIX_PATH=/opt/ros/humble /usr/bin/cmake --install /home/subbu/slam_ws/build/challenge_tools_ros
[1.817s] DEBUG:colcon.colcon_core.event_handler.log_command:Invoking command in '/home/subbu/slam_ws/build/ov_msckf': AMENT_PREFIX_PATH=/home/subbu/slam_ws/install/ov_init:/home/subbu/slam_ws/install/ov_core:${AMENT_PREFIX_PATH} CMAKE_PREFIX_PATH=/home/subbu/slam_ws/install/ov_init:/home/subbu/slam_ws/install/ov_core:/opt/ros/humble LD_LIBRARY_PATH=/home/subbu/slam_ws/install/ov_init/lib:/home/subbu/slam_ws/install/ov_core/lib:${LD_LIBRARY_PATH} /usr/bin/cmake --build /home/subbu/slam_ws/build/ov_msckf -- -j8 -l8
[1.950s] Level 1:colcon.colcon_core.environment:create_environment_scripts_only(challenge_tools_ros)
[1.951s] Level 1:colcon.colcon_core.environment:checking '/home/subbu/slam_ws/install/challenge_tools_ros' for CMake module files
[1.952s] DEBUG:colcon.colcon_core.event_handler.log_command:Invoked command in '/home/subbu/slam_ws/build/challenge_tools_ros' returned '0': CMAKE_PREFIX_PATH=/opt/ros/humble /usr/bin/cmake --install /home/subbu/slam_ws/build/challenge_tools_ros
[1.955s] Level 1:colcon.colcon_core.environment:checking '/home/subbu/slam_ws/install/challenge_tools_ros' for CMake config files
[1.968s] Level 1:colcon.colcon_core.shell:create_environment_hook('challenge_tools_ros', 'cmake_prefix_path')
[1.969s] INFO:colcon.colcon_core.shell:Creating environment hook '/home/subbu/slam_ws/install/challenge_tools_ros/share/challenge_tools_ros/hook/cmake_prefix_path.ps1'
[1.970s] INFO:colcon.colcon_core.shell:Creating environment descriptor '/home/subbu/slam_ws/install/challenge_tools_ros/share/challenge_tools_ros/hook/cmake_prefix_path.dsv'
[1.971s] INFO:colcon.colcon_core.shell:Creating environment hook '/home/subbu/slam_ws/install/challenge_tools_ros/share/challenge_tools_ros/hook/cmake_prefix_path.sh'
[1.972s] Level 1:colcon.colcon_core.environment:checking '/home/subbu/slam_ws/install/challenge_tools_ros/lib'
[1.972s] Level 1:colcon.colcon_core.environment:checking '/home/subbu/slam_ws/install/challenge_tools_ros/bin'
[1.973s] Level 1:colcon.colcon_core.environment:checking '/home/subbu/slam_ws/install/challenge_tools_ros/lib/pkgconfig/challenge_tools_ros.pc'
[1.973s] Level 1:colcon.colcon_core.environment:checking '/home/subbu/slam_ws/install/challenge_tools_ros/lib/python3.10/site-packages'
[1.974s] Level 1:colcon.colcon_core.environment:checking '/home/subbu/slam_ws/install/challenge_tools_ros/bin'
[1.975s] INFO:colcon.colcon_core.shell:Creating package script '/home/subbu/slam_ws/install/challenge_tools_ros/share/challenge_tools_ros/package.ps1'
[1.976s] INFO:colcon.colcon_core.shell:Creating package descriptor '/home/subbu/slam_ws/install/challenge_tools_ros/share/challenge_tools_ros/package.dsv'
[1.977s] INFO:colcon.colcon_core.shell:Creating package script '/home/subbu/slam_ws/install/challenge_tools_ros/share/challenge_tools_ros/package.sh'
[1.978s] INFO:colcon.colcon_core.shell:Creating package script '/home/subbu/slam_ws/install/challenge_tools_ros/share/challenge_tools_ros/package.bash'
[1.978s] INFO:colcon.colcon_core.shell:Creating package script '/home/subbu/slam_ws/install/challenge_tools_ros/share/challenge_tools_ros/package.zsh'
[1.979s] Level 1:colcon.colcon_core.environment:create_file_with_runtime_dependencies(/home/subbu/slam_ws/install/challenge_tools_ros/share/colcon-core/packages/challenge_tools_ros)
[1.981s] Level 1:colcon.colcon_core.environment:create_environment_scripts_only(challenge_tools_ros)
[1.981s] Level 1:colcon.colcon_core.environment:checking '/home/subbu/slam_ws/install/challenge_tools_ros' for CMake module files
[1.983s] Level 1:colcon.colcon_core.environment:checking '/home/subbu/slam_ws/install/challenge_tools_ros' for CMake config files
[1.985s] Level 1:colcon.colcon_core.shell:create_environment_hook('challenge_tools_ros', 'cmake_prefix_path')
[1.986s] INFO:colcon.colcon_core.shell:Creating environment hook '/home/subbu/slam_ws/install/challenge_tools_ros/share/challenge_tools_ros/hook/cmake_prefix_path.ps1'
[1.987s] INFO:colcon.colcon_core.shell:Creating environment descriptor '/home/subbu/slam_ws/install/challenge_tools_ros/share/challenge_tools_ros/hook/cmake_prefix_path.dsv'
[1.988s] INFO:colcon.colcon_core.shell:Creating environment hook '/home/subbu/slam_ws/install/challenge_tools_ros/share/challenge_tools_ros/hook/cmake_prefix_path.sh'
[1.989s] Level 1:colcon.colcon_core.environment:checking '/home/subbu/slam_ws/install/challenge_tools_ros/lib'
[1.989s] Level 1:colcon.colcon_core.environment:checking '/home/subbu/slam_ws/install/challenge_tools_ros/bin'
[1.989s] Level 1:colcon.colcon_core.environment:checking '/home/subbu/slam_ws/install/challenge_tools_ros/lib/pkgconfig/challenge_tools_ros.pc'
[1.990s] Level 1:colcon.colcon_core.environment:checking '/home/subbu/slam_ws/install/challenge_tools_ros/lib/python3.10/site-packages'
[1.991s] Level 1:colcon.colcon_core.environment:checking '/home/subbu/slam_ws/install/challenge_tools_ros/bin'
[1.992s] INFO:colcon.colcon_core.shell:Creating package script '/home/subbu/slam_ws/install/challenge_tools_ros/share/challenge_tools_ros/package.ps1'
[1.993s] INFO:colcon.colcon_core.shell:Creating package descriptor '/home/subbu/slam_ws/install/challenge_tools_ros/share/challenge_tools_ros/package.dsv'
[1.994s] INFO:colcon.colcon_core.shell:Creating package script '/home/subbu/slam_ws/install/challenge_tools_ros/share/challenge_tools_ros/package.sh'
[1.995s] INFO:colcon.colcon_core.shell:Creating package script '/home/subbu/slam_ws/install/challenge_tools_ros/share/challenge_tools_ros/package.bash'
[1.996s] INFO:colcon.colcon_core.shell:Creating package script '/home/subbu/slam_ws/install/challenge_tools_ros/share/challenge_tools_ros/package.zsh'
[1.997s] Level 1:colcon.colcon_core.environment:create_file_with_runtime_dependencies(/home/subbu/slam_ws/install/challenge_tools_ros/share/colcon-core/packages/challenge_tools_ros)
